# Blender 4.4.0
# www.blender.org
mtllib tri.mtl
o Cube.001
v 3.081070 0.507089 -0.515880
v -3.036867 1.482482 1.099500
v -2.994436 0.826292 -1.099500
v -3.036867 1.490430 -1.099500
v -3.036867 1.488443 -0.549750
v 3.092235 0.499188 -0.979643
v 3.053523 1.258231 -1.008885
v -3.036867 1.482482 1.099500
v -3.036867 1.490430 -1.099500
v 3.062172 1.264188 -1.015559
v -3.036867 1.486456 0.000000
v -2.994976 0.818833 0.000000
v 0.532299 1.997661 -0.667685
v -3.036867 1.488443 -0.549750
v 3.038800 0.518580 0.026238
v 3.105579 1.161098 0.055266
v -3.036867 1.486456 0.000000
v 3.048790 1.244041 0.000000
v 0.539204 1.995988 0.069939
v -3.033047 1.430636 -1.099500
v 3.097237 1.162037 -0.504513
v 3.042828 1.244041 -0.549750
v -0.383412 0.479869 -1.092277
v 2.714608 0.727552 -0.811172
v 2.744114 0.517081 -0.812479
v -1.252284 1.744045 -0.883592
v -0.887811 1.792662 0.042030
v 2.410725 1.432446 -0.991546
v 2.421393 1.432028 0.017485
v 1.861497 1.111115 -0.812479
v 1.563171 0.666669 -0.812479
v 1.569187 0.462118 -0.812479
v -0.391382 0.686032 -1.099500
v -1.223945 0.709899 -0.788974
v -1.217929 0.712844 -0.788974
v -2.363250 0.792282 -0.788974
v -1.490496 1.101965 -0.788974
v -2.113227 1.123625 -0.788974
v -0.385366 0.481480 -1.099500
v -0.391382 0.686032 -1.099500
v -1.216224 0.483573 -0.784718
v 1.569187 0.326786 -0.729275
v -0.385366 0.346148 -1.016296
v -0.382877 0.343966 -1.019950
v -1.222376 0.354392 -0.710833
v 1.569827 0.323137 -0.863117
v -0.714143 1.759543 -0.843907
v 0.486872 1.884989 -0.743888
v 1.969508 1.400182 -0.997958
v -0.706472 1.546743 -0.973749
v 0.516934 1.921163 -0.718760
v -0.819334 1.782290 -0.831212
v -0.826103 1.707791 -0.896153
v 2.228705 1.355807 -1.047192
v -0.838873 1.523320 -1.018667
v 3.045884 0.514663 -1.008711
v 3.060826 1.258670 -1.012297
v 3.105931 1.018909 0.046473
v 3.100410 1.055252 -0.505147
v 3.106333 1.172871 -0.987517
v 3.106793 1.051121 0.046473
v 3.075380 1.210134 -0.756699
v 3.087484 0.506899 -0.751344
v 3.052500 1.254114 -0.782655
v 3.104683 1.107171 -0.752357
v -3.033396 1.431125 0.000000
v 0.323898 1.490310 -0.983071
v 0.269817 1.862318 -0.761964
v 0.149708 1.499851 -0.981495
v 0.132323 1.847956 -0.773414
v 0.267083 1.367871 -1.054028
v 0.259426 0.679584 -1.099500
v 0.254208 1.463414 -1.022674
v 0.268858 1.364398 -1.050316
v 0.255301 0.475134 -1.099500
v -0.836631 0.700475 -1.099500
v -0.805763 0.481747 -1.093782
v -0.836577 0.698794 -1.099500
v -0.859263 1.407408 -1.067101
v -0.859335 1.409655 -1.069531
v 1.450853 0.463290 -1.099500
v 1.454343 1.323830 -1.037688
v 1.446194 0.667828 -1.099500
v 1.408119 1.400617 -1.039561
v 1.457195 1.319092 -1.032636
v 1.348578 1.434190 -0.992341
v 0.149708 1.499851 -0.981495
v 0.226563 1.495641 -0.982190
v -0.538040 1.294564 -1.069522
v -0.547885 1.235848 -1.066744
v -0.768021 1.251843 -1.066797
v -0.754101 1.309974 -1.071458
v 0.610819 1.259935 -1.051772
v 0.610968 1.203107 -1.047512
v 0.370646 1.209531 -1.053577
v 0.372998 1.266846 -1.055465
v 2.714608 0.727552 -1.238386
v 2.744114 0.517081 -1.239692
v 2.492957 1.127896 -0.855552
v 1.862246 1.111115 -1.238386
v 1.563171 0.666669 -1.239692
v 1.569187 0.462118 -1.239692
v 1.569187 0.326786 -1.156489
v -1.223945 0.709899 -1.275997
v -1.217929 0.712844 -1.275997
v -2.363250 0.792282 -1.275997
v -1.490496 1.101965 -1.275997
v -2.113227 1.123625 -1.275997
v -1.216224 0.483573 -1.271741
v -1.222376 0.354392 -1.197856
v -1.223945 0.709899 -1.275997
v -1.217929 0.712844 -1.275997
v -2.363250 0.792282 -1.275997
v -1.490496 1.101965 -1.275997
v -2.113227 1.123625 -1.275997
v -1.216224 0.483573 -1.271741
v -1.222376 0.354392 -1.197856
v -1.223945 0.709899 -1.275997
v -1.217929 0.712844 -1.275997
v -2.363250 0.792282 -1.275997
v -1.490496 1.101965 -1.275997
v -2.113227 1.123625 -1.275997
v -1.216224 0.483573 -1.271741
v -1.222376 0.354392 -1.197856
v 1.508655 0.667209 -1.099500
v 2.805330 0.515266 -1.080687
v 2.793052 0.752152 -1.080864
v 2.505645 1.161861 -1.055123
v 1.808529 1.180206 -1.076463
v -1.152573 0.710926 -1.100420
v -2.442669 0.796561 -1.099500
v -1.151050 0.483283 -1.095012
v -1.163327 0.353659 -1.021260
v -1.153848 0.707978 -1.099960
v -1.463027 1.198552 -1.089847
v -2.129569 1.210782 -1.095731
v 2.492957 1.127896 -1.282766
v 2.492957 1.127896 -1.142573
v 2.492957 1.127896 -1.282766
v -1.222376 0.354392 -1.197856
v -1.227415 0.349769 -0.720089
v 1.569187 0.296080 -1.156489
v -1.222376 0.323687 -1.197856
v 1.569187 0.296080 -1.156489
v -1.222376 0.323687 -1.197856
v 1.564501 0.161843 -1.073094
v -1.272101 0.173359 -1.129053
v -3.030674 0.370722 -1.099500
v -2.478907 0.340991 -1.099500
v -2.404514 0.334259 -1.099500
v -2.483932 0.338538 -1.099500
v -2.994520 0.825130 -0.928158
v -2.995060 0.817671 0.171342
v -2.994520 0.825130 -0.928158
v -2.995060 0.817671 0.171342
v -2.994436 0.826292 -1.099500
v -2.994520 0.825130 -0.928158
v -2.994520 0.825130 -0.928158
v -2.994778 0.821569 -0.403269
v -3.030674 0.370722 -1.099500
v -3.030759 0.369560 -0.928158
v -2.994520 0.825130 -0.928158
v -2.994778 0.821569 -0.403269
v -2.994520 0.825130 -0.928158
v -2.994778 0.821569 -0.403269
v -2.994520 0.825130 -0.928158
v -2.994778 0.821569 -0.403269
v -2.994778 0.821569 -0.403269
v -2.994520 0.825130 -0.928158
v -2.994778 0.821569 -0.403269
v -2.994520 0.825130 -0.928158
v -3.030759 0.369560 -0.928158
v -2.994520 0.825130 -0.928158
v -3.030759 0.369560 -0.928158
v -2.994877 0.820197 -0.201110
v -2.995077 0.817441 0.205120
v -2.995077 0.817441 0.205120
v -2.994877 0.820197 -0.201110
v -2.994520 0.825130 -0.928158
v -2.994861 0.820426 -0.234889
v -2.995077 0.817441 0.205120
v -2.994877 0.820197 -0.201110
v -2.994520 0.825130 -0.928158
v -2.995060 0.817671 0.171342
v -2.994520 0.825130 -0.928158
v -2.995060 0.817671 0.171342
v -2.994861 0.820426 -0.234889
v -2.995077 0.817441 0.205120
v -2.994877 0.820197 -0.201110
v -3.030759 0.369560 -0.928158
v -3.031099 0.364856 -0.234889
v -2.995077 0.817441 0.205120
v -2.994877 0.820197 -0.201110
v -3.031099 0.364856 -0.234889
v -3.031116 0.364627 -0.201110
v -3.031315 0.361871 0.205120
v -3.031116 0.364627 -0.201110
v -2.363250 0.792282 -1.099500
v -2.404514 0.334259 -1.099500
v -2.363250 0.792282 -1.099500
v -2.404514 0.334259 -1.099500
v -2.363250 0.792282 -1.099500
v -2.404514 0.334259 -1.099500
v -2.363250 0.792282 -1.275997
v -2.404514 0.334259 -1.275997
v -1.222376 0.354392 -1.197856
v -1.222376 0.323687 -1.197856
v 3.053875 0.521277 0.491657
v -3.036867 1.482482 -1.099500
v -2.994436 0.826292 1.099500
v -3.036867 1.490430 1.099500
v -3.036867 1.488443 0.549750
v 3.039541 0.508321 1.008711
v 3.053523 1.258231 1.008885
v -3.036867 1.482482 -1.099500
v -3.036867 1.490430 1.099500
v 3.062172 1.264188 1.015559
v 0.532299 1.997661 0.667685
v -3.036867 1.488443 0.549750
v 3.038800 0.518580 -0.026238
v 3.105579 1.161098 -0.055266
v 0.539204 1.995988 -0.069939
v -3.033047 1.430636 1.099500
v 3.097237 1.162037 0.504513
v 3.042828 1.244041 0.549750
v -0.383412 0.479869 1.092277
v 2.714608 0.727552 1.098193
v 2.744114 0.517081 1.099500
v -1.252284 1.744045 0.883592
v -0.887811 1.792662 -0.042030
v 2.410725 1.432446 0.991546
v 2.421393 1.432028 -0.017485
v 1.861497 1.111115 1.099500
v 1.563171 0.666669 1.099500
v 1.569187 0.462118 1.099500
v -0.391382 0.686032 1.099500
v -1.223945 0.709899 1.099500
v -1.217929 0.712844 1.099500
v -2.363250 0.792282 1.099500
v -1.490496 1.101965 1.099500
v -2.113227 1.123625 1.099500
v -0.385366 0.481480 1.099500
v -0.391382 0.686032 1.099500
v -1.216224 0.483573 1.095244
v 1.569187 0.326786 1.016296
v -0.385366 0.346148 1.016296
v -0.382877 0.343966 1.019950
v -1.222376 0.354392 1.021359
v 1.569827 0.323137 0.863117
v -0.714143 1.759543 0.843907
v 0.486872 1.884989 0.743888
v 1.969508 1.400182 0.997958
v -0.706472 1.546743 0.973749
v 0.516934 1.921163 0.718760
v -0.819334 1.782290 0.831212
v -0.826103 1.707791 0.896153
v 2.228705 1.355807 1.047192
v -0.838873 1.523320 1.018667
v 3.045884 0.514663 1.008711
v 3.060826 1.258670 1.012297
v 3.105931 1.018909 -0.046473
v 3.100410 1.055252 0.505147
v 3.051962 1.174483 1.008865
v 3.106793 1.051121 -0.046473
v 3.075380 1.210134 0.756699
v 3.058986 0.514596 0.755994
v 3.052500 1.254114 0.782655
v 3.076186 1.114867 0.757006
v 0.323898 1.490310 0.983071
v 0.269817 1.862318 0.761964
v 0.149708 1.499851 0.981495
v 0.132323 1.847956 0.773414
v 0.267083 1.367871 1.054028
v 0.259426 0.679584 1.099500
v 0.254208 1.463414 1.022674
v 0.268858 1.364398 1.050316
v 0.255301 0.475134 1.099500
v -0.836631 0.700475 1.099500
v -0.805763 0.481747 1.093782
v -0.836577 0.698794 1.099500
v -0.859263 1.407408 1.067101
v -0.859335 1.409655 1.069531
v 1.450853 0.463290 1.099500
v 1.454343 1.323830 1.037688
v 1.446194 0.667828 1.099500
v 1.408119 1.400617 1.039561
v 1.457195 1.319092 1.032636
v 1.348578 1.434190 0.992341
v 0.149708 1.499851 0.981495
v 0.226563 1.495641 0.982190
v -0.538040 1.294564 1.069522
v -0.547885 1.235848 1.066744
v -0.768021 1.251843 1.066797
v -0.754101 1.309974 1.071458
v 0.610819 1.259935 1.051772
v 0.610968 1.203107 1.047512
v 0.370646 1.209531 1.053577
v 0.372998 1.266846 1.055465
v 2.714608 0.727552 1.238386
v 2.744114 0.517081 1.239692
v 2.492957 1.127896 1.142573
v 1.862246 1.111115 1.238386
v 1.563171 0.666669 1.239692
v 1.569187 0.462118 1.239692
v 1.569187 0.326786 1.156489
v -1.223945 0.709899 1.275997
v -1.217929 0.712844 1.275997
v -2.363250 0.792282 1.275997
v -1.490496 1.101965 1.275997
v -2.113227 1.123625 1.275997
v -1.216224 0.483573 1.271741
v -1.222376 0.354392 1.197856
v -1.223945 0.709899 1.275997
v -1.217929 0.712844 1.275997
v -2.363250 0.792282 1.275997
v -1.490496 1.101965 1.275997
v -2.113227 1.123625 1.275997
v -1.216224 0.483573 1.271741
v -1.222376 0.354392 1.197856
v -1.223945 0.709899 1.275997
v -1.217929 0.712844 1.275997
v -2.363250 0.792282 1.275997
v -1.490496 1.101965 1.275997
v -2.113227 1.123625 1.275997
v -1.216224 0.483573 1.271741
v -1.222376 0.354392 1.197856
v 1.508655 0.667209 1.099500
v 2.805330 0.515266 1.080687
v 2.793052 0.752152 1.080864
v 2.505645 1.161861 1.055123
v 1.808529 1.180206 1.076463
v -1.152573 0.710926 1.100420
v -2.442669 0.796561 1.099500
v -1.151050 0.483283 1.095012
v -1.163327 0.353659 1.021260
v -1.153848 0.707978 1.099960
v -1.463027 1.198552 1.089847
v -2.129569 1.210782 1.095731
v 2.492957 1.127896 1.282766
v 2.492957 1.127896 1.142573
v 2.492957 1.127896 1.282766
v -1.222376 0.354392 1.197856
v -1.227415 0.349769 1.007110
v 1.569187 0.296080 1.156489
v -1.222376 0.323687 1.197856
v 1.569187 0.296080 1.156489
v -1.222376 0.323687 1.197856
v 1.564501 0.161843 1.073094
v -1.272101 0.173359 1.129053
v -3.030674 0.370722 1.099500
v -2.478907 0.340991 1.099500
v -2.404514 0.334259 1.099500
v -2.483932 0.338538 1.099500
v -2.994520 0.825130 0.928158
v -2.995060 0.817671 -0.171342
v -2.994520 0.825130 0.928158
v -2.995060 0.817671 -0.171342
v -2.994436 0.826292 1.099500
v -2.994520 0.825130 0.928158
v -2.994520 0.825130 0.928158
v -2.994778 0.821569 0.403269
v -3.030674 0.370722 1.099500
v -3.030759 0.369560 0.928158
v -2.994520 0.825130 0.928158
v -2.994778 0.821569 0.403269
v -2.994520 0.825130 0.928158
v -2.994778 0.821569 0.403269
v -2.994520 0.825130 0.928158
v -2.994778 0.821569 0.403269
v -2.994778 0.821569 0.403269
v -2.994520 0.825130 0.928158
v -2.994778 0.821569 0.403269
v -2.994520 0.825130 0.928158
v -3.030759 0.369560 0.928158
v -2.994520 0.825130 0.928158
v -3.030759 0.369560 0.928158
v -2.994877 0.820197 0.201110
v -2.995077 0.817441 -0.205120
v -2.995077 0.817441 -0.205120
v -2.994877 0.820197 0.201110
v -2.994520 0.825130 0.928158
v -2.994861 0.820426 0.234889
v -2.995077 0.817441 -0.205120
v -2.994877 0.820197 0.201110
v -2.994520 0.825130 0.928158
v -2.995060 0.817671 -0.171342
v -2.994520 0.825130 0.928158
v -2.995060 0.817671 -0.171342
v -2.994861 0.820426 0.234889
v -2.995077 0.817441 -0.205120
v -2.994877 0.820197 0.201110
v -3.030759 0.369560 0.928158
v -3.031099 0.364856 0.234889
v -2.995077 0.817441 -0.205120
v -2.994877 0.820197 0.201110
v -3.031099 0.364856 0.234889
v -3.031116 0.364627 0.201110
v -3.031315 0.361871 -0.205120
v -3.031116 0.364627 0.201110
v -2.363250 0.792282 1.099500
v -2.404514 0.334259 1.099500
v -2.363250 0.792282 1.099500
v -2.404514 0.334259 1.099500
v -2.363250 0.792282 1.099500
v -2.404514 0.334259 1.099500
v -2.363250 0.792282 1.275997
v -2.404514 0.334259 1.275997
v -1.222376 0.354392 1.197856
v -1.222376 0.323687 1.197856
v -1.222376 0.323687 -1.197856
v -1.222376 0.354392 -1.197856
v -1.222376 0.323687 -1.197856
v -1.222376 0.354392 -1.197856
v -1.222376 0.323687 -1.197856
v -1.272101 0.173359 -1.129053
v -1.222376 0.323687 1.197856
v -1.272101 0.173359 1.129053
v -1.222376 0.323687 -1.197856
v -1.272101 0.173359 -1.129053
v -3.028768 0.370619 -1.099500
v -2.477000 0.340888 -1.099500
v 3.094038 0.506705 -0.991963
v 2.859827 0.513650 -1.063940
v 3.133765 0.505527 0.979754
v 2.899554 0.512472 1.051731
v 3.039541 0.508321 1.008711
v 3.039878 0.526370 1.008715
v 3.094038 0.506705 -0.991963
v 3.039541 0.508321 1.008711
v 2.802901 0.515338 1.081434
v 1.569187 0.296080 1.156489
v 1.564501 0.161843 1.073094
v 1.569187 0.296080 -0.987539
v 1.564624 0.165372 -1.075287
v 1.569187 0.296080 -0.989099
v 1.564624 0.165372 -1.075287
v 1.569187 0.326786 -1.016296
v 1.569187 0.326786 -1.156489
v 1.569187 0.326786 -1.156489
v 1.569187 0.296080 -1.156489
v -1.222376 0.323687 1.063066
v 1.569187 0.296080 -1.153242
v 1.569189 0.296151 -1.153198
v -1.259159 0.173306 1.128797
v -1.222376 0.323687 1.197856
v -1.222376 0.354392 1.197856
v -1.222376 0.326608 1.197856
v -1.259102 0.173477 1.128720
v 3.081070 0.507089 0.515880
v -3.036867 1.482482 -1.099500
v -2.994436 0.826292 1.099500
v -3.036867 1.490430 1.099500
v -3.036867 1.488443 0.549750
v 3.093913 0.506708 0.987363
v 3.053523 1.258231 1.008885
v -3.036867 1.482482 -1.099500
v -3.036867 1.490430 1.099500
v 3.062172 1.264188 1.015559
v 0.532299 1.997661 0.667685
v -3.036867 1.488443 0.549750
v 3.038800 0.518580 -0.026238
v 3.105579 1.161098 -0.055266
v 0.539204 1.995988 -0.069939
v -3.033047 1.430636 1.099500
v 3.097237 1.162037 0.504513
v 3.042828 1.244041 0.549750
v -0.383412 0.479869 1.092277
v 2.714608 0.727552 0.811172
v 2.744114 0.517081 0.812479
v -1.252284 1.744045 0.883592
v -0.887811 1.792662 -0.042030
v 2.410725 1.432446 0.991546
v 2.421393 1.432028 -0.017485
v 1.861497 1.111115 0.812479
v 1.563171 0.666669 0.812479
v 1.569187 0.462118 0.812479
v -0.391382 0.686032 1.099500
v -1.223945 0.709899 0.788974
v -1.217929 0.712844 0.788974
v -2.363250 0.792282 0.788974
v -1.490496 1.101965 0.788974
v -2.113227 1.123625 0.788974
v -0.385366 0.481480 1.099500
v -0.391382 0.686032 1.099500
v -1.216224 0.483573 0.784718
v 1.569187 0.326786 0.729275
v -0.385366 0.346148 1.016296
v -0.382877 0.343966 1.019950
v -1.222376 0.354392 0.710833
v 1.569827 0.323137 0.863117
v -0.714143 1.759543 0.843907
v 0.486872 1.884989 0.743888
v 1.969508 1.400182 0.997958
v -0.706472 1.546743 0.973749
v 0.516934 1.921163 0.718760
v -0.819334 1.782290 0.831212
v -0.826103 1.707791 0.896153
v 2.228705 1.355807 1.047192
v -0.838873 1.523320 1.018667
v 3.045884 0.514663 1.008711
v 3.060826 1.258670 1.012297
v 3.105931 1.018909 -0.046473
v 3.100410 1.055252 0.505147
v 3.106333 1.172871 0.987517
v 3.106793 1.051121 -0.046473
v 3.075380 1.210134 0.756699
v 3.087484 0.506899 0.751344
v 3.052500 1.254114 0.782655
v 3.104683 1.107171 0.752357
v 0.323898 1.490310 0.983071
v 0.269817 1.862318 0.761964
v 0.149708 1.499851 0.981495
v 0.132323 1.847956 0.773414
v 0.267083 1.367871 1.054028
v 0.259426 0.679584 1.099500
v 0.254208 1.463414 1.022674
v 0.268858 1.364398 1.050316
v 0.255301 0.475134 1.099500
v -0.836631 0.700475 1.099500
v -0.805763 0.481747 1.093782
v -0.836577 0.698794 1.099500
v -0.859263 1.407408 1.067101
v -0.859335 1.409655 1.069531
v 1.450853 0.463290 1.099500
v 1.454343 1.323830 1.037688
v 1.446194 0.667828 1.099500
v 1.408119 1.400617 1.039561
v 1.457195 1.319092 1.032636
v 1.348578 1.434190 0.992341
v 0.149708 1.499851 0.981495
v 0.226563 1.495641 0.982190
v -0.538040 1.294564 1.069522
v -0.547885 1.235848 1.066744
v -0.768021 1.251843 1.066797
v -0.754101 1.309974 1.071458
v 0.610819 1.259935 1.051772
v 0.610968 1.203107 1.047512
v 0.370646 1.209531 1.053577
v 0.372998 1.266846 1.055465
v 2.714608 0.727552 1.238386
v 2.744114 0.517081 1.239692
v 2.492957 1.127896 0.855552
v 1.862246 1.111115 1.238386
v 1.563171 0.666669 1.239692
v 1.569187 0.462118 1.239692
v 1.569187 0.326786 1.156489
v -1.223945 0.709899 1.275997
v -1.217929 0.712844 1.275997
v -2.363250 0.792282 1.275997
v -1.490496 1.101965 1.275997
v -2.113227 1.123625 1.275997
v -1.216224 0.483573 1.271741
v -1.222376 0.354392 1.197856
v -1.223945 0.709899 1.275997
v -1.217929 0.712844 1.275997
v -2.363250 0.792282 1.275997
v -1.490496 1.101965 1.275997
v -2.113227 1.123625 1.275997
v -1.216224 0.483573 1.271741
v -1.222376 0.354392 1.197856
v -1.223945 0.709899 1.275997
v -1.217929 0.712844 1.275997
v -2.363250 0.792282 1.275997
v -1.490496 1.101965 1.275997
v -2.113227 1.123625 1.275997
v -1.216224 0.483573 1.271741
v -1.222376 0.354392 1.197856
v 1.508655 0.667209 1.099500
v 2.805330 0.515266 1.080687
v 2.793052 0.752152 1.080864
v 2.505645 1.161861 1.055123
v 1.808529 1.180206 1.076463
v -1.152573 0.710926 1.100420
v -2.442669 0.796561 1.099500
v -1.151050 0.483283 1.095012
v -1.163327 0.353659 1.021260
v -1.153848 0.707978 1.099960
v -1.463027 1.198552 1.089847
v -2.129569 1.210782 1.095731
v 2.492957 1.127896 1.282766
v 2.492957 1.127896 1.142573
v 2.492957 1.127896 1.282766
v -1.222376 0.354392 1.197856
v -1.227415 0.349769 0.720089
v 1.569187 0.296080 1.156489
v -1.222376 0.323687 1.197856
v 1.569187 0.296080 1.156489
v -1.222376 0.323687 1.197856
v 1.564501 0.161843 1.073094
v -1.272101 0.173359 1.129053
v -3.030674 0.370722 1.099500
v -2.478907 0.340991 1.099500
v -2.404514 0.334259 1.099500
v -2.483932 0.338538 1.099500
v -2.994520 0.825130 0.928158
v -2.995060 0.817671 -0.171342
v -2.994520 0.825130 0.928158
v -2.995060 0.817671 -0.171342
v -2.994436 0.826292 1.099500
v -2.994520 0.825130 0.928158
v -2.994520 0.825130 0.928158
v -2.994778 0.821569 0.403269
v -3.030674 0.370722 1.099500
v -3.030759 0.369560 0.928158
v -2.994520 0.825130 0.928158
v -2.994778 0.821569 0.403269
v -2.994520 0.825130 0.928158
v -2.994778 0.821569 0.403269
v -2.994520 0.825130 0.928158
v -2.994778 0.821569 0.403269
v -2.994778 0.821569 0.403269
v -2.994520 0.825130 0.928158
v -2.994778 0.821569 0.403269
v -2.994520 0.825130 0.928158
v -3.030759 0.369560 0.928158
v -2.994520 0.825130 0.928158
v -3.030759 0.369560 0.928158
v -2.994877 0.820197 0.201110
v -2.995077 0.817441 -0.205120
v -2.995077 0.817441 -0.205120
v -2.994877 0.820197 0.201110
v -2.994520 0.825130 0.928158
v -2.994861 0.820426 0.234889
v -2.995077 0.817441 -0.205120
v -2.994877 0.820197 0.201110
v -2.994520 0.825130 0.928158
v -2.995060 0.817671 -0.171342
v -2.994520 0.825130 0.928158
v -2.995060 0.817671 -0.171342
v -2.994861 0.820426 0.234889
v -2.995077 0.817441 -0.205120
v -2.994877 0.820197 0.201110
v -3.030759 0.369560 0.928158
v -3.031099 0.364856 0.234889
v -2.995077 0.817441 -0.205120
v -2.994877 0.820197 0.201110
v -3.031099 0.364856 0.234889
v -3.031116 0.364627 0.201110
v -3.031315 0.361871 -0.205120
v -3.031116 0.364627 0.201110
v -2.363250 0.792282 1.099500
v -2.404514 0.334259 1.099500
v -2.363250 0.792282 1.099500
v -2.404514 0.334259 1.099500
v -2.363250 0.792282 1.099500
v -2.404514 0.334259 1.099500
v -2.363250 0.792282 1.275997
v -2.404514 0.334259 1.275997
v -1.222376 0.354392 1.197856
v -1.222376 0.323687 1.197856
v 3.053875 0.521277 -0.491657
v -3.036867 1.482482 1.099500
v -2.994436 0.826292 -1.099500
v -3.036867 1.490430 -1.099500
v -3.036867 1.488443 -0.549750
v 3.039541 0.508321 -1.008711
v 3.053523 1.258231 -1.008885
v -3.036867 1.482482 1.099500
v -3.036867 1.490430 -1.099500
v 3.062172 1.264188 -1.015559
v 0.532299 1.997661 -0.667685
v -3.036867 1.488443 -0.549750
v 3.038800 0.518580 0.026238
v 3.105579 1.161098 0.055266
v 0.539204 1.995988 0.069939
v -3.033047 1.430636 -1.099500
v 3.097237 1.162037 -0.504513
v 3.042828 1.244041 -0.549750
v -0.383412 0.479869 -1.092277
v 2.714608 0.727552 -1.098193
v 2.744114 0.517081 -1.099500
v -1.252284 1.744045 -0.883592
v -0.887811 1.792662 0.042030
v 2.410725 1.432446 -0.991546
v 2.421393 1.432028 0.017485
v 1.861497 1.111115 -1.099500
v 1.563171 0.666669 -1.099500
v 1.569187 0.462118 -1.099500
v -0.391382 0.686032 -1.099500
v -1.223945 0.709899 -1.099500
v -1.217929 0.712844 -1.099500
v -2.363250 0.792282 -1.099500
v -1.490496 1.101965 -1.099500
v -2.113227 1.123625 -1.099500
v -0.385366 0.481480 -1.099500
v -0.391382 0.686032 -1.099500
v -1.216224 0.483573 -1.095244
v 1.569187 0.326786 -1.016296
v -0.385366 0.346148 -1.016296
v -0.382877 0.343966 -1.019950
v -1.222376 0.354392 -1.021359
v 1.569827 0.323137 -0.863117
v -0.714143 1.759543 -0.843907
v 0.486872 1.884989 -0.743888
v 1.969508 1.400182 -0.997958
v -0.706472 1.546743 -0.973749
v 0.516934 1.921163 -0.718760
v -0.819334 1.782290 -0.831212
v -0.826103 1.707791 -0.896153
v 2.228705 1.355807 -1.047192
v -0.838873 1.523320 -1.018667
v 3.045884 0.514663 -1.008711
v 3.060826 1.258670 -1.012297
v 3.105931 1.018909 0.046473
v 3.100410 1.055252 -0.505147
v 3.051962 1.174483 -1.008865
v 3.106793 1.051121 0.046473
v 3.075380 1.210134 -0.756699
v 3.058986 0.514596 -0.755994
v 3.052500 1.254114 -0.782655
v 3.076186 1.114867 -0.757006
v 0.323898 1.490310 -0.983071
v 0.269817 1.862318 -0.761964
v 0.149708 1.499851 -0.981495
v 0.132323 1.847956 -0.773414
v 0.267083 1.367871 -1.054028
v 0.259426 0.679584 -1.099500
v 0.254208 1.463414 -1.022674
v 0.268858 1.364398 -1.050316
v 0.255301 0.475134 -1.099500
v -0.836631 0.700475 -1.099500
v -0.805763 0.481747 -1.093782
v -0.836577 0.698794 -1.099500
v -0.859263 1.407408 -1.067101
v -0.859335 1.409655 -1.069531
v 1.450853 0.463290 -1.099500
v 1.454343 1.323830 -1.037688
v 1.446194 0.667828 -1.099500
v 1.408119 1.400617 -1.039561
v 1.457195 1.319092 -1.032636
v 1.348578 1.434190 -0.992341
v 0.149708 1.499851 -0.981495
v 0.226563 1.495641 -0.982190
v -0.538040 1.294564 -1.069522
v -0.547885 1.235848 -1.066744
v -0.768021 1.251843 -1.066797
v -0.754101 1.309974 -1.071458
v 0.610819 1.259935 -1.051772
v 0.610968 1.203107 -1.047512
v 0.370646 1.209531 -1.053577
v 0.372998 1.266846 -1.055465
v 2.714608 0.727552 -1.238386
v 2.744114 0.517081 -1.239692
v 2.492957 1.127896 -1.142573
v 1.862246 1.111115 -1.238386
v 1.563171 0.666669 -1.239692
v 1.569187 0.462118 -1.239692
v 1.569187 0.326786 -1.156489
v -1.223945 0.709899 -1.275997
v -1.217929 0.712844 -1.275997
v -2.363250 0.792282 -1.275997
v -1.490496 1.101965 -1.275997
v -2.113227 1.123625 -1.275997
v -1.216224 0.483573 -1.271741
v -1.222376 0.354392 -1.197856
v -1.223945 0.709899 -1.275997
v -1.217929 0.712844 -1.275997
v -2.363250 0.792282 -1.275997
v -1.490496 1.101965 -1.275997
v -2.113227 1.123625 -1.275997
v -1.216224 0.483573 -1.271741
v -1.222376 0.354392 -1.197856
v -1.223945 0.709899 -1.275997
v -1.217929 0.712844 -1.275997
v -2.363250 0.792282 -1.275997
v -1.490496 1.101965 -1.275997
v -2.113227 1.123625 -1.275997
v -1.216224 0.483573 -1.271741
v -1.222376 0.354392 -1.197856
v 1.508655 0.667209 -1.099500
v 2.805330 0.515266 -1.080687
v 2.793052 0.752152 -1.080864
v 2.505645 1.161861 -1.055123
v 1.808529 1.180206 -1.076463
v -1.152573 0.710926 -1.100420
v -2.442669 0.796561 -1.099500
v -1.151050 0.483283 -1.095012
v -1.163327 0.353659 -1.021260
v -1.153848 0.707978 -1.099960
v -1.463027 1.198552 -1.089847
v -2.129569 1.210782 -1.095731
v 2.492957 1.127896 -1.282766
v 2.492957 1.127896 -1.142573
v 2.492957 1.127896 -1.282766
v -1.222376 0.354392 -1.197856
v -1.227415 0.349769 -1.007110
v 1.569187 0.296080 -1.156489
v -1.222376 0.323687 -1.197856
v 1.569187 0.296080 -1.156489
v -1.222376 0.323687 -1.197856
v 1.564501 0.161843 -1.073094
v -1.272101 0.173359 -1.129053
v -3.030674 0.370722 -1.099500
v -2.478907 0.340991 -1.099500
v -2.404514 0.334259 -1.099500
v -2.483932 0.338538 -1.099500
v -2.994520 0.825130 -0.928158
v -2.995060 0.817671 0.171342
v -2.994520 0.825130 -0.928158
v -2.995060 0.817671 0.171342
v -2.994436 0.826292 -1.099500
v -2.994520 0.825130 -0.928158
v -2.994520 0.825130 -0.928158
v -2.994778 0.821569 -0.403269
v -3.030674 0.370722 -1.099500
v -3.030759 0.369560 -0.928158
v -2.994520 0.825130 -0.928158
v -2.994778 0.821569 -0.403269
v -2.994520 0.825130 -0.928158
v -2.994778 0.821569 -0.403269
v -2.994520 0.825130 -0.928158
v -2.994778 0.821569 -0.403269
v -2.994778 0.821569 -0.403269
v -2.994520 0.825130 -0.928158
v -2.994778 0.821569 -0.403269
v -2.994520 0.825130 -0.928158
v -3.030759 0.369560 -0.928158
v -2.994520 0.825130 -0.928158
v -3.030759 0.369560 -0.928158
v -2.994877 0.820197 -0.201110
v -2.995077 0.817441 0.205120
v -2.995077 0.817441 0.205120
v -2.994877 0.820197 -0.201110
v -2.994520 0.825130 -0.928158
v -2.994861 0.820426 -0.234889
v -2.995077 0.817441 0.205120
v -2.994877 0.820197 -0.201110
v -2.994520 0.825130 -0.928158
v -2.995060 0.817671 0.171342
v -2.994520 0.825130 -0.928158
v -2.995060 0.817671 0.171342
v -2.994861 0.820426 -0.234889
v -2.995077 0.817441 0.205120
v -2.994877 0.820197 -0.201110
v -3.030759 0.369560 -0.928158
v -3.031099 0.364856 -0.234889
v -2.995077 0.817441 0.205120
v -2.994877 0.820197 -0.201110
v -3.031099 0.364856 -0.234889
v -3.031116 0.364627 -0.201110
v -3.031315 0.361871 0.205120
v -3.031116 0.364627 -0.201110
v -2.363250 0.792282 -1.099500
v -2.404514 0.334259 -1.099500
v -2.363250 0.792282 -1.099500
v -2.404514 0.334259 -1.099500
v -2.363250 0.792282 -1.099500
v -2.404514 0.334259 -1.099500
v -2.363250 0.792282 -1.275997
v -2.404514 0.334259 -1.275997
v -1.222376 0.354392 -1.197856
v -1.222376 0.323687 -1.197856
v -1.222376 0.323687 1.197856
v -1.222376 0.354392 1.197856
v -1.222376 0.323687 1.197856
v -1.222376 0.354392 1.197856
v -1.222376 0.323687 1.197856
v -1.272101 0.173359 1.129053
v -1.222376 0.323687 -1.197856
v -1.272101 0.173359 -1.129053
v -1.222376 0.323687 1.197856
v -1.272101 0.173359 1.129053
v -3.028768 0.370619 1.099500
v -2.477000 0.340888 1.099500
v 3.094038 0.506705 0.991963
v 2.859827 0.513650 1.063940
v 2.899554 0.512472 -1.051731
v 3.039541 0.508321 -1.008711
v 3.094038 0.506705 -0.991963
v 3.094038 0.506705 0.991963
v 3.039541 0.508321 -1.008711
v 2.802901 0.515338 -1.081434
v 1.569187 0.296080 -1.156489
v 1.564501 0.161843 -1.073094
v 1.569187 0.296080 0.987539
v 1.564624 0.165372 1.075287
v 1.569187 0.296080 0.989099
v 1.564624 0.165372 1.075287
v 1.569187 0.326786 1.016296
v 1.569187 0.326786 1.156489
v 1.569187 0.326786 1.156489
v 1.569187 0.296080 1.156489
v -1.222376 0.323687 -1.063066
v 1.569187 0.296080 1.153242
v 1.569189 0.296151 1.153198
v -1.259159 0.173306 -1.128797
v -1.222376 0.323687 -1.197856
v -1.222376 0.354392 -1.197856
v -1.222376 0.326608 -1.197856
v -1.259102 0.173477 -1.128720
v -3.030674 0.370722 -1.099500
v -2.478907 0.340991 -1.099500
v -3.030674 0.370722 -1.099500
v -2.478907 0.340991 -1.099500
v -2.976643 0.184612 -1.099500
v -2.424875 0.154882 -1.099500
v 3.052944 0.335333 -0.974148
v 2.802901 0.515338 -1.081434
v 2.899554 0.512472 -1.051731
v 2.764361 0.343890 -1.067473
v 2.744114 0.517081 -1.239692
v 2.703146 0.345706 -1.226478
v 2.805330 0.515266 -1.080687
v 3.081070 0.507089 0.515880
v -3.036867 1.482482 -1.099500
v -2.994436 0.826292 1.099500
v -3.036867 1.490430 1.099500
v -3.036867 1.488443 0.549750
v 3.093913 0.506708 0.987363
v 3.053523 1.258231 1.008885
v -3.036867 1.482482 -1.099500
v -3.036867 1.490430 1.099500
v 3.062172 1.264188 1.015559
v 0.532299 1.997661 0.667685
v -3.036867 1.488443 0.549750
v 3.038800 0.518580 -0.026238
v 3.105579 1.161098 -0.055266
v 0.539204 1.995988 -0.069939
v -3.033047 1.430636 1.099500
v 3.097237 1.162037 0.504513
v 3.042828 1.244041 0.549750
v -0.383412 0.479869 1.092277
v 2.714608 0.727552 0.811172
v 2.744114 0.517081 0.812479
v -1.252284 1.744045 0.883592
v -0.887811 1.792662 -0.042030
v 2.410725 1.432446 0.991546
v 2.421393 1.432028 -0.017485
v 1.861497 1.111115 0.812479
v 1.563171 0.666669 0.812479
v 1.569187 0.462118 0.812479
v -0.391382 0.686032 1.099500
v -1.223945 0.709899 0.788974
v -1.217929 0.712844 0.788974
v -2.363250 0.792282 0.788974
v -1.490496 1.101965 0.788974
v -2.113227 1.123625 0.788974
v -0.385366 0.481480 1.099500
v -0.391382 0.686032 1.099500
v -1.216224 0.483573 0.784718
v 1.569187 0.326786 0.729275
v -0.385366 0.346148 1.016296
v -0.382877 0.343966 1.019950
v -1.222376 0.354392 0.710833
v 1.569827 0.323137 0.863117
v -0.714143 1.759543 0.843907
v 0.486872 1.884989 0.743888
v 1.969508 1.400182 0.997958
v -0.706472 1.546743 0.973749
v 0.516934 1.921163 0.718760
v -0.819334 1.782290 0.831212
v -0.826103 1.707791 0.896153
v 2.228705 1.355807 1.047192
v -0.838873 1.523320 1.018667
v 3.045884 0.514663 1.008711
v 3.060826 1.258670 1.012297
v 3.105931 1.018909 -0.046473
v 3.100410 1.055252 0.505147
v 3.106333 1.172871 0.987517
v 3.106793 1.051121 -0.046473
v 3.075380 1.210134 0.756699
v 3.087484 0.506899 0.751344
v 3.052500 1.254114 0.782655
v 3.104683 1.107171 0.752357
v 0.323898 1.490310 0.983071
v 0.269817 1.862318 0.761964
v 0.149708 1.499851 0.981495
v 0.132323 1.847956 0.773414
v 0.267083 1.367871 1.054028
v 0.259426 0.679584 1.099500
v 0.254208 1.463414 1.022674
v 0.268858 1.364398 1.050316
v 0.255301 0.475134 1.099500
v -0.836631 0.700475 1.099500
v -0.805763 0.481747 1.093782
v -0.836577 0.698794 1.099500
v -0.859263 1.407408 1.067101
v -0.859335 1.409655 1.069531
v 1.450853 0.463290 1.099500
v 1.454343 1.323830 1.037688
v 1.446194 0.667828 1.099500
v 1.408119 1.400617 1.039561
v 1.457195 1.319092 1.032636
v 1.348578 1.434190 0.992341
v 0.149708 1.499851 0.981495
v 0.226563 1.495641 0.982190
v -0.538040 1.294564 1.069522
v -0.547885 1.235848 1.066744
v -0.768021 1.251843 1.066797
v -0.754101 1.309974 1.071458
v 0.610819 1.259935 1.051772
v 0.610968 1.203107 1.047512
v 0.370646 1.209531 1.053577
v 0.372998 1.266846 1.055465
v 2.714608 0.727552 1.238386
v 2.744114 0.517081 1.239692
v 2.492957 1.127896 0.855552
v 1.862246 1.111115 1.238386
v 1.563171 0.666669 1.239692
v 1.569187 0.462118 1.239692
v 1.569187 0.326786 1.156489
v -1.223945 0.709899 1.275997
v -1.217929 0.712844 1.275997
v -2.363250 0.792282 1.275997
v -1.490496 1.101965 1.275997
v -2.113227 1.123625 1.275997
v -1.216224 0.483573 1.271741
v -1.222376 0.354392 1.197856
v -1.223945 0.709899 1.275997
v -1.217929 0.712844 1.275997
v -2.363250 0.792282 1.275997
v -1.490496 1.101965 1.275997
v -2.113227 1.123625 1.275997
v -1.216224 0.483573 1.271741
v -1.222376 0.354392 1.197856
v -1.223945 0.709899 1.275997
v -1.217929 0.712844 1.275997
v -2.363250 0.792282 1.275997
v -1.490496 1.101965 1.275997
v -2.113227 1.123625 1.275997
v -1.216224 0.483573 1.271741
v -1.222376 0.354392 1.197856
v 1.508655 0.667209 1.099500
v 2.805330 0.515266 1.080687
v 2.793052 0.752152 1.080864
v 2.505645 1.161861 1.055123
v 1.808529 1.180206 1.076463
v -1.152573 0.710926 1.100420
v -2.442669 0.796561 1.099500
v -1.151050 0.483283 1.095012
v -1.163327 0.353659 1.021260
v -1.153848 0.707978 1.099960
v -1.463027 1.198552 1.089847
v -2.129569 1.210782 1.095731
v 2.492957 1.127896 1.282766
v 2.492957 1.127896 1.142573
v 2.492957 1.127896 1.282766
v -1.222376 0.354392 1.197856
v -1.227415 0.349769 0.720089
v 1.569187 0.296080 1.156489
v -1.222376 0.323687 1.197856
v 1.569187 0.296080 1.156489
v -1.222376 0.323687 1.197856
v 1.564501 0.161843 1.073094
v -1.272101 0.173359 1.129053
v -3.030674 0.370722 1.099500
v -2.478907 0.340991 1.099500
v -2.404514 0.334259 1.099500
v -2.483932 0.338538 1.099500
v -2.994520 0.825130 0.928158
v -2.995060 0.817671 -0.171342
v -2.994520 0.825130 0.928158
v -2.995060 0.817671 -0.171342
v -2.994436 0.826292 1.099500
v -2.994520 0.825130 0.928158
v -2.994520 0.825130 0.928158
v -2.994778 0.821569 0.403269
v -3.030674 0.370722 1.099500
v -3.030759 0.369560 0.928158
v -2.994520 0.825130 0.928158
v -2.994778 0.821569 0.403269
v -2.994520 0.825130 0.928158
v -2.994778 0.821569 0.403269
v -2.994520 0.825130 0.928158
v -2.994778 0.821569 0.403269
v -2.994778 0.821569 0.403269
v -2.994520 0.825130 0.928158
v -2.994778 0.821569 0.403269
v -2.994520 0.825130 0.928158
v -3.030759 0.369560 0.928158
v -2.994520 0.825130 0.928158
v -3.030759 0.369560 0.928158
v -2.994877 0.820197 0.201110
v -2.995077 0.817441 -0.205120
v -2.995077 0.817441 -0.205120
v -2.994877 0.820197 0.201110
v -2.994520 0.825130 0.928158
v -2.994861 0.820426 0.234889
v -2.995077 0.817441 -0.205120
v -2.994877 0.820197 0.201110
v -2.994520 0.825130 0.928158
v -2.995060 0.817671 -0.171342
v -2.994520 0.825130 0.928158
v -2.995060 0.817671 -0.171342
v -2.994861 0.820426 0.234889
v -2.995077 0.817441 -0.205120
v -2.994877 0.820197 0.201110
v -3.030759 0.369560 0.928158
v -3.031099 0.364856 0.234889
v -2.995077 0.817441 -0.205120
v -2.994877 0.820197 0.201110
v -3.031099 0.364856 0.234889
v -3.031116 0.364627 0.201110
v -3.031315 0.361871 -0.205120
v -3.031116 0.364627 0.201110
v -2.363250 0.792282 1.099500
v -2.404514 0.334259 1.099500
v -2.363250 0.792282 1.099500
v -2.404514 0.334259 1.099500
v -2.363250 0.792282 1.099500
v -2.404514 0.334259 1.099500
v -2.363250 0.792282 1.275997
v -2.404514 0.334259 1.275997
v -1.222376 0.354392 1.197856
v -1.222376 0.323687 1.197856
v 3.053875 0.521277 -0.491657
v -3.036867 1.482482 1.099500
v -2.994436 0.826292 -1.099500
v -3.036867 1.490430 -1.099500
v -3.036867 1.488443 -0.549750
v 3.039541 0.508321 -1.008711
v 3.053523 1.258231 -1.008885
v -3.036867 1.482482 1.099500
v -3.036867 1.490430 -1.099500
v 3.062172 1.264188 -1.015559
v 0.532299 1.997661 -0.667685
v -3.036867 1.488443 -0.549750
v 3.038800 0.518580 0.026238
v 3.105579 1.161098 0.055266
v 0.539204 1.995988 0.069939
v -3.033047 1.430636 -1.099500
v 3.097237 1.162037 -0.504513
v 3.042828 1.244041 -0.549750
v -0.383412 0.479869 -1.092277
v 2.714608 0.727552 -1.098193
v 2.744114 0.517081 -1.099500
v -1.252284 1.744045 -0.883592
v -0.887811 1.792662 0.042030
v 2.410725 1.432446 -0.991546
v 2.421393 1.432028 0.017485
v 1.861497 1.111115 -1.099500
v 1.563171 0.666669 -1.099500
v 1.569187 0.462118 -1.099500
v -0.391382 0.686032 -1.099500
v -1.223945 0.709899 -1.099500
v -1.217929 0.712844 -1.099500
v -2.363250 0.792282 -1.099500
v -1.490496 1.101965 -1.099500
v -2.113227 1.123625 -1.099500
v -0.385366 0.481480 -1.099500
v -0.391382 0.686032 -1.099500
v -1.216224 0.483573 -1.095244
v 1.569187 0.326786 -1.016296
v -0.385366 0.346148 -1.016296
v -0.382877 0.343966 -1.019950
v 1.569827 0.323137 -0.863117
v -0.714143 1.759543 -0.843907
v 0.486872 1.884989 -0.743888
v 1.969508 1.400182 -0.997958
v -0.706472 1.546743 -0.973749
v 0.516934 1.921163 -0.718760
v -0.819334 1.782290 -0.831212
v -0.826103 1.707791 -0.896153
v 2.228705 1.355807 -1.047192
v -0.838873 1.523320 -1.018667
v 3.045884 0.514663 -1.008711
v 3.060826 1.258670 -1.012297
v 3.105931 1.018909 0.046473
v 3.100410 1.055252 -0.505147
v 3.051962 1.174483 -1.008865
v 3.106793 1.051121 0.046473
v 3.075380 1.210134 -0.756699
v 3.058986 0.514596 -0.755994
v 3.052500 1.254114 -0.782655
v 3.076186 1.114867 -0.757006
v 0.323898 1.490310 -0.983071
v 0.269817 1.862318 -0.761964
v 0.149708 1.499851 -0.981495
v 0.132323 1.847956 -0.773414
v 0.267083 1.367871 -1.054028
v 0.259426 0.679584 -1.099500
v 0.254208 1.463414 -1.022674
v 0.268858 1.364398 -1.050316
v 0.255301 0.475134 -1.099500
v -0.836631 0.700475 -1.099500
v -0.805763 0.481747 -1.093782
v -0.836577 0.698794 -1.099500
v -0.859263 1.407408 -1.067101
v -0.859335 1.409655 -1.069531
v 1.450853 0.463290 -1.099500
v 1.454343 1.323830 -1.037688
v 1.446194 0.667828 -1.099500
v 1.408119 1.400617 -1.039561
v 1.457195 1.319092 -1.032636
v 1.348578 1.434190 -0.992341
v 0.149708 1.499851 -0.981495
v 0.226563 1.495641 -0.982190
v -0.538040 1.294564 -1.069522
v -0.547885 1.235848 -1.066744
v -0.768021 1.251843 -1.066797
v -0.754101 1.309974 -1.071458
v 0.610819 1.259935 -1.051772
v 0.610968 1.203107 -1.047512
v 0.370646 1.209531 -1.053577
v 0.372998 1.266846 -1.055465
v 2.714608 0.727552 -1.238386
v 2.744114 0.517081 -1.239692
v 2.492957 1.127896 -1.142573
v 1.862246 1.111115 -1.238386
v 1.563171 0.666669 -1.239692
v 1.569187 0.462118 -1.239692
v 1.569187 0.326786 -1.156489
v -1.223945 0.709899 -1.275997
v -1.217929 0.712844 -1.275997
v -2.363250 0.792282 -1.275997
v -1.490496 1.101965 -1.275997
v -2.113227 1.123625 -1.275997
v -1.216224 0.483573 -1.271741
v -1.222376 0.354392 -1.197856
v -1.223945 0.709899 -1.275997
v -1.217929 0.712844 -1.275997
v -2.363250 0.792282 -1.275997
v -1.490496 1.101965 -1.275997
v -2.113227 1.123625 -1.275997
v -1.216224 0.483573 -1.271741
v -1.222376 0.354392 -1.197856
v -1.223945 0.709899 -1.275997
v -1.217929 0.712844 -1.275997
v -2.363250 0.792282 -1.275997
v -1.490496 1.101965 -1.275997
v -2.113227 1.123625 -1.275997
v -1.216224 0.483573 -1.271741
v -1.222376 0.354392 -1.197856
v 1.508655 0.667209 -1.099500
v 2.805330 0.515266 -1.080687
v 2.793052 0.752152 -1.080864
v 2.505645 1.161861 -1.055123
v 1.808529 1.180206 -1.076463
v -1.152573 0.710926 -1.100420
v -2.442669 0.796561 -1.099500
v -1.151050 0.483283 -1.095012
v -1.163327 0.353659 -1.021260
v -1.153848 0.707978 -1.099960
v -1.463027 1.198552 -1.089847
v -2.129569 1.210782 -1.095731
v 2.492957 1.127896 -1.282766
v 2.492957 1.127896 -1.142573
v 2.492957 1.127896 -1.282766
v -1.222376 0.354392 -1.197856
v -1.227415 0.349769 -1.007110
v 1.569187 0.296080 -1.156489
v -1.222376 0.323687 -1.197856
v 1.569187 0.296080 -1.156489
v -1.222376 0.323687 -1.197856
v 1.564501 0.161843 -1.073094
v -1.272101 0.173359 -1.129053
v -3.030674 0.370722 -1.099500
v -2.478907 0.340991 -1.099500
v -2.404514 0.334259 -1.099500
v -2.483932 0.338538 -1.099500
v -2.994520 0.825130 -0.928158
v -2.995060 0.817671 0.171342
v -2.994520 0.825130 -0.928158
v -2.995060 0.817671 0.171342
v -2.994436 0.826292 -1.099500
v -2.994520 0.825130 -0.928158
v -2.994520 0.825130 -0.928158
v -2.994778 0.821569 -0.403269
v -3.030674 0.370722 -1.099500
v -3.030759 0.369560 -0.928158
v -2.994520 0.825130 -0.928158
v -2.994778 0.821569 -0.403269
v -2.994520 0.825130 -0.928158
v -2.994778 0.821569 -0.403269
v -2.994520 0.825130 -0.928158
v -2.994778 0.821569 -0.403269
v -2.994778 0.821569 -0.403269
v -2.994520 0.825130 -0.928158
v -2.994778 0.821569 -0.403269
v -2.994520 0.825130 -0.928158
v -3.030759 0.369560 -0.928158
v -2.994520 0.825130 -0.928158
v -3.030759 0.369560 -0.928158
v -2.994877 0.820197 -0.201110
v -2.995077 0.817441 0.205120
v -2.995077 0.817441 0.205120
v -2.994877 0.820197 -0.201110
v -2.994520 0.825130 -0.928158
v -2.994861 0.820426 -0.234889
v -2.995077 0.817441 0.205120
v -2.994877 0.820197 -0.201110
v -2.994520 0.825130 -0.928158
v -2.995060 0.817671 0.171342
v -2.994520 0.825130 -0.928158
v -2.995060 0.817671 0.171342
v -2.994861 0.820426 -0.234889
v -2.995077 0.817441 0.205120
v -2.994877 0.820197 -0.201110
v -3.030759 0.369560 -0.928158
v -3.031099 0.364856 -0.234889
v -2.995077 0.817441 0.205120
v -2.994877 0.820197 -0.201110
v -3.031099 0.364856 -0.234889
v -3.031116 0.364627 -0.201110
v -3.031315 0.361871 0.205120
v -3.031116 0.364627 -0.201110
v -2.363250 0.792282 -1.099500
v -2.404514 0.334259 -1.099500
v -2.363250 0.792282 -1.099500
v -2.404514 0.334259 -1.099500
v -2.363250 0.792282 -1.099500
v -2.404514 0.334259 -1.099500
v -2.363250 0.792282 -1.275997
v -2.404514 0.334259 -1.275997
v -1.222376 0.354392 -1.197856
v -1.222376 0.323687 -1.197856
v -1.222376 0.323687 1.197856
v -1.222376 0.354392 1.197856
v -1.222376 0.323687 1.197856
v -1.222376 0.354392 1.197856
v -1.222376 0.323687 1.197856
v -1.272101 0.173359 1.129053
v -1.222376 0.323687 -1.197856
v -1.272101 0.173359 -1.129053
v -1.222376 0.323687 1.197856
v -1.272101 0.173359 1.129053
v -3.028768 0.370619 1.099500
v -2.477000 0.340888 1.099500
v 3.094038 0.506705 0.991963
v 2.859827 0.513650 1.063940
v 3.092770 0.501419 -0.979717
v 2.899554 0.512472 -1.051731
v 3.039541 0.508321 -1.008711
v 3.039878 0.526370 -1.008715
v 3.094038 0.506705 0.991963
v 3.039541 0.508321 -1.008711
v 2.802901 0.515338 -1.081434
v 1.569187 0.296080 -1.156489
v 1.564501 0.161843 -1.073094
v 1.569187 0.296080 0.987539
v 1.564624 0.165372 1.075287
v 1.569187 0.296080 0.989099
v 1.564624 0.165372 1.075287
v 1.569187 0.326786 1.016296
v 1.569187 0.326786 1.156489
v 1.569187 0.326786 1.156489
v 1.569187 0.296080 1.156489
v -1.222376 0.323687 -1.063066
v 1.569187 0.296080 1.153242
v 1.569189 0.296151 1.153198
v -1.259159 0.173306 -1.128797
v -1.222376 0.323687 -1.197856
v -1.222376 0.354392 -1.197856
v -1.222376 0.326608 -1.197856
v -1.259102 0.173477 -1.128720
v 3.081070 0.507089 -0.515880
v -3.036867 1.482482 1.099500
v -2.994436 0.826292 -1.099500
v -3.036867 1.490430 -1.099500
v -3.036867 1.488443 -0.549750
v 3.092352 0.499676 -0.979659
v 3.053523 1.258231 -1.008885
v -3.036867 1.482482 1.099500
v -3.036867 1.490430 -1.099500
v 3.062172 1.264188 -1.015559
v 0.532299 1.997661 -0.667685
v -3.036867 1.488443 -0.549750
v 3.038800 0.518580 0.026238
v 3.105579 1.161098 0.055266
v 0.539204 1.995988 0.069939
v -3.033047 1.430636 -1.099500
v 3.097237 1.162037 -0.504513
v 3.042828 1.244041 -0.549750
v -0.383412 0.479869 -1.092277
v 2.714608 0.727552 -0.811172
v 2.744114 0.517081 -0.812479
v -1.252284 1.744045 -0.883592
v -0.887811 1.792662 0.042030
v 2.410725 1.432446 -0.991546
v 2.421393 1.432028 0.017485
v 1.861497 1.111115 -0.812479
v 1.563171 0.666669 -0.812479
v 1.569187 0.462118 -0.812479
v -0.391382 0.686032 -1.099500
v -1.223945 0.709899 -0.788974
v -1.217929 0.712844 -0.788974
v -2.363250 0.792282 -0.788974
v -1.490496 1.101965 -0.788974
v -2.113227 1.123625 -0.788974
v -0.385366 0.481480 -1.099500
v -0.391382 0.686032 -1.099500
v -1.216224 0.483573 -0.784718
v 1.569187 0.326786 -0.729275
v -0.385366 0.346148 -1.016296
v -0.382877 0.343966 -1.019950
v -1.222376 0.354392 -0.710833
v 1.569827 0.323137 -0.863117
v -0.714143 1.759543 -0.843907
v 0.486872 1.884989 -0.743888
v 1.969508 1.400182 -0.997958
v -0.706472 1.546743 -0.973749
v 0.516934 1.921163 -0.718760
v -0.819334 1.782290 -0.831212
v -0.826103 1.707791 -0.896153
v 2.228705 1.355807 -1.047192
v -0.838873 1.523320 -1.018667
v 3.049663 0.508021 -1.005600
v 3.060826 1.258670 -1.012297
v 3.105931 1.018909 0.046473
v 3.100410 1.055252 -0.505147
v 3.106333 1.172871 -0.987517
v 3.106793 1.051121 0.046473
v 3.075380 1.210134 -0.756699
v 3.087484 0.506899 -0.751344
v 3.052500 1.254114 -0.782655
v 3.104683 1.107171 -0.752357
v 0.323898 1.490310 -0.983071
v 0.269817 1.862318 -0.761964
v 0.149708 1.499851 -0.981495
v 0.132323 1.847956 -0.773414
v 0.267083 1.367871 -1.054028
v 0.259426 0.679584 -1.099500
v 0.254208 1.463414 -1.022674
v 0.268858 1.364398 -1.050316
v 0.255301 0.475134 -1.099500
v -0.836631 0.700475 -1.099500
v -0.805763 0.481747 -1.093782
v -0.836577 0.698794 -1.099500
v -0.859263 1.407408 -1.067101
v -0.859335 1.409655 -1.069531
v 1.450853 0.463290 -1.099500
v 1.454343 1.323830 -1.037688
v 1.446194 0.667828 -1.099500
v 1.408119 1.400617 -1.039561
v 1.457195 1.319092 -1.032636
v 1.348578 1.434190 -0.992341
v 0.149708 1.499851 -0.981495
v 0.226563 1.495641 -0.982190
v -0.538040 1.294564 -1.069522
v -0.547885 1.235848 -1.066744
v -0.768021 1.251843 -1.066797
v -0.754101 1.309974 -1.071458
v 0.610819 1.259935 -1.051772
v 0.610968 1.203107 -1.047512
v 0.370646 1.209531 -1.053577
v 0.372998 1.266846 -1.055465
v 2.714608 0.727552 -1.238386
v 2.744114 0.517081 -1.239692
v 2.492957 1.127896 -0.855552
v 1.862246 1.111115 -1.238386
v 1.563171 0.666669 -1.239692
v 1.569187 0.462118 -1.239692
v 1.569187 0.326786 -1.156489
v -1.223945 0.709899 -1.275997
v -1.217929 0.712844 -1.275997
v -2.363250 0.792282 -1.275997
v -1.490496 1.101965 -1.275997
v -2.113227 1.123625 -1.275997
v -1.216224 0.483573 -1.271741
v -1.222376 0.354392 -1.197856
v -1.223945 0.709899 -1.275997
v -1.217929 0.712844 -1.275997
v -2.363250 0.792282 -1.275997
v -1.490496 1.101965 -1.275997
v -2.113227 1.123625 -1.275997
v -1.216224 0.483573 -1.271741
v -1.222376 0.354392 -1.197856
v -1.223945 0.709899 -1.275997
v -1.217929 0.712844 -1.275997
v -2.363250 0.792282 -1.275997
v -1.490496 1.101965 -1.275997
v -2.113227 1.123625 -1.275997
v -1.216224 0.483573 -1.271741
v -1.222376 0.354392 -1.197856
v 1.508655 0.667209 -1.099500
v 2.805330 0.515266 -1.080687
v 2.793052 0.752152 -1.080864
v 2.505645 1.161861 -1.055123
v 1.808529 1.180206 -1.076463
v -1.152573 0.710926 -1.100420
v -2.442669 0.796561 -1.099500
v -1.151050 0.483283 -1.095012
v -1.163327 0.353659 -1.021260
v -1.153848 0.707978 -1.099960
v -1.463027 1.198552 -1.089847
v -2.129569 1.210782 -1.095731
v 2.492957 1.127896 -1.282766
v 2.492957 1.127896 -1.142573
v 2.492957 1.127896 -1.282766
v -1.222376 0.354392 -1.197856
v -1.227415 0.349769 -0.720089
v 1.569187 0.296080 -1.156489
v -1.222376 0.323687 -1.197856
v 1.569187 0.296080 -1.156489
v -1.222376 0.323687 -1.197856
v 1.564501 0.161843 -1.073094
v -1.272101 0.173359 -1.129053
v -3.030674 0.370722 -1.099500
v -2.478907 0.340991 -1.099500
v -2.404514 0.334259 -1.099500
v -2.483932 0.338538 -1.099500
v -2.994520 0.825130 -0.928158
v -2.995060 0.817671 0.171342
v -2.994520 0.825130 -0.928158
v -2.995060 0.817671 0.171342
v -2.994436 0.826292 -1.099500
v -2.994520 0.825130 -0.928158
v -2.994520 0.825130 -0.928158
v -2.994778 0.821569 -0.403269
v -3.030674 0.370722 -1.099500
v -3.030759 0.369560 -0.928158
v -2.994520 0.825130 -0.928158
v -2.994778 0.821569 -0.403269
v -2.994520 0.825130 -0.928158
v -2.994778 0.821569 -0.403269
v -2.994520 0.825130 -0.928158
v -2.994778 0.821569 -0.403269
v -2.994778 0.821569 -0.403269
v -2.994520 0.825130 -0.928158
v -2.994778 0.821569 -0.403269
v -2.994520 0.825130 -0.928158
v -3.030759 0.369560 -0.928158
v -2.994520 0.825130 -0.928158
v -3.030759 0.369560 -0.928158
v -2.994877 0.820197 -0.201110
v -2.995077 0.817441 0.205120
v -2.995077 0.817441 0.205120
v -2.994877 0.820197 -0.201110
v -2.994520 0.825130 -0.928158
v -2.994861 0.820426 -0.234889
v -2.995077 0.817441 0.205120
v -2.994877 0.820197 -0.201110
v -2.994520 0.825130 -0.928158
v -2.995060 0.817671 0.171342
v -2.994520 0.825130 -0.928158
v -2.995060 0.817671 0.171342
v -2.994861 0.820426 -0.234889
v -2.995077 0.817441 0.205120
v -2.994877 0.820197 -0.201110
v -3.030759 0.369560 -0.928158
v -3.031099 0.364856 -0.234889
v -2.995077 0.817441 0.205120
v -2.994877 0.820197 -0.201110
v -3.031099 0.364856 -0.234889
v -3.031116 0.364627 -0.201110
v -3.031315 0.361871 0.205120
v -3.031116 0.364627 -0.201110
v -2.363250 0.792282 -1.099500
v -2.404514 0.334259 -1.099500
v -2.363250 0.792282 -1.099500
v -2.404514 0.334259 -1.099500
v -2.363250 0.792282 -1.099500
v -2.404514 0.334259 -1.099500
v -2.363250 0.792282 -1.275997
v -2.404514 0.334259 -1.275997
v -1.222376 0.354392 -1.197856
v -1.222376 0.323687 -1.197856
v 3.053875 0.521277 0.491657
v -3.036867 1.482482 -1.099500
v -2.994436 0.826292 1.099500
v -3.036867 1.490430 1.099500
v -3.036867 1.488443 0.549750
v 3.039541 0.508321 1.008711
v 3.053523 1.258231 1.008885
v -3.036867 1.482482 -1.099500
v -3.036867 1.490430 1.099500
v 3.062172 1.264188 1.015559
v 0.532299 1.997661 0.667685
v -3.036867 1.488443 0.549750
v 3.038800 0.518580 -0.026238
v 3.105579 1.161098 -0.055266
v 0.539204 1.995988 -0.069939
v -3.033047 1.430636 1.099500
v 3.097237 1.162037 0.504513
v 3.042828 1.244041 0.549750
v -0.383412 0.479869 1.092277
v 2.714608 0.727552 1.098193
v 2.744114 0.517081 1.099500
v -1.252284 1.744045 0.883592
v -0.887811 1.792662 -0.042030
v 2.410725 1.432446 0.991546
v 2.421393 1.432028 -0.017485
v 1.861497 1.111115 1.099500
v 1.563171 0.666669 1.099500
v 1.569187 0.462118 1.099500
v -0.391382 0.686032 1.099500
v -1.223945 0.709899 1.099500
v -1.217929 0.712844 1.099500
v -2.363250 0.792282 1.099500
v -1.490496 1.101965 1.099500
v -2.113227 1.123625 1.099500
v -0.385366 0.481480 1.099500
v -0.391382 0.686032 1.099500
v -1.216224 0.483573 1.095244
v 1.569187 0.326786 1.016296
v -0.385366 0.346148 1.016296
v -0.382877 0.343966 1.019950
v -1.222376 0.354392 1.021359
v 1.569827 0.323137 0.863117
v -0.714143 1.759543 0.843907
v 0.486872 1.884989 0.743888
v 1.969508 1.400182 0.997958
v -0.706472 1.546743 0.973749
v 0.516934 1.921163 0.718760
v -0.819334 1.782290 0.831212
v -0.826103 1.707791 0.896153
v 2.228705 1.355807 1.047192
v -0.838873 1.523320 1.018667
v 3.045884 0.514663 1.008711
v 3.060826 1.258670 1.012297
v 3.105931 1.018909 -0.046473
v 3.100410 1.055252 0.505147
v 3.051962 1.174483 1.008865
v 3.106793 1.051121 -0.046473
v 3.075380 1.210134 0.756699
v 3.058986 0.514596 0.755994
v 3.052500 1.254114 0.782655
v 3.076186 1.114867 0.757006
v 0.323898 1.490310 0.983071
v 0.269817 1.862318 0.761964
v 0.149708 1.499851 0.981495
v 0.132323 1.847956 0.773414
v 0.267083 1.367871 1.054028
v 0.259426 0.679584 1.099500
v 0.254208 1.463414 1.022674
v 0.268858 1.364398 1.050316
v 0.255301 0.475134 1.099500
v -0.836631 0.700475 1.099500
v -0.805763 0.481747 1.093782
v -0.836577 0.698794 1.099500
v -0.859263 1.407408 1.067101
v -0.859335 1.409655 1.069531
v 1.450853 0.463290 1.099500
v 1.454343 1.323830 1.037688
v 1.446194 0.667828 1.099500
v 1.408119 1.400617 1.039561
v 1.457195 1.319092 1.032636
v 1.348578 1.434190 0.992341
v 0.149708 1.499851 0.981495
v 0.226563 1.495641 0.982190
v -0.538040 1.294564 1.069522
v -0.547885 1.235848 1.066744
v -0.768021 1.251843 1.066797
v -0.754101 1.309974 1.071458
v 0.610819 1.259935 1.051772
v 0.610968 1.203107 1.047512
v 0.370646 1.209531 1.053577
v 0.372998 1.266846 1.055465
v 2.714608 0.727552 1.238386
v 2.744114 0.517081 1.239692
v 2.492957 1.127896 1.142573
v 1.862246 1.111115 1.238386
v 1.563171 0.666669 1.239692
v 1.569187 0.462118 1.239692
v 1.569187 0.326786 1.156489
v -1.223945 0.709899 1.275997
v -1.217929 0.712844 1.275997
v -2.363250 0.792282 1.275997
v -1.490496 1.101965 1.275997
v -2.113227 1.123625 1.275997
v -1.216224 0.483573 1.271741
v -1.222376 0.354392 1.197856
v -1.223945 0.709899 1.275997
v -1.217929 0.712844 1.275997
v -2.363250 0.792282 1.275997
v -1.490496 1.101965 1.275997
v -2.113227 1.123625 1.275997
v -1.216224 0.483573 1.271741
v -1.222376 0.354392 1.197856
v -1.223945 0.709899 1.275997
v -1.217929 0.712844 1.275997
v -2.363250 0.792282 1.275997
v -1.490496 1.101965 1.275997
v -2.113227 1.123625 1.275997
v -1.216224 0.483573 1.271741
v -1.222376 0.354392 1.197856
v 1.508655 0.667209 1.099500
v 2.805330 0.515266 1.080687
v 2.793052 0.752152 1.080864
v 2.505645 1.161861 1.055123
v 1.808529 1.180206 1.076463
v -1.152573 0.710926 1.100420
v -2.442669 0.796561 1.099500
v -1.151050 0.483283 1.095012
v -1.163327 0.353659 1.021260
v -1.153848 0.707978 1.099960
v -1.463027 1.198552 1.089847
v -2.129569 1.210782 1.095731
v 2.492957 1.127896 1.282766
v 2.492957 1.127896 1.142573
v 2.492957 1.127896 1.282766
v -1.222376 0.354392 1.197856
v -1.227415 0.349769 1.007110
v 1.569187 0.296080 1.156489
v -1.222376 0.323687 1.197856
v 1.569187 0.296080 1.156489
v -1.222376 0.323687 1.197856
v 1.564501 0.161843 1.073094
v -1.272101 0.173359 1.129053
v -3.030674 0.370722 1.099500
v -2.478907 0.340991 1.099500
v -2.404514 0.334259 1.099500
v -2.483932 0.338538 1.099500
v -2.994520 0.825130 0.928158
v -2.995060 0.817671 -0.171342
v -2.994520 0.825130 0.928158
v -2.995060 0.817671 -0.171342
v -2.994436 0.826292 1.099500
v -2.994520 0.825130 0.928158
v -2.994520 0.825130 0.928158
v -2.994778 0.821569 0.403269
v -3.030674 0.370722 1.099500
v -3.030759 0.369560 0.928158
v -2.994520 0.825130 0.928158
v -2.994778 0.821569 0.403269
v -2.994520 0.825130 0.928158
v -2.994778 0.821569 0.403269
v -2.994520 0.825130 0.928158
v -2.994778 0.821569 0.403269
v -2.994778 0.821569 0.403269
v -2.994520 0.825130 0.928158
v -2.994778 0.821569 0.403269
v -2.994520 0.825130 0.928158
v -3.030759 0.369560 0.928158
v -2.994520 0.825130 0.928158
v -3.030759 0.369560 0.928158
v -2.994877 0.820197 0.201110
v -2.995077 0.817441 -0.205120
v -2.995077 0.817441 -0.205120
v -2.994877 0.820197 0.201110
v -2.994520 0.825130 0.928158
v -2.994861 0.820426 0.234889
v -2.995077 0.817441 -0.205120
v -2.994877 0.820197 0.201110
v -2.994520 0.825130 0.928158
v -2.995060 0.817671 -0.171342
v -2.994520 0.825130 0.928158
v -2.995060 0.817671 -0.171342
v -2.994861 0.820426 0.234889
v -2.995077 0.817441 -0.205120
v -2.994877 0.820197 0.201110
v -3.030759 0.369560 0.928158
v -3.031099 0.364856 0.234889
v -2.995077 0.817441 -0.205120
v -2.994877 0.820197 0.201110
v -3.031099 0.364856 0.234889
v -3.031116 0.364627 0.201110
v -3.031315 0.361871 -0.205120
v -3.031116 0.364627 0.201110
v -2.363250 0.792282 1.099500
v -2.404514 0.334259 1.099500
v -2.363250 0.792282 1.099500
v -2.404514 0.334259 1.099500
v -2.363250 0.792282 1.099500
v -2.404514 0.334259 1.099500
v -2.363250 0.792282 1.275997
v -2.404514 0.334259 1.275997
v -1.222376 0.354392 1.197856
v -1.222376 0.323687 1.197856
v -1.222376 0.323687 -1.197856
v -1.222376 0.354392 -1.197856
v -1.222376 0.323687 -1.197856
v -1.222376 0.354392 -1.197856
v -1.222376 0.323687 -1.197856
v -1.272101 0.173359 -1.129053
v -1.222376 0.323687 1.197856
v -1.272101 0.173359 1.129053
v -1.222376 0.323687 -1.197856
v -1.272101 0.173359 -1.129053
v -3.028768 0.370619 -1.099500
v -2.477000 0.340888 -1.099500
v 3.094038 0.506705 -0.991963
v 2.859827 0.513650 -1.063940
v 2.899554 0.512472 1.051731
v 3.039541 0.508321 1.008711
v 3.094038 0.506705 0.991963
v 3.094038 0.506705 -0.991963
v 3.039541 0.508321 1.008711
v 2.802901 0.515338 1.081434
v 1.569187 0.296080 1.156489
v 1.564501 0.161843 1.073094
v 1.569187 0.296080 -0.987539
v 1.564624 0.165372 -1.075287
v 1.569187 0.296080 -0.989099
v 1.564624 0.165372 -1.075287
v 1.569187 0.326786 -1.016296
v 1.569187 0.326786 -1.156489
v 1.569187 0.326786 -1.156489
v 1.569187 0.296080 -1.156489
v -1.222376 0.323687 1.063066
v 1.569187 0.296080 -1.153242
v 1.569189 0.296151 -1.153198
v -1.259159 0.173306 1.128797
v -1.222376 0.323687 1.197856
v -1.222376 0.354392 1.197856
v -1.222376 0.326608 1.197856
v -1.259102 0.173477 1.128720
v -3.030674 0.370722 1.099500
v -2.478907 0.340991 1.099500
v -3.030674 0.370722 1.099500
v -2.478907 0.340991 1.099500
v -2.976643 0.184612 1.099500
v -2.424875 0.154882 1.099500
v 3.052944 0.335333 0.974148
v 2.802901 0.515338 1.081434
v 2.899554 0.512472 1.051731
v 2.764361 0.343890 1.067473
v 2.744114 0.517081 1.239692
v 2.703146 0.345706 1.226478
v 2.805330 0.515266 1.080687
v 3.053256 0.336639 -0.974249
v 3.093914 0.506708 -0.987409
v 3.053256 0.336639 -0.974248
v 2.764673 0.345196 -0.880924
v -2.363250 0.792282 -0.788974
v 2.763330 0.343921 -1.070150
v -2.363250 0.792282 -1.275997
v -2.363250 0.792282 -1.275997
v -1.223945 0.709899 -1.275997
v -1.217929 0.712844 -1.275997
v -2.363250 0.792282 -1.275997
v -1.490496 1.101965 -1.275997
v -2.113227 1.123625 -1.275997
v -1.216224 0.483573 -1.271741
v -1.222376 0.354392 -1.197856
v -2.363250 0.792282 -1.099500
v -2.363250 0.792282 -1.099500
v -2.363250 0.792282 -1.099500
v -2.363250 0.792282 -1.275997
v -2.404514 0.334259 -1.275997
v -2.363250 0.792282 -0.788974
v -2.363250 0.792282 -1.275997
v -2.363250 0.792282 -1.275997
v -1.223945 0.709899 -1.275997
v -1.217929 0.712844 -1.275997
v -2.363250 0.792282 -1.275997
v -1.490496 1.101965 -1.275997
v -2.113227 1.123625 -1.275997
v -1.216224 0.483573 -1.271741
v -1.222376 0.354392 -1.197856
v -2.363250 0.792282 -1.099500
v -2.363250 0.792282 -1.099500
v -2.363250 0.792282 -1.099500
v -2.363250 0.792282 -1.275997
v -2.404514 0.334259 -1.275997
v -2.363250 0.792282 -0.788974
v -2.363250 0.792282 -1.275997
v -2.363250 0.792282 -1.275997
v -1.223945 0.709899 -1.275997
v -1.217929 0.712844 -1.275997
v -2.363250 0.792282 -1.275997
v -1.490496 1.101965 -1.275997
v -2.113227 1.123625 -1.275997
v -1.216224 0.483573 -1.271741
v -1.222376 0.354392 -1.197856
v -2.363250 0.792282 -1.099500
v -2.363250 0.792282 -1.099500
v -2.363250 0.792282 -1.099500
v -2.363250 0.792282 -1.275997
v -2.404514 0.334259 -1.275997
v -2.363250 0.792282 -0.788974
v -2.363250 0.792282 -1.275997
v -2.363250 0.792282 -1.275997
v -1.223945 0.709899 -1.275997
v -1.217929 0.712844 -1.275997
v -2.363250 0.792282 -1.275997
v -1.490496 1.101965 -1.275997
v -2.113227 1.123625 -1.275997
v -1.216224 0.483573 -1.271741
v -1.222376 0.354392 -1.197856
v -2.363250 0.792282 -1.099500
v -2.363250 0.792282 -1.099500
v -2.363250 0.792282 -1.099500
v -1.490496 1.101965 -1.275997
v -2.113227 1.123625 -1.275997
v 2.714608 0.727552 -1.238386
v 2.744114 0.517081 -1.239692
v 2.714608 0.727552 -1.238386
v 2.744114 0.517081 -1.239692
v 0.967163 0.196532 1.099835
v 1.862246 1.111115 -1.238386
v 1.563171 0.666669 -1.239692
v 3.081070 0.507089 0.515880
v -3.036867 1.482482 -1.099500
v -2.994436 0.826292 1.099500
v -3.036867 1.490430 1.099500
v -3.036867 1.488443 0.549750
v 3.092235 0.499188 0.979643
v 3.053523 1.258231 1.008885
v -3.036867 1.482482 -1.099500
v -3.036867 1.490430 1.099500
v 3.062172 1.264188 1.015559
v 0.532299 1.997661 0.667685
v -3.036867 1.488443 0.549750
v 3.038800 0.518580 -0.026238
v 3.105579 1.161098 -0.055266
v 0.539204 1.995988 -0.069939
v -3.033047 1.430636 1.099500
v 3.097237 1.162037 0.504513
v 3.042828 1.244041 0.549750
v -0.383412 0.479869 1.092277
v 2.714608 0.727552 0.811172
v 2.744114 0.517081 0.812479
v -1.252284 1.744045 0.883592
v -0.887811 1.792662 -0.042030
v 2.410725 1.432446 0.991546
v 2.421393 1.432028 -0.017485
v 1.861497 1.111115 0.812479
v 1.563171 0.666669 0.812479
v 1.569187 0.462118 0.812479
v -0.391382 0.686032 1.099500
v -1.223945 0.709899 0.788974
v -1.217929 0.712844 0.788974
v -2.363250 0.792282 0.788974
v -1.490496 1.101965 0.788974
v -2.113227 1.123625 0.788974
v -0.385366 0.481480 1.099500
v -0.391382 0.686032 1.099500
v -1.216224 0.483573 0.784718
v 1.569187 0.326786 0.729275
v -0.385366 0.346148 1.016296
v -0.382877 0.343966 1.019950
v -1.222376 0.354392 0.710833
v 1.569827 0.323137 0.863117
v -0.714143 1.759543 0.843907
v 0.486872 1.884989 0.743888
v 1.969508 1.400182 0.997958
v -0.706472 1.546743 0.973749
v 0.516934 1.921163 0.718760
v -0.819334 1.782290 0.831212
v -0.826103 1.707791 0.896153
v 2.228705 1.355807 1.047192
v -0.838873 1.523320 1.018667
v 3.045884 0.514663 1.008711
v 3.060826 1.258670 1.012297
v 3.105931 1.018909 -0.046473
v 3.100410 1.055252 0.505147
v 3.106333 1.172871 0.987517
v 3.106793 1.051121 -0.046473
v 3.075380 1.210134 0.756699
v 3.087484 0.506899 0.751344
v 3.052500 1.254114 0.782655
v 3.104683 1.107171 0.752357
v 0.323898 1.490310 0.983071
v 0.269817 1.862318 0.761964
v 0.149708 1.499851 0.981495
v 0.132323 1.847956 0.773414
v 0.267083 1.367871 1.054028
v 0.259426 0.679584 1.099500
v 0.254208 1.463414 1.022674
v 0.268858 1.364398 1.050316
v 0.255301 0.475134 1.099500
v -0.836631 0.700475 1.099500
v -0.805763 0.481747 1.093782
v -0.836577 0.698794 1.099500
v -0.859263 1.407408 1.067101
v -0.859335 1.409655 1.069531
v 1.450853 0.463290 1.099500
v 1.454343 1.323830 1.037688
v 1.446194 0.667828 1.099500
v 1.408119 1.400617 1.039561
v 1.457195 1.319092 1.032636
v 1.348578 1.434190 0.992341
v 0.149708 1.499851 0.981495
v 0.226563 1.495641 0.982190
v -0.538040 1.294564 1.069522
v -0.547885 1.235848 1.066744
v -0.768021 1.251843 1.066797
v -0.754101 1.309974 1.071458
v 0.610819 1.259935 1.051772
v 0.610968 1.203107 1.047512
v 0.370646 1.209531 1.053577
v 0.372998 1.266846 1.055465
v 2.714608 0.727552 1.238386
v 2.744114 0.517081 1.239692
v 2.492957 1.127896 0.855552
v 1.862246 1.111115 1.238386
v 1.563171 0.666669 1.239692
v 1.569187 0.462118 1.239692
v 1.569187 0.326786 1.156489
v -1.223945 0.709899 1.275997
v -1.217929 0.712844 1.275997
v -2.363250 0.792282 1.275997
v -1.490496 1.101965 1.275997
v -2.113227 1.123625 1.275997
v -1.216224 0.483573 1.271741
v -1.222376 0.354392 1.197856
v -1.223945 0.709899 1.275997
v -1.217929 0.712844 1.275997
v -2.363250 0.792282 1.275997
v -1.490496 1.101965 1.275997
v -2.113227 1.123625 1.275997
v -1.216224 0.483573 1.271741
v -1.222376 0.354392 1.197856
v -1.223945 0.709899 1.275997
v -1.217929 0.712844 1.275997
v -2.363250 0.792282 1.275997
v -1.490496 1.101965 1.275997
v -2.113227 1.123625 1.275997
v -1.216224 0.483573 1.271741
v -1.222376 0.354392 1.197856
v 1.508655 0.667209 1.099500
v 2.805330 0.515266 1.080687
v 2.793052 0.752152 1.080864
v 2.505645 1.161861 1.055123
v 1.808529 1.180206 1.076463
v -1.152573 0.710926 1.100420
v -2.442669 0.796561 1.099500
v -1.151050 0.483283 1.095012
v -1.163327 0.353659 1.021260
v -1.153848 0.707978 1.099960
v -1.463027 1.198552 1.089847
v -2.129569 1.210782 1.095731
v 2.492957 1.127896 1.282766
v 2.492957 1.127896 1.142573
v 2.492957 1.127896 1.282766
v -1.222376 0.354392 1.197856
v -1.227415 0.349769 0.720089
v 1.569187 0.296080 1.156489
v -1.222376 0.323687 1.197856
v 1.569187 0.296080 1.156489
v -1.222376 0.323687 1.197856
v 1.564501 0.161843 1.073094
v -1.272101 0.173359 1.129053
v -3.030674 0.370722 1.099500
v -2.478907 0.340991 1.099500
v -2.404514 0.334259 1.099500
v -2.483932 0.338538 1.099500
v -2.994520 0.825130 0.928158
v -2.995060 0.817671 -0.171342
v -2.994520 0.825130 0.928158
v -2.995060 0.817671 -0.171342
v -2.994436 0.826292 1.099500
v -2.994520 0.825130 0.928158
v -2.994520 0.825130 0.928158
v -2.994778 0.821569 0.403269
v -3.030674 0.370722 1.099500
v -3.030759 0.369560 0.928158
v -2.994520 0.825130 0.928158
v -2.994778 0.821569 0.403269
v -2.994520 0.825130 0.928158
v -2.994778 0.821569 0.403269
v -2.994520 0.825130 0.928158
v -2.994778 0.821569 0.403269
v -2.994778 0.821569 0.403269
v -2.994520 0.825130 0.928158
v -2.994778 0.821569 0.403269
v -2.994520 0.825130 0.928158
v -3.030759 0.369560 0.928158
v -2.994520 0.825130 0.928158
v -3.030759 0.369560 0.928158
v -2.994877 0.820197 0.201110
v -2.995077 0.817441 -0.205120
v -2.995077 0.817441 -0.205120
v -2.994877 0.820197 0.201110
v -2.994520 0.825130 0.928158
v -2.994861 0.820426 0.234889
v -2.995077 0.817441 -0.205120
v -2.994877 0.820197 0.201110
v -2.994520 0.825130 0.928158
v -2.995060 0.817671 -0.171342
v -2.994520 0.825130 0.928158
v -2.995060 0.817671 -0.171342
v -2.994861 0.820426 0.234889
v -2.995077 0.817441 -0.205120
v -2.994877 0.820197 0.201110
v -3.030759 0.369560 0.928158
v -3.031099 0.364856 0.234889
v -2.995077 0.817441 -0.205120
v -2.994877 0.820197 0.201110
v -3.031099 0.364856 0.234889
v -3.031116 0.364627 0.201110
v -3.031315 0.361871 -0.205120
v -3.031116 0.364627 0.201110
v -2.363250 0.792282 1.099500
v -2.404514 0.334259 1.099500
v -2.363250 0.792282 1.099500
v -2.404514 0.334259 1.099500
v -2.363250 0.792282 1.099500
v -2.404514 0.334259 1.099500
v -2.363250 0.792282 1.275997
v -2.404514 0.334259 1.275997
v -1.222376 0.354392 1.197856
v -1.222376 0.323687 1.197856
v 3.053875 0.521277 -0.491657
v -3.036867 1.482482 1.099500
v -2.994436 0.826292 -1.099500
v -3.036867 1.490430 -1.099500
v -3.036867 1.488443 -0.549750
v 3.039541 0.508321 -1.008711
v 3.053523 1.258231 -1.008885
v -3.036867 1.482482 1.099500
v -3.036867 1.490430 -1.099500
v 3.062172 1.264188 -1.015559
v 0.532299 1.997661 -0.667685
v -3.036867 1.488443 -0.549750
v 3.038800 0.518580 0.026238
v 3.105579 1.161098 0.055266
v 0.539204 1.995988 0.069939
v -3.033047 1.430636 -1.099500
v 3.097237 1.162037 -0.504513
v 3.042828 1.244041 -0.549750
v -0.383412 0.479869 -1.092277
v 2.714608 0.727552 -1.098193
v 2.744114 0.517081 -1.099500
v -1.252284 1.744045 -0.883592
v -0.887811 1.792662 0.042030
v 2.410725 1.432446 -0.991546
v 2.421393 1.432028 0.017485
v 1.861497 1.111115 -1.099500
v 1.563171 0.666669 -1.099500
v 1.569187 0.462118 -1.099500
v -0.391382 0.686032 -1.099500
v -1.223945 0.709899 -1.099500
v -1.217929 0.712844 -1.099500
v -2.363250 0.792282 -1.099500
v -1.490496 1.101965 -1.099500
v -2.113227 1.123625 -1.099500
v -0.385366 0.481480 -1.099500
v -0.391382 0.686032 -1.099500
v -1.216224 0.483573 -1.095244
v 1.569187 0.326786 -1.016296
v -0.385366 0.346148 -1.016296
v -0.382877 0.343966 -1.019950
v -1.222376 0.354392 -1.021359
v 1.569827 0.323137 -0.863117
v -0.714143 1.759543 -0.843907
v 0.486872 1.884989 -0.743888
v 1.969508 1.400182 -0.997958
v -0.706472 1.546743 -0.973749
v 0.516934 1.921163 -0.718760
v -0.819334 1.782290 -0.831212
v -0.826103 1.707791 -0.896153
v 2.228705 1.355807 -1.047192
v -0.838873 1.523320 -1.018667
v 3.045884 0.514663 -1.008711
v 3.060826 1.258670 -1.012297
v 3.105931 1.018909 0.046473
v 3.100410 1.055252 -0.505147
v 3.051962 1.174483 -1.008865
v 3.106793 1.051121 0.046473
v 3.075380 1.210134 -0.756699
v 3.058986 0.514596 -0.755994
v 3.052500 1.254114 -0.782655
v 3.076186 1.114867 -0.757006
v 0.323898 1.490310 -0.983071
v 0.269817 1.862318 -0.761964
v 0.149708 1.499851 -0.981495
v 0.132323 1.847956 -0.773414
v 0.267083 1.367871 -1.054028
v 0.259426 0.679584 -1.099500
v 0.254208 1.463414 -1.022674
v 0.268858 1.364398 -1.050316
v 0.255301 0.475134 -1.099500
v -0.836631 0.700475 -1.099500
v -0.805763 0.481747 -1.093782
v -0.836577 0.698794 -1.099500
v -0.859263 1.407408 -1.067101
v -0.859335 1.409655 -1.069531
v 1.450853 0.463290 -1.099500
v 1.454343 1.323830 -1.037688
v 1.446194 0.667828 -1.099500
v 1.408119 1.400617 -1.039561
v 1.457195 1.319092 -1.032636
v 1.348578 1.434190 -0.992341
v 0.149708 1.499851 -0.981495
v 0.226563 1.495641 -0.982190
v -0.538040 1.294564 -1.069522
v -0.547885 1.235848 -1.066744
v -0.768021 1.251843 -1.066797
v -0.754101 1.309974 -1.071458
v 0.610819 1.259935 -1.051772
v 0.610968 1.203107 -1.047512
v 0.370646 1.209531 -1.053577
v 0.372998 1.266846 -1.055465
v 2.714608 0.727552 -1.238386
v 2.744114 0.517081 -1.239692
v 2.492957 1.127896 -1.142573
v 1.862246 1.111115 -1.238386
v 1.563171 0.666669 -1.239692
v 1.569187 0.462118 -1.239692
v 1.569187 0.326786 -1.156489
v -1.223945 0.709899 -1.275997
v -1.217929 0.712844 -1.275997
v -2.363250 0.792282 -1.275997
v -1.490496 1.101965 -1.275997
v -2.113227 1.123625 -1.275997
v -1.216224 0.483573 -1.271741
v -1.222376 0.354392 -1.197856
v -1.223945 0.709899 -1.275997
v -1.217929 0.712844 -1.275997
v -2.363250 0.792282 -1.275997
v -1.490496 1.101965 -1.275997
v -2.113227 1.123625 -1.275997
v -1.216224 0.483573 -1.271741
v -1.222376 0.354392 -1.197856
v -1.223945 0.709899 -1.275997
v -1.217929 0.712844 -1.275997
v -2.363250 0.792282 -1.275997
v -1.490496 1.101965 -1.275997
v -2.113227 1.123625 -1.275997
v -1.216224 0.483573 -1.271741
v -1.222376 0.354392 -1.197856
v 1.508655 0.667209 -1.099500
v 2.805330 0.515266 -1.080687
v 2.793052 0.752152 -1.080864
v 2.505645 1.161861 -1.055123
v 1.808529 1.180206 -1.076463
v -1.152573 0.710926 -1.100420
v -2.442669 0.796561 -1.099500
v -1.151050 0.483283 -1.095012
v -1.163327 0.353659 -1.021260
v -1.153848 0.707978 -1.099960
v -1.463027 1.198552 -1.089847
v -2.129569 1.210782 -1.095731
v 2.492957 1.127896 -1.282766
v 2.492957 1.127896 -1.142573
v 2.492957 1.127896 -1.282766
v -1.222376 0.354392 -1.197856
v -1.227415 0.349769 -1.007110
v 1.569187 0.296080 -1.156489
v -1.222376 0.323687 -1.197856
v 1.569187 0.296080 -1.156489
v -1.222376 0.323687 -1.197856
v 1.564501 0.161843 -1.073094
v -1.272101 0.173359 -1.129053
v -3.030674 0.370722 -1.099500
v -2.478907 0.340991 -1.099500
v -2.404514 0.334259 -1.099500
v -2.483932 0.338538 -1.099500
v -2.994520 0.825130 -0.928158
v -2.995060 0.817671 0.171342
v -2.994520 0.825130 -0.928158
v -2.995060 0.817671 0.171342
v -2.994436 0.826292 -1.099500
v -2.994520 0.825130 -0.928158
v -2.994520 0.825130 -0.928158
v -2.994778 0.821569 -0.403269
v -3.030674 0.370722 -1.099500
v -3.030759 0.369560 -0.928158
v -2.994520 0.825130 -0.928158
v -2.994778 0.821569 -0.403269
v -2.994520 0.825130 -0.928158
v -2.994778 0.821569 -0.403269
v -2.994520 0.825130 -0.928158
v -2.994778 0.821569 -0.403269
v -2.994778 0.821569 -0.403269
v -2.994520 0.825130 -0.928158
v -2.994778 0.821569 -0.403269
v -2.994520 0.825130 -0.928158
v -3.030759 0.369560 -0.928158
v -2.994520 0.825130 -0.928158
v -3.030759 0.369560 -0.928158
v -2.994877 0.820197 -0.201110
v -2.995077 0.817441 0.205120
v -2.995077 0.817441 0.205120
v -2.994877 0.820197 -0.201110
v -2.994520 0.825130 -0.928158
v -2.994861 0.820426 -0.234889
v -2.995077 0.817441 0.205120
v -2.994877 0.820197 -0.201110
v -2.994520 0.825130 -0.928158
v -2.995060 0.817671 0.171342
v -2.994520 0.825130 -0.928158
v -2.995060 0.817671 0.171342
v -2.994861 0.820426 -0.234889
v -2.995077 0.817441 0.205120
v -2.994877 0.820197 -0.201110
v -3.030759 0.369560 -0.928158
v -3.031099 0.364856 -0.234889
v -2.995077 0.817441 0.205120
v -2.994877 0.820197 -0.201110
v -3.031099 0.364856 -0.234889
v -3.031116 0.364627 -0.201110
v -3.031315 0.361871 0.205120
v -3.031116 0.364627 -0.201110
v -2.363250 0.792282 -1.099500
v -2.404514 0.334259 -1.099500
v -2.363250 0.792282 -1.099500
v -2.404514 0.334259 -1.099500
v -2.363250 0.792282 -1.099500
v -2.404514 0.334259 -1.099500
v -2.363250 0.792282 -1.275997
v -2.404514 0.334259 -1.275997
v -1.222376 0.354392 -1.197856
v -1.222376 0.323687 -1.197856
v -1.222376 0.323687 1.197856
v -1.222376 0.354392 1.197856
v -1.222376 0.323687 1.197856
v -1.222376 0.354392 1.197856
v -1.222376 0.323687 1.197856
v -1.272101 0.173359 1.129053
v -1.222376 0.323687 -1.197856
v -1.272101 0.173359 -1.129053
v -1.222376 0.323687 1.197856
v -1.272101 0.173359 1.129053
v -3.028768 0.370619 1.099500
v -2.477000 0.340888 1.099500
v 3.094038 0.506705 0.991963
v 2.859827 0.513650 1.063940
v 3.133765 0.505527 -0.979754
v 2.899554 0.512472 -1.051731
v 3.039541 0.508321 -1.008711
v 3.039878 0.526370 -1.008715
v 3.094038 0.506705 0.991963
v 3.039541 0.508321 -1.008711
v 2.802901 0.515338 -1.081434
v 1.569187 0.296080 -1.156489
v 1.564501 0.161843 -1.073094
v 1.569187 0.296080 0.987539
v 1.564624 0.165372 1.075287
v 1.569187 0.296080 0.989099
v 1.564624 0.165372 1.075287
v 1.569187 0.326786 1.016296
v 1.569187 0.326786 1.156489
v 1.569187 0.326786 1.156489
v 1.569187 0.296080 1.156489
v -1.222376 0.323687 -1.063066
v 1.569187 0.296080 1.153242
v 1.569189 0.296151 1.153198
v -1.259159 0.173306 -1.128797
v -1.222376 0.323687 -1.197856
v -1.222376 0.354392 -1.197856
v -1.222376 0.326608 -1.197856
v -1.259102 0.173477 -1.128720
v 3.081070 0.507089 -0.515880
v -3.036867 1.482482 1.099500
v -2.994436 0.826292 -1.099500
v -3.036867 1.490430 -1.099500
v -3.036867 1.488443 -0.549750
v 3.093913 0.506708 -0.987363
v 3.053523 1.258231 -1.008885
v -3.036867 1.482482 1.099500
v -3.036867 1.490430 -1.099500
v 3.062172 1.264188 -1.015559
v 0.532299 1.997661 -0.667685
v -3.036867 1.488443 -0.549750
v 3.038800 0.518580 0.026238
v 3.105579 1.161098 0.055266
v 0.539204 1.995988 0.069939
v -3.033047 1.430636 -1.099500
v 3.097237 1.162037 -0.504513
v 3.042828 1.244041 -0.549750
v -0.383412 0.479869 -1.092277
v 2.714608 0.727552 -0.811172
v 2.744114 0.517081 -0.812479
v -1.252284 1.744045 -0.883592
v -0.887811 1.792662 0.042030
v 2.410725 1.432446 -0.991546
v 2.421393 1.432028 0.017485
v 1.861497 1.111115 -0.812479
v 1.563171 0.666669 -0.812479
v 1.569187 0.462118 -0.812479
v -0.391382 0.686032 -1.099500
v -1.223945 0.709899 -0.788974
v -1.217929 0.712844 -0.788974
v -2.363250 0.792282 -0.788974
v -1.490496 1.101965 -0.788974
v -2.113227 1.123625 -0.788974
v -0.385366 0.481480 -1.099500
v -0.391382 0.686032 -1.099500
v -1.216224 0.483573 -0.784718
v 1.569187 0.326786 -0.729275
v -0.385366 0.346148 -1.016296
v -0.382877 0.343966 -1.019950
v -1.222376 0.354392 -0.710833
v 1.569827 0.323137 -0.863117
v -0.714143 1.759543 -0.843907
v 0.486872 1.884989 -0.743888
v 1.969508 1.400182 -0.997958
v -0.706472 1.546743 -0.973749
v 0.516934 1.921163 -0.718760
v -0.819334 1.782290 -0.831212
v -0.826103 1.707791 -0.896153
v 2.228705 1.355807 -1.047192
v -0.838873 1.523320 -1.018667
v 3.045884 0.514663 -1.008711
v 3.060826 1.258670 -1.012297
v 3.105931 1.018909 0.046473
v 3.100410 1.055252 -0.505147
v 3.106333 1.172871 -0.987517
v 3.106793 1.051121 0.046473
v 3.075380 1.210134 -0.756699
v 3.087484 0.506899 -0.751344
v 3.052500 1.254114 -0.782655
v 3.104683 1.107171 -0.752357
v 0.323898 1.490310 -0.983071
v 0.269817 1.862318 -0.761964
v 0.149708 1.499851 -0.981495
v 0.132323 1.847956 -0.773414
v 0.267083 1.367871 -1.054028
v 0.259426 0.679584 -1.099500
v 0.254208 1.463414 -1.022674
v 0.268858 1.364398 -1.050316
v 0.255301 0.475134 -1.099500
v -0.836631 0.700475 -1.099500
v -0.805763 0.481747 -1.093782
v -0.836577 0.698794 -1.099500
v -0.859263 1.407408 -1.067101
v -0.859335 1.409655 -1.069531
v 1.450853 0.463290 -1.099500
v 1.454343 1.323830 -1.037688
v 1.446194 0.667828 -1.099500
v 1.408119 1.400617 -1.039561
v 1.457195 1.319092 -1.032636
v 1.348578 1.434190 -0.992341
v 0.149708 1.499851 -0.981495
v 0.226563 1.495641 -0.982190
v -0.538040 1.294564 -1.069522
v -0.547885 1.235848 -1.066744
v -0.768021 1.251843 -1.066797
v -0.754101 1.309974 -1.071458
v 0.610819 1.259935 -1.051772
v 0.610968 1.203107 -1.047512
v 0.370646 1.209531 -1.053577
v 0.372998 1.266846 -1.055465
v 2.714608 0.727552 -1.238386
v 2.744114 0.517081 -1.239692
v 2.492957 1.127896 -0.855552
v 1.862246 1.111115 -1.238386
v 1.563171 0.666669 -1.239692
v 1.569187 0.462118 -1.239692
v 1.569187 0.326786 -1.156489
v -1.223945 0.709899 -1.275997
v -1.217929 0.712844 -1.275997
v -2.363250 0.792282 -1.275997
v -1.490496 1.101965 -1.275997
v -2.113227 1.123625 -1.275997
v -1.216224 0.483573 -1.271741
v -1.222376 0.354392 -1.197856
v -1.223945 0.709899 -1.275997
v -1.217929 0.712844 -1.275997
v -2.363250 0.792282 -1.275997
v -1.490496 1.101965 -1.275997
v -2.113227 1.123625 -1.275997
v -1.216224 0.483573 -1.271741
v -1.222376 0.354392 -1.197856
v -1.223945 0.709899 -1.275997
v -1.217929 0.712844 -1.275997
v -2.363250 0.792282 -1.275997
v -1.490496 1.101965 -1.275997
v -2.113227 1.123625 -1.275997
v -1.216224 0.483573 -1.271741
v -1.222376 0.354392 -1.197856
v 1.508655 0.667209 -1.099500
v 2.805330 0.515266 -1.080687
v 2.793052 0.752152 -1.080864
v 2.505645 1.161861 -1.055123
v 1.808529 1.180206 -1.076463
v -1.152573 0.710926 -1.100420
v -2.442669 0.796561 -1.099500
v -1.151050 0.483283 -1.095012
v -1.163327 0.353659 -1.021260
v -1.153848 0.707978 -1.099960
v -1.463027 1.198552 -1.089847
v -2.129569 1.210782 -1.095731
v 2.492957 1.127896 -1.282766
v 2.492957 1.127896 -1.142573
v 2.492957 1.127896 -1.282766
v -1.222376 0.354392 -1.197856
v -1.227415 0.349769 -0.720089
v 1.569187 0.296080 -1.156489
v -1.222376 0.323687 -1.197856
v 1.569187 0.296080 -1.156489
v -1.222376 0.323687 -1.197856
v 1.564501 0.161843 -1.073094
v -1.272101 0.173359 -1.129053
v -3.030674 0.370722 -1.099500
v -2.478907 0.340991 -1.099500
v -2.404514 0.334259 -1.099500
v -2.483932 0.338538 -1.099500
v -2.994520 0.825130 -0.928158
v -2.995060 0.817671 0.171342
v -2.994520 0.825130 -0.928158
v -2.995060 0.817671 0.171342
v -2.994436 0.826292 -1.099500
v -2.994520 0.825130 -0.928158
v -2.994520 0.825130 -0.928158
v -2.994778 0.821569 -0.403269
v -3.030674 0.370722 -1.099500
v -3.030759 0.369560 -0.928158
v -2.994520 0.825130 -0.928158
v -2.994778 0.821569 -0.403269
v -2.994520 0.825130 -0.928158
v -2.994778 0.821569 -0.403269
v -2.994520 0.825130 -0.928158
v -2.994778 0.821569 -0.403269
v -2.994778 0.821569 -0.403269
v -2.994520 0.825130 -0.928158
v -2.994778 0.821569 -0.403269
v -2.994520 0.825130 -0.928158
v -3.030759 0.369560 -0.928158
v -2.994520 0.825130 -0.928158
v -3.030759 0.369560 -0.928158
v -2.994877 0.820197 -0.201110
v -2.995077 0.817441 0.205120
v -2.995077 0.817441 0.205120
v -2.994877 0.820197 -0.201110
v -2.994520 0.825130 -0.928158
v -2.994861 0.820426 -0.234889
v -2.995077 0.817441 0.205120
v -2.994877 0.820197 -0.201110
v -2.994520 0.825130 -0.928158
v -2.995060 0.817671 0.171342
v -2.994520 0.825130 -0.928158
v -2.995060 0.817671 0.171342
v -2.994861 0.820426 -0.234889
v -2.995077 0.817441 0.205120
v -2.994877 0.820197 -0.201110
v -3.030759 0.369560 -0.928158
v -3.031099 0.364856 -0.234889
v -2.995077 0.817441 0.205120
v -2.994877 0.820197 -0.201110
v -3.031099 0.364856 -0.234889
v -3.031116 0.364627 -0.201110
v -3.031315 0.361871 0.205120
v -3.031116 0.364627 -0.201110
v -2.363250 0.792282 -1.099500
v -2.404514 0.334259 -1.099500
v -2.363250 0.792282 -1.099500
v -2.404514 0.334259 -1.099500
v -2.363250 0.792282 -1.099500
v -2.404514 0.334259 -1.099500
v -2.363250 0.792282 -1.275997
v -2.404514 0.334259 -1.275997
v -1.222376 0.354392 -1.197856
v -1.222376 0.323687 -1.197856
v 3.053875 0.521277 0.491657
v -3.036867 1.482482 -1.099500
v -2.994436 0.826292 1.099500
v -3.036867 1.490430 1.099500
v -3.036867 1.488443 0.549750
v 3.039541 0.508321 1.008711
v 3.053523 1.258231 1.008885
v -3.036867 1.482482 -1.099500
v -3.036867 1.490430 1.099500
v 3.062172 1.264188 1.015559
v 0.532299 1.997661 0.667685
v -3.036867 1.488443 0.549750
v 3.038800 0.518580 -0.026238
v 3.105579 1.161098 -0.055266
v 0.539204 1.995988 -0.069939
v -3.033047 1.430636 1.099500
v 3.097237 1.162037 0.504513
v 3.042828 1.244041 0.549750
v -0.383412 0.479869 1.092277
v 2.714608 0.727552 1.098193
v 2.744114 0.517081 1.099500
v -1.252284 1.744045 0.883592
v -0.887811 1.792662 -0.042030
v 2.410725 1.432446 0.991546
v 2.421393 1.432028 -0.017485
v 1.861497 1.111115 1.099500
v 1.563171 0.666669 1.099500
v 1.569187 0.462118 1.099500
v -0.391382 0.686032 1.099500
v -1.223945 0.709899 1.099500
v -1.217929 0.712844 1.099500
v -2.363250 0.792282 1.099500
v -1.490496 1.101965 1.099500
v -2.113227 1.123625 1.099500
v -0.385366 0.481480 1.099500
v -0.391382 0.686032 1.099500
v -1.216224 0.483573 1.095244
v 1.569187 0.326786 1.016296
v -0.385366 0.346148 1.016296
v -0.382877 0.343966 1.019950
v -1.222376 0.354392 1.021359
v 1.569827 0.323137 0.863117
v -0.714143 1.759543 0.843907
v 0.486872 1.884989 0.743888
v 1.969508 1.400182 0.997958
v -0.706472 1.546743 0.973749
v 0.516934 1.921163 0.718760
v -0.819334 1.782290 0.831212
v -0.826103 1.707791 0.896153
v 2.228705 1.355807 1.047192
v -0.838873 1.523320 1.018667
v 3.045884 0.514663 1.008711
v 3.060826 1.258670 1.012297
v 3.105931 1.018909 -0.046473
v 3.100410 1.055252 0.505147
v 3.051962 1.174483 1.008865
v 3.106793 1.051121 -0.046473
v 3.075380 1.210134 0.756699
v 3.058986 0.514596 0.755994
v 3.052500 1.254114 0.782655
v 3.076186 1.114867 0.757006
v 0.323898 1.490310 0.983071
v 0.269817 1.862318 0.761964
v 0.149708 1.499851 0.981495
v 0.132323 1.847956 0.773414
v 0.267083 1.367871 1.054028
v 0.259426 0.679584 1.099500
v 0.254208 1.463414 1.022674
v 0.268858 1.364398 1.050316
v 0.255301 0.475134 1.099500
v -0.836631 0.700475 1.099500
v -0.805763 0.481747 1.093782
v -0.836577 0.698794 1.099500
v -0.859263 1.407408 1.067101
v -0.859335 1.409655 1.069531
v 1.450853 0.463290 1.099500
v 1.454343 1.323830 1.037688
v 1.446194 0.667828 1.099500
v 1.408119 1.400617 1.039561
v 1.457195 1.319092 1.032636
v 1.348578 1.434190 0.992341
v 0.149708 1.499851 0.981495
v 0.226563 1.495641 0.982190
v -0.538040 1.294564 1.069522
v -0.547885 1.235848 1.066744
v -0.768021 1.251843 1.066797
v -0.754101 1.309974 1.071458
v 0.610819 1.259935 1.051772
v 0.610968 1.203107 1.047512
v 0.370646 1.209531 1.053577
v 0.372998 1.266846 1.055465
v 2.714608 0.727552 1.238386
v 2.744114 0.517081 1.239692
v 2.492957 1.127896 1.142573
v 1.862246 1.111115 1.238386
v 1.563171 0.666669 1.239692
v 1.569187 0.462118 1.239692
v 1.569187 0.326786 1.156489
v -1.223945 0.709899 1.275997
v -1.217929 0.712844 1.275997
v -2.363250 0.792282 1.275997
v -1.490496 1.101965 1.275997
v -2.113227 1.123625 1.275997
v -1.216224 0.483573 1.271741
v -1.222376 0.354392 1.197856
v -1.223945 0.709899 1.275997
v -1.217929 0.712844 1.275997
v -2.363250 0.792282 1.275997
v -1.490496 1.101965 1.275997
v -2.113227 1.123625 1.275997
v -1.216224 0.483573 1.271741
v -1.222376 0.354392 1.197856
v -1.223945 0.709899 1.275997
v -1.217929 0.712844 1.275997
v -2.363250 0.792282 1.275997
v -1.490496 1.101965 1.275997
v -2.113227 1.123625 1.275997
v -1.216224 0.483573 1.271741
v -1.222376 0.354392 1.197856
v 1.508655 0.667209 1.099500
v 2.805330 0.515266 1.080687
v 2.793052 0.752152 1.080864
v 2.505645 1.161861 1.055123
v 1.808529 1.180206 1.076463
v -1.152573 0.710926 1.100420
v -2.442669 0.796561 1.099500
v -1.151050 0.483283 1.095012
v -1.163327 0.353659 1.021260
v -1.153848 0.707978 1.099960
v -1.463027 1.198552 1.089847
v -2.129569 1.210782 1.095731
v 2.492957 1.127896 1.282766
v 2.492957 1.127896 1.142573
v 2.492957 1.127896 1.282766
v -1.222376 0.354392 1.197856
v -1.227415 0.349769 1.007110
v 1.569187 0.296080 1.156489
v -1.222376 0.323687 1.197856
v 1.569187 0.296080 1.156489
v -1.222376 0.323687 1.197856
v 1.564501 0.161843 1.073094
v -1.272101 0.173359 1.129053
v -3.030674 0.370722 1.099500
v -2.478907 0.340991 1.099500
v -2.404514 0.334259 1.099500
v -2.483932 0.338538 1.099500
v -2.994520 0.825130 0.928158
v -2.995060 0.817671 -0.171342
v -2.994520 0.825130 0.928158
v -2.995060 0.817671 -0.171342
v -2.994436 0.826292 1.099500
v -2.994520 0.825130 0.928158
v -2.994520 0.825130 0.928158
v -2.994778 0.821569 0.403269
v -3.030674 0.370722 1.099500
v -3.030759 0.369560 0.928158
v -2.994520 0.825130 0.928158
v -2.994778 0.821569 0.403269
v -2.994520 0.825130 0.928158
v -2.994778 0.821569 0.403269
v -2.994520 0.825130 0.928158
v -2.994778 0.821569 0.403269
v -2.994778 0.821569 0.403269
v -2.994520 0.825130 0.928158
v -2.994778 0.821569 0.403269
v -2.994520 0.825130 0.928158
v -3.030759 0.369560 0.928158
v -2.994520 0.825130 0.928158
v -3.030759 0.369560 0.928158
v -2.994877 0.820197 0.201110
v -2.995077 0.817441 -0.205120
v -2.995077 0.817441 -0.205120
v -2.994877 0.820197 0.201110
v -2.994520 0.825130 0.928158
v -2.994861 0.820426 0.234889
v -2.995077 0.817441 -0.205120
v -2.994877 0.820197 0.201110
v -2.994520 0.825130 0.928158
v -2.995060 0.817671 -0.171342
v -2.994520 0.825130 0.928158
v -2.995060 0.817671 -0.171342
v -2.994861 0.820426 0.234889
v -2.995077 0.817441 -0.205120
v -2.994877 0.820197 0.201110
v -3.030759 0.369560 0.928158
v -3.031099 0.364856 0.234889
v -2.995077 0.817441 -0.205120
v -2.994877 0.820197 0.201110
v -3.031099 0.364856 0.234889
v -3.031116 0.364627 0.201110
v -3.031315 0.361871 -0.205120
v -3.031116 0.364627 0.201110
v -2.363250 0.792282 1.099500
v -2.404514 0.334259 1.099500
v -2.363250 0.792282 1.099500
v -2.404514 0.334259 1.099500
v -2.363250 0.792282 1.099500
v -2.404514 0.334259 1.099500
v -2.363250 0.792282 1.275997
v -2.404514 0.334259 1.275997
v -1.222376 0.354392 1.197856
v -1.222376 0.323687 1.197856
v -1.222376 0.323687 -1.197856
v -1.222376 0.354392 -1.197856
v -1.222376 0.323687 -1.197856
v -1.222376 0.354392 -1.197856
v -1.222376 0.323687 -1.197856
v -1.272101 0.173359 -1.129053
v -1.222376 0.323687 1.197856
v -1.272101 0.173359 1.129053
v -1.222376 0.323687 -1.197856
v -1.272101 0.173359 -1.129053
v -3.028768 0.370619 -1.099500
v -2.477000 0.340888 -1.099500
v 3.094038 0.506705 -0.991963
v 2.859827 0.513650 -1.063940
v 2.899554 0.512472 1.051731
v 3.039541 0.508321 1.008711
v 3.094038 0.506705 0.991963
v 3.094038 0.506705 -0.991963
v 3.039541 0.508321 1.008711
v 2.802901 0.515338 1.081434
v 1.569187 0.296080 1.156489
v 1.564501 0.161843 1.073094
v 1.569187 0.296080 -0.987539
v 1.564624 0.165372 -1.075287
v 1.569187 0.296080 -0.989099
v 1.564624 0.165372 -1.075287
v 1.569187 0.326786 -1.016296
v 1.569187 0.326786 -1.156489
v 1.569187 0.326786 -1.156489
v 1.569187 0.296080 -1.156489
v -1.222376 0.323687 1.063066
v 1.569187 0.296080 -1.153242
v 1.569189 0.296151 -1.153198
v -1.259159 0.173306 1.128797
v -1.222376 0.323687 1.197856
v -1.222376 0.354392 1.197856
v -1.222376 0.326608 1.197856
v -1.259102 0.173477 1.128720
v -3.030674 0.370722 1.099500
v -2.478907 0.340991 1.099500
v -3.030674 0.370722 1.099500
v -2.478907 0.340991 1.099500
v -2.976643 0.184612 1.099500
v -2.424875 0.154882 1.099500
v 3.052944 0.335333 0.974148
v 2.802901 0.515338 1.081434
v 2.899554 0.512472 1.051731
v 2.764361 0.343890 1.067473
v 2.744114 0.517081 1.239692
v 2.703146 0.345706 1.226478
v 2.805330 0.515266 1.080687
v 3.081070 0.507089 -0.515880
v -3.036867 1.482482 1.099500
v -2.994436 0.826292 -1.099500
v -3.036867 1.490430 -1.099500
v -3.036867 1.488443 -0.549750
v 3.093913 0.506708 -0.987363
v 3.053523 1.258231 -1.008885
v -3.036867 1.482482 1.099500
v -3.036867 1.490430 -1.099500
v 3.062172 1.264188 -1.015559
v 0.532299 1.997661 -0.667685
v -3.036867 1.488443 -0.549750
v 3.038800 0.518580 0.026238
v 3.105579 1.161098 0.055266
v 0.539204 1.995988 0.069939
v -3.033047 1.430636 -1.099500
v 3.097237 1.162037 -0.504513
v 3.042828 1.244041 -0.549750
v -0.383412 0.479869 -1.092277
v 2.714608 0.727552 -0.811172
v 2.744114 0.517081 -0.812479
v -1.252284 1.744045 -0.883592
v -0.887811 1.792662 0.042030
v 2.410725 1.432446 -0.991546
v 2.421393 1.432028 0.017485
v 1.861497 1.111115 -0.812479
v 1.563171 0.666669 -0.812479
v 1.569187 0.462118 -0.812479
v -0.391382 0.686032 -1.099500
v -1.223945 0.709899 -0.788974
v -1.217929 0.712844 -0.788974
v -2.363250 0.792282 -0.788974
v -1.490496 1.101965 -0.788974
v -2.113227 1.123625 -0.788974
v -0.385366 0.481480 -1.099500
v -0.391382 0.686032 -1.099500
v -1.216224 0.483573 -0.784718
v 1.569187 0.326786 -0.729275
v -0.385366 0.346148 -1.016296
v -0.382877 0.343966 -1.019950
v -1.222376 0.354392 -0.710833
v 1.569827 0.323137 -0.863117
v -0.714143 1.759543 -0.843907
v 0.486872 1.884989 -0.743888
v 1.969508 1.400182 -0.997958
v -0.706472 1.546743 -0.973749
v 0.516934 1.921163 -0.718760
v -0.819334 1.782290 -0.831212
v -0.826103 1.707791 -0.896153
v 2.228705 1.355807 -1.047192
v -0.838873 1.523320 -1.018667
v 3.045884 0.514663 -1.008711
v 3.060826 1.258670 -1.012297
v 3.105931 1.018909 0.046473
v 3.100410 1.055252 -0.505147
v 3.106333 1.172871 -0.987517
v 3.106793 1.051121 0.046473
v 3.075380 1.210134 -0.756699
v 3.087484 0.506899 -0.751344
v 3.052500 1.254114 -0.782655
v 3.104683 1.107171 -0.752357
v 0.323898 1.490310 -0.983071
v 0.269817 1.862318 -0.761964
v 0.149708 1.499851 -0.981495
v 0.132323 1.847956 -0.773414
v 0.267083 1.367871 -1.054028
v 0.259426 0.679584 -1.099500
v 0.254208 1.463414 -1.022674
v 0.268858 1.364398 -1.050316
v 0.255301 0.475134 -1.099500
v -0.836631 0.700475 -1.099500
v -0.805763 0.481747 -1.093782
v -0.836577 0.698794 -1.099500
v -0.859263 1.407408 -1.067101
v -0.859335 1.409655 -1.069531
v 1.450853 0.463290 -1.099500
v 1.454343 1.323830 -1.037688
v 1.446194 0.667828 -1.099500
v 1.408119 1.400617 -1.039561
v 1.457195 1.319092 -1.032636
v 1.348578 1.434190 -0.992341
v 0.149708 1.499851 -0.981495
v 0.226563 1.495641 -0.982190
v -0.538040 1.294564 -1.069522
v -0.547885 1.235848 -1.066744
v -0.768021 1.251843 -1.066797
v -0.754101 1.309974 -1.071458
v 0.610819 1.259935 -1.051772
v 0.610968 1.203107 -1.047512
v 0.370646 1.209531 -1.053577
v 0.372998 1.266846 -1.055465
v 2.714608 0.727552 -1.238386
v 2.744114 0.517081 -1.239692
v 2.492957 1.127896 -0.855552
v 1.862246 1.111115 -1.238386
v 1.563171 0.666669 -1.239692
v 1.569187 0.462118 -1.239692
v 1.569187 0.326786 -1.156489
v -1.223945 0.709899 -1.275997
v -1.217929 0.712844 -1.275997
v -2.363250 0.792282 -1.275997
v -1.490496 1.101965 -1.275997
v -2.113227 1.123625 -1.275997
v -1.216224 0.483573 -1.271741
v -1.222376 0.354392 -1.197856
v -1.223945 0.709899 -1.275997
v -1.217929 0.712844 -1.275997
v -2.363250 0.792282 -1.275997
v -1.490496 1.101965 -1.275997
v -2.113227 1.123625 -1.275997
v -1.216224 0.483573 -1.271741
v -1.222376 0.354392 -1.197856
v -1.223945 0.709899 -1.275997
v -1.217929 0.712844 -1.275997
v -2.363250 0.792282 -1.275997
v -1.490496 1.101965 -1.275997
v -2.113227 1.123625 -1.275997
v -1.216224 0.483573 -1.271741
v -1.222376 0.354392 -1.197856
v 1.508655 0.667209 -1.099500
v 2.805330 0.515266 -1.080687
v 2.793052 0.752152 -1.080864
v 2.505645 1.161861 -1.055123
v 1.808529 1.180206 -1.076463
v -1.152573 0.710926 -1.100420
v -2.442669 0.796561 -1.099500
v -1.151050 0.483283 -1.095012
v -1.163327 0.353659 -1.021260
v -1.153848 0.707978 -1.099960
v -1.463027 1.198552 -1.089847
v -2.129569 1.210782 -1.095731
v 2.492957 1.127896 -1.282766
v 2.492957 1.127896 -1.142573
v 2.492957 1.127896 -1.282766
v -1.222376 0.354392 -1.197856
v -1.227415 0.349769 -0.720089
v 1.569187 0.296080 -1.156489
v -1.222376 0.323687 -1.197856
v 1.569187 0.296080 -1.156489
v -1.222376 0.323687 -1.197856
v 1.564501 0.161843 -1.073094
v -1.272101 0.173359 -1.129053
v -3.030674 0.370722 -1.099500
v -2.478907 0.340991 -1.099500
v -2.404514 0.334259 -1.099500
v -2.483932 0.338538 -1.099500
v -2.994520 0.825130 -0.928158
v -2.995060 0.817671 0.171342
v -2.994520 0.825130 -0.928158
v -2.995060 0.817671 0.171342
v -2.994436 0.826292 -1.099500
v -2.994520 0.825130 -0.928158
v -2.994520 0.825130 -0.928158
v -2.994778 0.821569 -0.403269
v -3.030674 0.370722 -1.099500
v -3.030759 0.369560 -0.928158
v -2.994520 0.825130 -0.928158
v -2.994778 0.821569 -0.403269
v -2.994520 0.825130 -0.928158
v -2.994778 0.821569 -0.403269
v -2.994520 0.825130 -0.928158
v -2.994778 0.821569 -0.403269
v -2.994778 0.821569 -0.403269
v -2.994520 0.825130 -0.928158
v -2.994778 0.821569 -0.403269
v -2.994520 0.825130 -0.928158
v -3.030759 0.369560 -0.928158
v -2.994520 0.825130 -0.928158
v -3.030759 0.369560 -0.928158
v -2.994877 0.820197 -0.201110
v -2.995077 0.817441 0.205120
v -2.995077 0.817441 0.205120
v -2.994877 0.820197 -0.201110
v -2.994520 0.825130 -0.928158
v -2.994861 0.820426 -0.234889
v -2.995077 0.817441 0.205120
v -2.994877 0.820197 -0.201110
v -2.994520 0.825130 -0.928158
v -2.995060 0.817671 0.171342
v -2.994520 0.825130 -0.928158
v -2.995060 0.817671 0.171342
v -2.994861 0.820426 -0.234889
v -2.995077 0.817441 0.205120
v -2.994877 0.820197 -0.201110
v -3.030759 0.369560 -0.928158
v -3.031099 0.364856 -0.234889
v -2.995077 0.817441 0.205120
v -2.994877 0.820197 -0.201110
v -3.031099 0.364856 -0.234889
v -3.031116 0.364627 -0.201110
v -3.031315 0.361871 0.205120
v -3.031116 0.364627 -0.201110
v -2.363250 0.792282 -1.099500
v -2.404514 0.334259 -1.099500
v -2.363250 0.792282 -1.099500
v -2.404514 0.334259 -1.099500
v -2.363250 0.792282 -1.099500
v -2.404514 0.334259 -1.099500
v -2.363250 0.792282 -1.275997
v -2.404514 0.334259 -1.275997
v -1.222376 0.354392 -1.197856
v -1.222376 0.323687 -1.197856
v 3.053875 0.521277 0.491657
v -3.036867 1.482482 -1.099500
v -2.994436 0.826292 1.099500
v -3.036867 1.490430 1.099500
v -3.036867 1.488443 0.549750
v 3.039541 0.508321 1.008711
v 3.053523 1.258231 1.008885
v -3.036867 1.482482 -1.099500
v -3.036867 1.490430 1.099500
v 3.062172 1.264188 1.015559
v 0.532299 1.997661 0.667685
v -3.036867 1.488443 0.549750
v 3.038800 0.518580 -0.026238
v 3.105579 1.161098 -0.055266
v 0.539204 1.995988 -0.069939
v -3.033047 1.430636 1.099500
v 3.097237 1.162037 0.504513
v 3.042828 1.244041 0.549750
v -0.383412 0.479869 1.092277
v 2.714608 0.727552 1.098193
v 2.744114 0.517081 1.099500
v -1.252284 1.744045 0.883592
v -0.887811 1.792662 -0.042030
v 2.410725 1.432446 0.991546
v 2.421393 1.432028 -0.017485
v 1.861497 1.111115 1.099500
v 1.563171 0.666669 1.099500
v 1.569187 0.462118 1.099500
v -0.391382 0.686032 1.099500
v -1.223945 0.709899 1.099500
v -1.217929 0.712844 1.099500
v -2.363250 0.792282 1.099500
v -1.490496 1.101965 1.099500
v -2.113227 1.123625 1.099500
v -0.385366 0.481480 1.099500
v -0.391382 0.686032 1.099500
v -1.216224 0.483573 1.095244
v 1.569187 0.326786 1.016296
v -0.385366 0.346148 1.016296
v -0.382877 0.343966 1.019950
v 1.569827 0.323137 0.863117
v -0.714143 1.759543 0.843907
v 0.486872 1.884989 0.743888
v 1.969508 1.400182 0.997958
v -0.706472 1.546743 0.973749
v 0.516934 1.921163 0.718760
v -0.819334 1.782290 0.831212
v -0.826103 1.707791 0.896153
v 2.228705 1.355807 1.047192
v -0.838873 1.523320 1.018667
v 3.045884 0.514663 1.008711
v 3.060826 1.258670 1.012297
v 3.105931 1.018909 -0.046473
v 3.100410 1.055252 0.505147
v 3.051962 1.174483 1.008865
v 3.106793 1.051121 -0.046473
v 3.075380 1.210134 0.756699
v 3.058986 0.514596 0.755994
v 3.052500 1.254114 0.782655
v 3.076186 1.114867 0.757006
v 0.323898 1.490310 0.983071
v 0.269817 1.862318 0.761964
v 0.149708 1.499851 0.981495
v 0.132323 1.847956 0.773414
v 0.267083 1.367871 1.054028
v 0.259426 0.679584 1.099500
v 0.254208 1.463414 1.022674
v 0.268858 1.364398 1.050316
v 0.255301 0.475134 1.099500
v -0.836631 0.700475 1.099500
v -0.805763 0.481747 1.093782
v -0.836577 0.698794 1.099500
v -0.859263 1.407408 1.067101
v -0.859335 1.409655 1.069531
v 1.450853 0.463290 1.099500
v 1.454343 1.323830 1.037688
v 1.446194 0.667828 1.099500
v 1.408119 1.400617 1.039561
v 1.457195 1.319092 1.032636
v 1.348578 1.434190 0.992341
v 0.149708 1.499851 0.981495
v 0.226563 1.495641 0.982190
v -0.538040 1.294564 1.069522
v -0.547885 1.235848 1.066744
v -0.768021 1.251843 1.066797
v -0.754101 1.309974 1.071458
v 0.610819 1.259935 1.051772
v 0.610968 1.203107 1.047512
v 0.370646 1.209531 1.053577
v 0.372998 1.266846 1.055465
v 2.714608 0.727552 1.238386
v 2.744114 0.517081 1.239692
v 2.492957 1.127896 1.142573
v 1.862246 1.111115 1.238386
v 1.563171 0.666669 1.239692
v 1.569187 0.462118 1.239692
v 1.569187 0.326786 1.156489
v -1.223945 0.709899 1.275997
v -1.217929 0.712844 1.275997
v -2.363250 0.792282 1.275997
v -1.490496 1.101965 1.275997
v -2.113227 1.123625 1.275997
v -1.216224 0.483573 1.271741
v -1.222376 0.354392 1.197856
v -1.223945 0.709899 1.275997
v -1.217929 0.712844 1.275997
v -2.363250 0.792282 1.275997
v -1.490496 1.101965 1.275997
v -2.113227 1.123625 1.275997
v -1.216224 0.483573 1.271741
v -1.222376 0.354392 1.197856
v -1.223945 0.709899 1.275997
v -1.217929 0.712844 1.275997
v -2.363250 0.792282 1.275997
v -1.490496 1.101965 1.275997
v -2.113227 1.123625 1.275997
v -1.216224 0.483573 1.271741
v -1.222376 0.354392 1.197856
v 1.508655 0.667209 1.099500
v 2.805330 0.515266 1.080687
v 2.793052 0.752152 1.080864
v 2.505645 1.161861 1.055123
v 1.808529 1.180206 1.076463
v -1.152573 0.710926 1.100420
v -2.442669 0.796561 1.099500
v -1.151050 0.483283 1.095012
v -1.163327 0.353659 1.021260
v -1.153848 0.707978 1.099960
v -1.463027 1.198552 1.089847
v -2.129569 1.210782 1.095731
v 2.492957 1.127896 1.282766
v 2.492957 1.127896 1.142573
v 2.492957 1.127896 1.282766
v -1.222376 0.354392 1.197856
v -1.227415 0.349769 1.007110
v 1.569187 0.296080 1.156489
v -1.222376 0.323687 1.197856
v 1.569187 0.296080 1.156489
v -1.222376 0.323687 1.197856
v 1.564501 0.161843 1.073094
v -1.272101 0.173359 1.129053
v -3.030674 0.370722 1.099500
v -2.478907 0.340991 1.099500
v -2.404514 0.334259 1.099500
v -2.483932 0.338538 1.099500
v -2.994520 0.825130 0.928158
v -2.995060 0.817671 -0.171342
v -2.994520 0.825130 0.928158
v -2.995060 0.817671 -0.171342
v -2.994436 0.826292 1.099500
v -2.994520 0.825130 0.928158
v -2.994520 0.825130 0.928158
v -2.994778 0.821569 0.403269
v -3.030674 0.370722 1.099500
v -3.030759 0.369560 0.928158
v -2.994520 0.825130 0.928158
v -2.994778 0.821569 0.403269
v -2.994520 0.825130 0.928158
v -2.994778 0.821569 0.403269
v -2.994520 0.825130 0.928158
v -2.994778 0.821569 0.403269
v -2.994778 0.821569 0.403269
v -2.994520 0.825130 0.928158
v -2.994778 0.821569 0.403269
v -2.994520 0.825130 0.928158
v -3.030759 0.369560 0.928158
v -2.994520 0.825130 0.928158
v -3.030759 0.369560 0.928158
v -2.994877 0.820197 0.201110
v -2.995077 0.817441 -0.205120
v -2.995077 0.817441 -0.205120
v -2.994877 0.820197 0.201110
v -2.994520 0.825130 0.928158
v -2.994861 0.820426 0.234889
v -2.995077 0.817441 -0.205120
v -2.994877 0.820197 0.201110
v -2.994520 0.825130 0.928158
v -2.995060 0.817671 -0.171342
v -2.994520 0.825130 0.928158
v -2.995060 0.817671 -0.171342
v -2.994861 0.820426 0.234889
v -2.995077 0.817441 -0.205120
v -2.994877 0.820197 0.201110
v -3.030759 0.369560 0.928158
v -3.031099 0.364856 0.234889
v -2.995077 0.817441 -0.205120
v -2.994877 0.820197 0.201110
v -3.031099 0.364856 0.234889
v -3.031116 0.364627 0.201110
v -3.031315 0.361871 -0.205120
v -3.031116 0.364627 0.201110
v -2.363250 0.792282 1.099500
v -2.404514 0.334259 1.099500
v -2.363250 0.792282 1.099500
v -2.404514 0.334259 1.099500
v -2.363250 0.792282 1.099500
v -2.404514 0.334259 1.099500
v -2.363250 0.792282 1.275997
v -2.404514 0.334259 1.275997
v -1.222376 0.354392 1.197856
v -1.222376 0.323687 1.197856
v -1.222376 0.323687 -1.197856
v -1.222376 0.354392 -1.197856
v -1.222376 0.323687 -1.197856
v -1.222376 0.354392 -1.197856
v -1.222376 0.323687 -1.197856
v -1.272101 0.173359 -1.129053
v -1.222376 0.323687 1.197856
v -1.272101 0.173359 1.129053
v -1.222376 0.323687 -1.197856
v -1.272101 0.173359 -1.129053
v -3.028768 0.370619 -1.099500
v -2.477000 0.340888 -1.099500
v 3.094038 0.506705 -0.991963
v 2.859827 0.513650 -1.063940
v 3.092770 0.501419 0.979717
v 2.899554 0.512472 1.051731
v 3.039541 0.508321 1.008711
v 3.039878 0.526370 1.008715
v 3.094038 0.506705 -0.991963
v 3.039541 0.508321 1.008711
v 2.802901 0.515338 1.081434
v 1.569187 0.296080 1.156489
v 1.564501 0.161843 1.073094
v 1.569187 0.296080 -0.987539
v 1.564624 0.165372 -1.075287
v 1.569187 0.296080 -0.989099
v 1.564624 0.165372 -1.075287
v 1.569187 0.326786 -1.016296
v 1.569187 0.326786 -1.156489
v 1.569187 0.326786 -1.156489
v 1.569187 0.296080 -1.156489
v -1.222376 0.323687 1.063066
v 1.569187 0.296080 -1.153242
v 1.569189 0.296151 -1.153198
v -1.259159 0.173306 1.128797
v -1.222376 0.323687 1.197856
v -1.222376 0.354392 1.197856
v -1.222376 0.326608 1.197856
v -1.259102 0.173477 1.128720
v 3.081070 0.507089 0.515880
v -3.036867 1.482482 -1.099500
v -2.994436 0.826292 1.099500
v -3.036867 1.490430 1.099500
v -3.036867 1.488443 0.549750
v 3.092352 0.499676 0.979659
v 3.053523 1.258231 1.008885
v -3.036867 1.482482 -1.099500
v -3.036867 1.490430 1.099500
v 3.062172 1.264188 1.015559
v 0.532299 1.997661 0.667685
v -3.036867 1.488443 0.549750
v 3.038800 0.518580 -0.026238
v 3.105579 1.161098 -0.055266
v 0.539204 1.995988 -0.069939
v -3.033047 1.430636 1.099500
v 3.097237 1.162037 0.504513
v 3.042828 1.244041 0.549750
v -0.383412 0.479869 1.092277
v 2.714608 0.727552 0.811172
v 2.744114 0.517081 0.812479
v -1.252284 1.744045 0.883592
v -0.887811 1.792662 -0.042030
v 2.410725 1.432446 0.991546
v 2.421393 1.432028 -0.017485
v 1.861497 1.111115 0.812479
v 1.563171 0.666669 0.812479
v 1.569187 0.462118 0.812479
v -0.391382 0.686032 1.099500
v -1.223945 0.709899 0.788974
v -1.217929 0.712844 0.788974
v -2.363250 0.792282 0.788974
v -1.490496 1.101965 0.788974
v -2.113227 1.123625 0.788974
v -0.385366 0.481480 1.099500
v -0.391382 0.686032 1.099500
v -1.216224 0.483573 0.784718
v 1.569187 0.326786 0.729275
v -0.385366 0.346148 1.016296
v -0.382877 0.343966 1.019950
v -1.222376 0.354392 0.710833
v 1.569827 0.323137 0.863117
v -0.714143 1.759543 0.843907
v 0.486872 1.884989 0.743888
v 1.969508 1.400182 0.997958
v -0.706472 1.546743 0.973749
v 0.516934 1.921163 0.718760
v -0.819334 1.782290 0.831212
v -0.826103 1.707791 0.896153
v 2.228705 1.355807 1.047192
v -0.838873 1.523320 1.018667
v 3.049663 0.508021 1.005600
v 3.060826 1.258670 1.012297
v 3.105931 1.018909 -0.046473
v 3.100410 1.055252 0.505147
v 3.106333 1.172871 0.987517
v 3.106793 1.051121 -0.046473
v 3.075380 1.210134 0.756699
v 3.087484 0.506899 0.751344
v 3.052500 1.254114 0.782655
v 3.104683 1.107171 0.752357
v 0.323898 1.490310 0.983071
v 0.269817 1.862318 0.761964
v 0.149708 1.499851 0.981495
v 0.132323 1.847956 0.773414
v 0.267083 1.367871 1.054028
v 0.259426 0.679584 1.099500
v 0.254208 1.463414 1.022674
v 0.268858 1.364398 1.050316
v 0.255301 0.475134 1.099500
v -0.836631 0.700475 1.099500
v -0.805763 0.481747 1.093782
v -0.836577 0.698794 1.099500
v -0.859263 1.407408 1.067101
v -0.859335 1.409655 1.069531
v 1.450853 0.463290 1.099500
v 1.454343 1.323830 1.037688
v 1.446194 0.667828 1.099500
v 1.408119 1.400617 1.039561
v 1.457195 1.319092 1.032636
v 1.348578 1.434190 0.992341
v 0.149708 1.499851 0.981495
v 0.226563 1.495641 0.982190
v -0.538040 1.294564 1.069522
v -0.547885 1.235848 1.066744
v -0.768021 1.251843 1.066797
v -0.754101 1.309974 1.071458
v 0.610819 1.259935 1.051772
v 0.610968 1.203107 1.047512
v 0.370646 1.209531 1.053577
v 0.372998 1.266846 1.055465
v 2.714608 0.727552 1.238386
v 2.744114 0.517081 1.239692
v 2.492957 1.127896 0.855552
v 1.862246 1.111115 1.238386
v 1.563171 0.666669 1.239692
v 1.569187 0.462118 1.239692
v 1.569187 0.326786 1.156489
v -1.223945 0.709899 1.275997
v -1.217929 0.712844 1.275997
v -2.363250 0.792282 1.275997
v -1.490496 1.101965 1.275997
v -2.113227 1.123625 1.275997
v -1.216224 0.483573 1.271741
v -1.222376 0.354392 1.197856
v -1.223945 0.709899 1.275997
v -1.217929 0.712844 1.275997
v -2.363250 0.792282 1.275997
v -1.490496 1.101965 1.275997
v -2.113227 1.123625 1.275997
v -1.216224 0.483573 1.271741
v -1.222376 0.354392 1.197856
v -1.223945 0.709899 1.275997
v -1.217929 0.712844 1.275997
v -2.363250 0.792282 1.275997
v -1.490496 1.101965 1.275997
v -2.113227 1.123625 1.275997
v -1.216224 0.483573 1.271741
v -1.222376 0.354392 1.197856
v 1.508655 0.667209 1.099500
v 2.805330 0.515266 1.080687
v 2.793052 0.752152 1.080864
v 2.505645 1.161861 1.055123
v 1.808529 1.180206 1.076463
v -1.152573 0.710926 1.100420
v -2.442669 0.796561 1.099500
v -1.151050 0.483283 1.095012
v -1.163327 0.353659 1.021260
v -1.153848 0.707978 1.099960
v -1.463027 1.198552 1.089847
v -2.129569 1.210782 1.095731
v 2.492957 1.127896 1.282766
v 2.492957 1.127896 1.142573
v 2.492957 1.127896 1.282766
v -1.222376 0.354392 1.197856
v -1.227415 0.349769 0.720089
v 1.569187 0.296080 1.156489
v -1.222376 0.323687 1.197856
v 1.569187 0.296080 1.156489
v -1.222376 0.323687 1.197856
v 1.564501 0.161843 1.073094
v -1.272101 0.173359 1.129053
v -3.030674 0.370722 1.099500
v -2.478907 0.340991 1.099500
v -2.404514 0.334259 1.099500
v -2.483932 0.338538 1.099500
v -2.994520 0.825130 0.928158
v -2.995060 0.817671 -0.171342
v -2.994520 0.825130 0.928158
v -2.995060 0.817671 -0.171342
v -2.994436 0.826292 1.099500
v -2.994520 0.825130 0.928158
v -2.994520 0.825130 0.928158
v -2.994778 0.821569 0.403269
v -3.030674 0.370722 1.099500
v -3.030759 0.369560 0.928158
v -2.994520 0.825130 0.928158
v -2.994778 0.821569 0.403269
v -2.994520 0.825130 0.928158
v -2.994778 0.821569 0.403269
v -2.994520 0.825130 0.928158
v -2.994778 0.821569 0.403269
v -2.994778 0.821569 0.403269
v -2.994520 0.825130 0.928158
v -2.994778 0.821569 0.403269
v -2.994520 0.825130 0.928158
v -3.030759 0.369560 0.928158
v -2.994520 0.825130 0.928158
v -3.030759 0.369560 0.928158
v -2.994877 0.820197 0.201110
v -2.995077 0.817441 -0.205120
v -2.995077 0.817441 -0.205120
v -2.994877 0.820197 0.201110
v -2.994520 0.825130 0.928158
v -2.994861 0.820426 0.234889
v -2.995077 0.817441 -0.205120
v -2.994877 0.820197 0.201110
v -2.994520 0.825130 0.928158
v -2.995060 0.817671 -0.171342
v -2.994520 0.825130 0.928158
v -2.995060 0.817671 -0.171342
v -2.994861 0.820426 0.234889
v -2.995077 0.817441 -0.205120
v -2.994877 0.820197 0.201110
v -3.030759 0.369560 0.928158
v -3.031099 0.364856 0.234889
v -2.995077 0.817441 -0.205120
v -2.994877 0.820197 0.201110
v -3.031099 0.364856 0.234889
v -3.031116 0.364627 0.201110
v -3.031315 0.361871 -0.205120
v -3.031116 0.364627 0.201110
v -2.363250 0.792282 1.099500
v -2.404514 0.334259 1.099500
v -2.363250 0.792282 1.099500
v -2.404514 0.334259 1.099500
v -2.363250 0.792282 1.099500
v -2.404514 0.334259 1.099500
v -2.363250 0.792282 1.275997
v -2.404514 0.334259 1.275997
v -1.222376 0.354392 1.197856
v -1.222376 0.323687 1.197856
v 3.053875 0.521277 -0.491657
v -3.036867 1.482482 1.099500
v -2.994436 0.826292 -1.099500
v -3.036867 1.490430 -1.099500
v -3.036867 1.488443 -0.549750
v 3.039541 0.508321 -1.008711
v 3.053523 1.258231 -1.008885
v -3.036867 1.482482 1.099500
v -3.036867 1.490430 -1.099500
v 3.062172 1.264188 -1.015559
v 0.532299 1.997661 -0.667685
v -3.036867 1.488443 -0.549750
v 3.038800 0.518580 0.026238
v 3.105579 1.161098 0.055266
v 0.539204 1.995988 0.069939
v -3.033047 1.430636 -1.099500
v 3.097237 1.162037 -0.504513
v 3.042828 1.244041 -0.549750
v -0.383412 0.479869 -1.092277
v 2.714608 0.727552 -1.098193
v 2.744114 0.517081 -1.099500
v -1.252284 1.744045 -0.883592
v -0.887811 1.792662 0.042030
v 2.410725 1.432446 -0.991546
v 2.421393 1.432028 0.017485
v 1.861497 1.111115 -1.099500
v 1.563171 0.666669 -1.099500
v 1.569187 0.462118 -1.099500
v -0.391382 0.686032 -1.099500
v -1.223945 0.709899 -1.099500
v -1.217929 0.712844 -1.099500
v -2.363250 0.792282 -1.099500
v -1.490496 1.101965 -1.099500
v -2.113227 1.123625 -1.099500
v -0.385366 0.481480 -1.099500
v -0.391382 0.686032 -1.099500
v -1.216224 0.483573 -1.095244
v 1.569187 0.326786 -1.016296
v -0.385366 0.346148 -1.016296
v -0.382877 0.343966 -1.019950
v -1.222376 0.354392 -1.021359
v 1.569827 0.323137 -0.863117
v -0.714143 1.759543 -0.843907
v 0.486872 1.884989 -0.743888
v 1.969508 1.400182 -0.997958
v -0.706472 1.546743 -0.973749
v 0.516934 1.921163 -0.718760
v -0.819334 1.782290 -0.831212
v -0.826103 1.707791 -0.896153
v 2.228705 1.355807 -1.047192
v -0.838873 1.523320 -1.018667
v 3.045884 0.514663 -1.008711
v 3.060826 1.258670 -1.012297
v 3.105931 1.018909 0.046473
v 3.100410 1.055252 -0.505147
v 3.051962 1.174483 -1.008865
v 3.106793 1.051121 0.046473
v 3.075380 1.210134 -0.756699
v 3.058986 0.514596 -0.755994
v 3.052500 1.254114 -0.782655
v 3.076186 1.114867 -0.757006
v 0.323898 1.490310 -0.983071
v 0.269817 1.862318 -0.761964
v 0.149708 1.499851 -0.981495
v 0.132323 1.847956 -0.773414
v 0.267083 1.367871 -1.054028
v 0.259426 0.679584 -1.099500
v 0.254208 1.463414 -1.022674
v 0.268858 1.364398 -1.050316
v 0.255301 0.475134 -1.099500
v -0.836631 0.700475 -1.099500
v -0.805763 0.481747 -1.093782
v -0.836577 0.698794 -1.099500
v -0.859263 1.407408 -1.067101
v -0.859335 1.409655 -1.069531
v 1.450853 0.463290 -1.099500
v 1.454343 1.323830 -1.037688
v 1.446194 0.667828 -1.099500
v 1.408119 1.400617 -1.039561
v 1.457195 1.319092 -1.032636
v 1.348578 1.434190 -0.992341
v 0.149708 1.499851 -0.981495
v 0.226563 1.495641 -0.982190
v -0.538040 1.294564 -1.069522
v -0.547885 1.235848 -1.066744
v -0.768021 1.251843 -1.066797
v -0.754101 1.309974 -1.071458
v 0.610819 1.259935 -1.051772
v 0.610968 1.203107 -1.047512
v 0.370646 1.209531 -1.053577
v 0.372998 1.266846 -1.055465
v 2.714608 0.727552 -1.238386
v 2.744114 0.517081 -1.239692
v 2.492957 1.127896 -1.142573
v 1.862246 1.111115 -1.238386
v 1.563171 0.666669 -1.239692
v 1.569187 0.462118 -1.239692
v 1.569187 0.326786 -1.156489
v -1.223945 0.709899 -1.275997
v -1.217929 0.712844 -1.275997
v -2.363250 0.792282 -1.275997
v -1.490496 1.101965 -1.275997
v -2.113227 1.123625 -1.275997
v -1.216224 0.483573 -1.271741
v -1.222376 0.354392 -1.197856
v -1.223945 0.709899 -1.275997
v -1.217929 0.712844 -1.275997
v -2.363250 0.792282 -1.275997
v -1.490496 1.101965 -1.275997
v -2.113227 1.123625 -1.275997
v -1.216224 0.483573 -1.271741
v -1.222376 0.354392 -1.197856
v -1.223945 0.709899 -1.275997
v -1.217929 0.712844 -1.275997
v -2.363250 0.792282 -1.275997
v -1.490496 1.101965 -1.275997
v -2.113227 1.123625 -1.275997
v -1.216224 0.483573 -1.271741
v -1.222376 0.354392 -1.197856
v 1.508655 0.667209 -1.099500
v 2.805330 0.515266 -1.080687
v 2.793052 0.752152 -1.080864
v 2.505645 1.161861 -1.055123
v 1.808529 1.180206 -1.076463
v -1.152573 0.710926 -1.100420
v -2.442669 0.796561 -1.099500
v -1.151050 0.483283 -1.095012
v -1.163327 0.353659 -1.021260
v -1.153848 0.707978 -1.099960
v -1.463027 1.198552 -1.089847
v -2.129569 1.210782 -1.095731
v 2.492957 1.127896 -1.282766
v 2.492957 1.127896 -1.142573
v 2.492957 1.127896 -1.282766
v -1.222376 0.354392 -1.197856
v -1.227415 0.349769 -1.007110
v 1.569187 0.296080 -1.156489
v -1.222376 0.323687 -1.197856
v 1.569187 0.296080 -1.156489
v -1.222376 0.323687 -1.197856
v 1.564501 0.161843 -1.073094
v -1.272101 0.173359 -1.129053
v -3.030674 0.370722 -1.099500
v -2.478907 0.340991 -1.099500
v -2.404514 0.334259 -1.099500
v -2.483932 0.338538 -1.099500
v -2.994520 0.825130 -0.928158
v -2.995060 0.817671 0.171342
v -2.994520 0.825130 -0.928158
v -2.995060 0.817671 0.171342
v -2.994436 0.826292 -1.099500
v -2.994520 0.825130 -0.928158
v -2.994520 0.825130 -0.928158
v -2.994778 0.821569 -0.403269
v -3.030674 0.370722 -1.099500
v -3.030759 0.369560 -0.928158
v -2.994520 0.825130 -0.928158
v -2.994778 0.821569 -0.403269
v -2.994520 0.825130 -0.928158
v -2.994778 0.821569 -0.403269
v -2.994520 0.825130 -0.928158
v -2.994778 0.821569 -0.403269
v -2.994778 0.821569 -0.403269
v -2.994520 0.825130 -0.928158
v -2.994778 0.821569 -0.403269
v -2.994520 0.825130 -0.928158
v -3.030759 0.369560 -0.928158
v -2.994520 0.825130 -0.928158
v -3.030759 0.369560 -0.928158
v -2.994877 0.820197 -0.201110
v -2.995077 0.817441 0.205120
v -2.995077 0.817441 0.205120
v -2.994877 0.820197 -0.201110
v -2.994520 0.825130 -0.928158
v -2.994861 0.820426 -0.234889
v -2.995077 0.817441 0.205120
v -2.994877 0.820197 -0.201110
v -2.994520 0.825130 -0.928158
v -2.995060 0.817671 0.171342
v -2.994520 0.825130 -0.928158
v -2.995060 0.817671 0.171342
v -2.994861 0.820426 -0.234889
v -2.995077 0.817441 0.205120
v -2.994877 0.820197 -0.201110
v -3.030759 0.369560 -0.928158
v -3.031099 0.364856 -0.234889
v -2.995077 0.817441 0.205120
v -2.994877 0.820197 -0.201110
v -3.031099 0.364856 -0.234889
v -3.031116 0.364627 -0.201110
v -3.031315 0.361871 0.205120
v -3.031116 0.364627 -0.201110
v -2.363250 0.792282 -1.099500
v -2.404514 0.334259 -1.099500
v -2.363250 0.792282 -1.099500
v -2.404514 0.334259 -1.099500
v -2.363250 0.792282 -1.099500
v -2.404514 0.334259 -1.099500
v -2.363250 0.792282 -1.275997
v -2.404514 0.334259 -1.275997
v -1.222376 0.354392 -1.197856
v -1.222376 0.323687 -1.197856
v -1.222376 0.323687 1.197856
v -1.222376 0.354392 1.197856
v -1.222376 0.323687 1.197856
v -1.222376 0.354392 1.197856
v -1.222376 0.323687 1.197856
v -1.272101 0.173359 1.129053
v -1.222376 0.323687 -1.197856
v -1.272101 0.173359 -1.129053
v -1.222376 0.323687 1.197856
v -1.272101 0.173359 1.129053
v -3.028768 0.370619 1.099500
v -2.477000 0.340888 1.099500
v 3.094038 0.506705 0.991963
v 2.859827 0.513650 1.063940
v 2.899554 0.512472 -1.051731
v 3.039541 0.508321 -1.008711
v 3.094038 0.506705 -0.991963
v 3.094038 0.506705 0.991963
v 3.039541 0.508321 -1.008711
v 2.802901 0.515338 -1.081434
v 1.569187 0.296080 -1.156489
v 1.564501 0.161843 -1.073094
v 1.569187 0.296080 0.987539
v 1.564624 0.165372 1.075287
v 1.569187 0.296080 0.989099
v 1.564624 0.165372 1.075287
v 1.569187 0.326786 1.016296
v 1.569187 0.326786 1.156489
v 1.569187 0.326786 1.156489
v 1.569187 0.296080 1.156489
v -1.222376 0.323687 -1.063066
v 1.569187 0.296080 1.153242
v 1.569189 0.296151 1.153198
v -1.259159 0.173306 -1.128797
v -1.222376 0.323687 -1.197856
v -1.222376 0.354392 -1.197856
v -1.222376 0.326608 -1.197856
v -1.259102 0.173477 -1.128720
v -3.030674 0.370722 -1.099500
v -2.478907 0.340991 -1.099500
v -3.030674 0.370722 -1.099500
v -2.478907 0.340991 -1.099500
v -2.976643 0.184612 -1.099500
v -2.424875 0.154882 -1.099500
v 3.052944 0.335333 -0.974148
v 2.802901 0.515338 -1.081434
v 2.899554 0.512472 -1.051731
v 2.764361 0.343890 -1.067473
v 2.744114 0.517081 -1.239692
v 2.703146 0.345706 -1.226478
v 2.805330 0.515266 -1.080687
v 3.053256 0.336639 0.974249
v 3.093914 0.506708 0.987409
v 3.053256 0.336639 0.974248
v 2.764673 0.345196 0.880924
v -2.363250 0.792282 0.788974
v 2.763330 0.343921 1.070150
v -2.363250 0.792282 1.275997
v -2.363250 0.792282 1.275997
v -1.223945 0.709899 1.275997
v -1.217929 0.712844 1.275997
v -2.363250 0.792282 1.275997
v -1.490496 1.101965 1.275997
v -2.113227 1.123625 1.275997
v -1.216224 0.483573 1.271741
v -1.222376 0.354392 1.197856
v -2.363250 0.792282 1.099500
v -2.363250 0.792282 1.099500
v -2.363250 0.792282 1.099500
v -2.363250 0.792282 1.275997
v -2.404514 0.334259 1.275997
v -2.363250 0.792282 0.788974
v -2.363250 0.792282 1.275997
v -2.363250 0.792282 1.275997
v -1.223945 0.709899 1.275997
v -1.217929 0.712844 1.275997
v -2.363250 0.792282 1.275997
v -1.490496 1.101965 1.275997
v -2.113227 1.123625 1.275997
v -1.216224 0.483573 1.271741
v -1.222376 0.354392 1.197856
v -2.363250 0.792282 1.099500
v -2.363250 0.792282 1.099500
v -2.363250 0.792282 1.099500
v -2.363250 0.792282 1.275997
v -2.404514 0.334259 1.275997
v -2.363250 0.792282 0.788974
v -2.363250 0.792282 1.275997
v -2.363250 0.792282 1.275997
v -1.223945 0.709899 1.275997
v -1.217929 0.712844 1.275997
v -2.363250 0.792282 1.275997
v -1.490496 1.101965 1.275997
v -2.113227 1.123625 1.275997
v -1.216224 0.483573 1.271741
v -1.222376 0.354392 1.197856
v -2.363250 0.792282 1.099500
v -2.363250 0.792282 1.099500
v -2.363250 0.792282 1.099500
v -2.363250 0.792282 1.275997
v -2.404514 0.334259 1.275997
v -2.363250 0.792282 0.788974
v -2.363250 0.792282 1.275997
v -2.363250 0.792282 1.275997
v -1.223945 0.709899 1.275997
v -1.217929 0.712844 1.275997
v -2.363250 0.792282 1.275997
v -1.490496 1.101965 1.275997
v -2.113227 1.123625 1.275997
v -1.216224 0.483573 1.271741
v -1.222376 0.354392 1.197856
v -2.363250 0.792282 1.099500
v -2.363250 0.792282 1.099500
v -2.363250 0.792282 1.099500
v -1.490496 1.101965 1.275997
v -2.113227 1.123625 1.275997
v 2.714608 0.727552 1.238386
v 2.744114 0.517081 1.239692
v 2.714608 0.727552 1.238386
v 2.744114 0.517081 1.239692
v 0.967163 0.196532 -1.099835
v 1.862246 1.111115 1.238386
v 1.563171 0.666669 1.239692
v -3.030674 0.370722 1.099500
v -2.976643 0.184612 1.099500
v -3.030674 0.370722 1.099500
v -2.976643 0.184612 1.099500
v -2.977672 0.184668 1.099500
v -2.425905 0.154937 1.099500
v -3.036867 1.486456 0.000000
v -2.477330 0.340906 -0.718840
v -3.036867 1.486456 0.000000
v -2.994436 0.826292 -1.099500
v -3.036867 1.490430 -1.099500
v -3.036867 1.488443 -0.549750
v -3.036867 1.490430 -1.099500
v -3.036867 1.488443 -0.549750
v -3.033047 1.430636 -1.099500
v -1.223945 0.709899 -0.788974
v -1.217929 0.712844 -0.788974
v -2.363250 0.792282 -0.788974
v -1.490496 1.101965 -0.788974
v -2.113227 1.123625 -0.788974
v -1.216224 0.483573 -0.784718
v -1.222376 0.354392 -0.710833
v -2.442669 0.796561 -1.099500
v -3.036867 1.490430 1.099500
v -3.036867 1.488443 0.549750
v -3.036867 1.490430 1.099500
v -3.036867 1.488443 0.549750
v -0.836631 0.700475 1.099500
v -0.859263 1.407408 1.067101
v -0.859335 1.409655 1.069531
v -2.477330 0.340906 -0.718840
v 1.563171 0.666669 0.812479
v 2.714608 0.727552 0.811172
v 1.563171 0.666669 0.812479
v -1.490496 1.101965 0.788974
v 1.563171 0.666669 0.812479
v 2.714608 0.727552 1.238386
v -1.217929 0.712844 0.788974
v -2.113227 1.123625 0.788974
v -2.363250 0.792282 0.788974
v -1.217929 0.712844 -0.788974
v -2.363250 0.792282 -0.788974
v 1.563171 0.666669 -0.812479
v 2.714608 0.727552 -0.811172
vn -0.1483 0.9889 -0.0110
vn 0.0109 0.0281 -0.9995
vn -0.9797 -0.0420 -0.1960
vn -0.9980 -0.0632 -0.0003
vn -0.0000 1.0000 -0.0000
vn -0.0179 -0.7344 -0.6785
vn 0.9600 0.2797 0.0094
vn 0.8320 0.5547 -0.0103
vn 0.2874 0.9578 -0.0017
vn 0.0689 -0.8476 -0.5261
vn 0.2789 0.9603 0.0101
vn -0.0000 -0.0000 -1.0000
vn -0.6277 0.7655 -0.1413
vn -0.9768 -0.0271 -0.2126
vn 0.0335 0.6550 -0.7549
vn 0.0237 0.4126 -0.9106
vn 0.0200 0.5121 -0.8587
vn 0.0124 0.5513 -0.8342
vn -0.0701 0.3123 -0.9474
vn 0.1511 0.5478 -0.8229
vn 0.9997 0.0208 -0.0132
vn 0.9993 -0.0320 0.0187
vn 0.9962 -0.0814 0.0303
vn 0.9123 0.4055 0.0569
vn 0.9882 0.1529 -0.0042
vn 0.9996 -0.0245 0.0107
vn 0.8404 0.5402 0.0437
vn -0.1363 0.9907 0.0016
vn -0.9980 -0.0632 -0.0006
vn 0.0192 0.5133 -0.8580
vn 0.0189 0.5166 -0.8560
vn 0.0215 0.3650 -0.9308
vn 0.0079 0.0961 -0.9953
vn 0.0079 0.0634 -0.9980
vn 0.0012 -0.0305 -0.9995
vn 0.0239 0.5118 -0.8588
vn 0.0076 0.1711 -0.9852
vn 0.9188 -0.1165 -0.3771
vn 0.1002 0.1304 -0.9864
vn 0.0409 0.8389 -0.5428
vn 0.0378 0.8170 -0.5754
vn 0.0410 0.8134 -0.5803
vn -1.0000 -0.0000 -0.0000
vn 0.0199 0.0380 -0.9991
vn -0.0000 -0.0635 -0.9980
vn 0.0203 0.0322 -0.9993
vn 0.0189 -0.0541 -0.9984
vn 0.9903 0.1388 -0.0000
vn -0.9996 -0.0294 -0.0000
vn -0.8300 0.5578 -0.0007
vn 0.9994 0.0341 -0.0000
vn 0.0348 0.9994 -0.0000
vn 0.4397 -0.8981 -0.0000
vn -0.7982 0.6023 -0.0000
vn 0.8191 0.5737 -0.0000
vn 0.9989 -0.0476 -0.0000
vn 0.8285 -0.5122 -0.2263
vn -0.0018 -0.4820 -0.8762
vn -0.0009 -0.0986 -0.9951
vn 0.7810 -0.5888 -0.2084
vn 0.0022 -0.0240 -0.9997
vn -0.9631 -0.0893 -0.2538
vn 0.8749 0.4844 -0.0000
vn -0.0238 -0.9568 -0.2898
vn -0.8158 -0.5400 -0.2072
vn 1.0000 -0.0000 -0.0000
vn -0.8227 -0.5222 -0.2249
vn -0.0047 -0.9762 -0.2166
vn 0.0090 0.9999 0.0052
vn 0.1044 -0.9544 0.2796
vn 0.0148 -0.0000 -0.9999
vn 0.0119 -0.4734 -0.8808
vn 0.8887 0.0733 -0.4526
vn 0.6954 0.7160 -0.0611
vn 0.9969 -0.0793 -0.0000
vn -0.2324 -0.9724 0.0204
vn -0.1018 -0.9948 -0.0089
vn -0.9969 0.0793 0.0001
vn -0.9960 0.0897 -0.0000
vn -0.1483 0.9889 0.0110
vn 0.0109 0.0281 0.9995
vn -0.0018 -0.4954 0.8687
vn -0.9980 -0.0632 0.0003
vn -0.0179 -0.7344 0.6785
vn 0.9600 0.2797 -0.0094
vn 0.8320 0.5547 0.0103
vn 0.2874 0.9578 0.0017
vn -0.0052 -0.5237 0.8519
vn 0.2789 0.9603 -0.0101
vn -0.0000 -0.0000 1.0000
vn -0.0120 -0.0631 0.9979
vn -0.0020 -0.0204 0.9998
vn 0.0335 0.6550 0.7549
vn 0.0237 0.4126 0.9106
vn 0.0200 0.5121 0.8587
vn 0.0124 0.5513 0.8342
vn -0.0701 0.3123 0.9474
vn 0.1511 0.5478 0.8229
vn 0.9997 0.0208 0.0131
vn 0.9975 -0.0566 0.0427
vn 0.9943 -0.1067 -0.0044
vn 0.9958 -0.0041 0.0919
vn 0.9960 0.0200 0.0868
vn 0.9958 -0.0234 0.0887
vn 0.8404 0.5402 -0.0437
vn -0.1363 0.9907 -0.0016
vn -0.9980 -0.0632 0.0006
vn 0.0192 0.5133 0.8580
vn 0.0189 0.5166 0.8560
vn 0.0215 0.3650 0.9308
vn 0.0079 0.0961 0.9953
vn 0.0079 0.0634 0.9980
vn 0.0012 -0.0305 0.9995
vn 0.0239 0.5118 0.8588
vn 0.0076 0.1711 0.9852
vn 0.0735 0.1443 0.9868
vn 0.0409 0.8389 0.5428
vn 0.0378 0.8170 0.5754
vn 0.0410 0.8134 0.5803
vn 0.0199 0.0380 0.9991
vn -0.0000 -0.0635 0.9980
vn 0.0203 0.0322 0.9993
vn 0.0189 -0.0541 0.9984
vn -0.8300 0.5578 0.0022
vn -0.1392 0.1107 0.9841
vn -0.0018 -0.4820 0.8762
vn -0.0009 -0.0986 0.9951
vn -0.0201 0.0202 0.9996
vn 0.0022 -0.0240 0.9997
vn 0.2466 0.0255 0.9688
vn 0.0065 0.0725 0.9974
vn 0.0486 0.0444 0.9978
vn 0.5961 0.3581 0.7186
vn -0.0103 0.7294 0.6841
vn 0.0090 0.9999 -0.0141
vn 0.0221 -0.9640 -0.2649
vn 0.0148 -0.0000 0.9999
vn 0.0119 -0.4734 0.8808
vn 0.6468 0.7611 0.0487
vn 0.9969 -0.0793 0.0001
vn -0.2324 -0.9724 -0.0204
vn -0.1175 -0.9931 0.0067
vn -0.9969 0.0793 -0.0001
vn -0.0162 0.4205 0.9071
vn -0.0162 0.4205 -0.9071
vn -0.0041 -1.0000 -0.0000
vn -0.0044 -1.0000 -0.0000
vn -0.0538 -0.9986 -0.0000
vn -0.1291 0.8548 0.5026
vn -0.0842 0.9805 -0.1777
vn 0.0100 0.9999 -0.0064
vn 0.9994 -0.0349 -0.0000
vn 0.9607 -0.2776 -0.0028
vn 0.9719 -0.2354 0.0051
vn -0.9797 -0.0420 0.1960
vn 0.0689 -0.8476 0.5261
vn -0.6277 0.7655 0.1413
vn -0.9768 -0.0271 0.2126
vn 0.9993 -0.0320 -0.0187
vn 0.9962 -0.0814 -0.0303
vn 0.9123 0.4055 -0.0569
vn 0.9882 0.1529 0.0042
vn 0.9996 -0.0234 -0.0139
vn 0.9188 -0.1165 0.3771
vn 0.0952 0.1328 0.9866
vn -0.8300 0.5578 0.0007
vn 0.8285 -0.5122 0.2263
vn 0.7810 -0.5888 0.2084
vn -0.9631 -0.0893 0.2538
vn -0.0238 -0.9568 0.2898
vn -0.8158 -0.5400 0.2072
vn -0.8227 -0.5222 0.2249
vn -0.0047 -0.9762 0.2166
vn 0.0090 0.9999 -0.0052
vn 0.1044 -0.9544 -0.2796
vn 0.8887 0.0733 0.4526
vn -0.0018 -0.4954 -0.8687
vn -0.0052 -0.5237 -0.8519
vn -0.0120 -0.0631 -0.9979
vn -0.0020 -0.0204 -0.9998
vn 0.9975 -0.0566 -0.0427
vn 0.9943 -0.1067 0.0044
vn 0.9958 -0.0041 -0.0919
vn 0.9960 0.0200 -0.0868
vn 0.9958 -0.0234 -0.0887
vn 0.0735 0.1443 -0.9868
vn -0.8300 0.5578 -0.0022
vn -0.1392 0.1107 -0.9841
vn -0.0201 0.0202 -0.9996
vn 0.2466 0.0255 -0.9688
vn 0.0065 0.0725 -0.9974
vn 0.0486 0.0444 -0.9978
vn 0.5961 0.3581 -0.7186
vn -0.0103 0.7294 -0.6841
vn 0.0090 0.9999 0.0141
vn 0.0221 -0.9640 0.2649
vn 0.0296 0.9996 -0.0000
vn 0.9607 -0.2776 0.0028
vn 0.9719 -0.2354 -0.0051
vn 0.3125 -0.1274 -0.9413
vn 0.9043 -0.2432 -0.3509
vn 0.0916 -0.9177 -0.3866
vn -0.0045 1.0000 0.0048
vn 0.9996 -0.0244 0.0110
vn -0.1217 0.8689 0.4797
vn 0.0419 0.9991 -0.0017
vn 0.3006 -0.1446 0.9427
vn 0.9043 -0.2432 0.3509
vn 0.9726 -0.2325 -0.0000
vn -0.0299 -0.9996 -0.0007
vn -0.0274 -0.9996 0.0069
vn -0.0348 -0.9994 -0.0000
vn 0.9996 -0.0245 -0.0107
vn 0.1002 0.1304 0.9864
vn -0.1291 0.8548 -0.5026
vn -0.0424 0.9879 0.1492
vn 0.0100 0.9999 0.0064
vn 0.9996 -0.0234 0.0139
vn 0.0952 0.1328 -0.9866
vn 0.3125 -0.1274 0.9413
vn 0.0916 -0.9177 0.3866
vn -0.0045 1.0000 -0.0048
vn 0.9996 -0.0244 -0.0110
vn -0.1217 0.8690 -0.4797
vn 0.0419 0.9991 0.0017
vn 0.3006 -0.1446 -0.9427
vn -0.0299 -0.9996 0.0007
vn -0.0274 -0.9996 -0.0069
vn 0.9603 0.2788 -0.0000
vn 0.0538 0.9986 -0.0000
vn -0.9589 0.2133 -0.1872
vn 0.0179 0.7344 -0.6785
vn -0.0212 -0.0505 0.9985
vn -0.0212 -0.0505 -0.9985
vt 0.676161 0.625031
vt 0.676192 0.446003
vt 0.656806 0.371778
vt 0.655746 0.425496
vt 0.375000 0.250000
vt 0.602492 0.250000
vt 0.625000 0.250000
vt 0.625000 0.343077
vt 0.375000 0.339562
vt 0.375000 0.326072
vt 0.541178 0.315605
vt 0.534337 0.287470
vt 0.375000 0.272936
vt 0.375000 0.323596
vt 0.375000 0.326305
vt 0.375000 0.326031
vt 0.604281 0.125000
vt 0.625000 0.125000
vt 0.625000 0.187500
vt 0.625000 0.510322
vt 0.625000 0.442090
vt 0.625000 0.434095
vt 0.625000 0.500000
vt 0.625000 0.536411
vt 0.625000 0.531250
vt 0.625000 0.000000
vt 0.625000 0.625000
vt 0.625000 0.562500
vt 0.625000 0.562500
vt 0.637790 0.625008
vt 0.637798 0.486501
vt 0.375000 0.358205
vt 0.384744 0.384832
vt 0.402929 0.434522
vt 0.404728 0.439440
vt 0.384899 0.385253
vt 0.375000 0.326381
vt 0.649107 0.364116
vt 0.650596 0.348002
vt 0.632106 0.439774
vt 0.631201 0.472682
vt 0.670137 0.439564
vt 0.667245 0.435547
vt 0.633988 0.463742
vt 0.634678 0.438843
vt 0.635815 0.397755
vt 0.665028 0.424492
vt 0.663623 0.417489
vt 0.654976 0.374375
vt 0.636959 0.356438
vt 0.634583 0.349661
vt 0.000000 0.000000
vt 0.550820 0.495738
vt 0.553011 0.474534
vt 0.555201 0.453330
vt 0.375000 0.125000
vt 0.635923 0.393852
vt 0.636009 0.390770
vt 0.633419 0.392010
vt 0.625000 0.385429
vt 0.625000 0.339257
vt 0.625000 0.391297
vt 0.402949 0.434578
vt 0.592339 0.394947
vt 0.567975 0.394514
vt 0.567595 0.404573
vt 0.591930 0.346952
vt 0.566067 0.346506
vt 0.563428 0.355801
vt 0.375000 0.339699
vt 0.375000 0.340653
vt 0.403899 0.437174
vt 0.597081 0.510322
vt 0.375000 0.510322
vt 0.375000 0.493055
vt 0.453916 0.493000
vt 0.586107 0.483733
vt 0.581626 0.453837
vt 0.589433 0.356106
vt 0.593269 0.405089
vt 0.445772 0.487126
vt 0.375000 0.488542
vt 0.562546 0.451647
vt 0.502664 0.287322
vt 0.505404 0.313085
vt 0.375000 0.276237
vt -0.000000 -0.000000
vt 0.000458 0.000497
vt 0.000213 0.000231
s 0
f 19/1/1 13/2/1 52/3/1 27/4/1
f 3/5/2 20/6/2 4/7/2 79/8/2 76/9/2 130/10/2 135/11/2 136/12/2 131/13/2
f 41/14/3 132/15/3 133/16/3 45/14/3
f 20/6/4 66/17/4 11/18/4 5/19/4 4/7/4
f 4/7/5 5/19/5 14/19/5 9/7/5
f 7/20/6 85/21/6 82/22/6 10/23/6
f 62/24/7 7/20/7 10/23/7 64/25/7
f 11/18/5 2/26/5 8/26/5 17/18/5
f 5/19/5 11/18/5 17/18/5 14/19/5
f 16/27/8 21/28/8 22/29/8 18/27/8
f 29/30/9 28/31/9 13/2/9 19/1/9
f 39/32/10 75/33/10 81/34/10 32/35/10 42/35/10 43/32/10
f 22/29/11 64/25/11 10/23/11 28/31/11 29/30/11 18/27/11
f 40/32/12 72/36/12 75/33/12 39/32/12
f 35/14/13 130/10/13 134/37/13 34/14/13
f 34/14/14 134/37/14 132/15/14 41/14/14
f 52/3/15 53/38/15 26/39/15
f 10/23/16 82/22/16 84/40/16 54/41/16 51/42/16 52/3/16 13/2/16 28/31/16
f 48/43/17 49/44/17 86/45/17 67/46/17 68/47/17
f 48/43/18 68/47/18 70/48/18 47/49/18 52/3/18 51/42/18
f 49/44/19 48/43/19 51/42/19 54/41/19
f 47/49/20 50/50/20 55/51/20 53/38/20 52/3/20
f 21/28/21 16/52/21 61/52/21 59/53/21
f 63/52/22 65/54/22 59/53/22 1/52/22
f 59/53/23 61/52/23 58/52/23 15/52/23 1/52/23
f 65/54/24 60/55/24 7/20/24 62/24/24
f 59/53/25 65/54/25 62/24/25 21/28/25
f 6/52/26 60/55/26 65/54/26 63/52/26
f 21/28/27 62/24/27 64/25/27 22/29/27
f 27/4/28 52/3/28 26/39/28 9/7/28 14/19/28 17/18/28
f 12/56/29 66/17/29 20/6/29 3/5/29
f 68/47/30 67/46/30 88/57/30 69/58/30 70/48/30
f 70/48/31 69/58/31 50/50/31 47/49/31
f 73/59/32 71/60/32 80/61/32 55/51/32
f 71/60/6 74/62/6 79/8/6 80/61/6
f 75/33/12 72/36/12 83/63/12 81/34/12
f 72/36/33 74/62/33 96/64/33 95/65/33 94/66/33 85/21/33 83/63/33
f 76/9/34 79/8/34 92/67/34 91/68/34 90/69/34 74/62/34 72/36/34 40/32/34
f 78/70/12 76/9/12 40/32/12 33/32/12
f 77/71/35 78/70/35 33/32/35 23/32/35
f 55/51/36 80/61/36 9/7/36 26/39/36 53/38/36
f 80/61/6 79/8/6 4/7/6 9/7/6
f 84/40/37 82/22/37 71/60/37 73/59/37
f 82/22/6 85/21/6 74/62/6 71/60/6
f 81/34/38 83/63/38 125/72/38 31/35/38 32/35/38
f 83/63/39 85/21/39 7/20/39 60/73/39 6/74/39 126/75/39 127/76/39 128/77/39 129/78/39 125/72/39
f 84/40/40 86/45/40 49/44/40 54/41/40
f 73/59/41 88/57/41 67/46/41 86/45/41 84/40/41
f 69/58/42 88/57/42 73/59/42 55/51/42 50/50/42
f 42/35/43 32/35/43 102/35/43 103/35/43
f 74/62/44 90/69/44 89/79/44 92/67/44 79/8/44
f 89/79/45 90/69/45 91/68/45 92/67/45
f 85/21/46 94/66/46 93/80/46 96/64/46 74/62/46
f 93/80/47 94/66/47 95/65/47 96/64/47
f 24/81/48 25/82/48 98/82/48 97/81/48
f 32/35/49 31/35/49 101/35/49 102/35/49
f 31/35/50 30/83/50 100/83/50 101/35/50
f 34/14/51 41/14/51 109/14/51 104/14/51
f 38/84/52 37/85/52 107/85/52 108/84/52
f 35/14/53 34/14/53 104/14/53 105/14/53
f 36/86/54 38/84/54 108/84/54 106/86/54
f 37/85/55 35/14/55 105/14/55 107/85/55
f 41/14/56 45/14/56 110/14/56 109/14/56
f 106/86/5 108/84/5 115/84/5 113/86/5
f 107/85/5 105/14/5 112/14/5 114/85/5
f 104/14/5 109/14/5 116/14/5 111/14/5
f 109/14/5 110/14/5 117/14/5 116/14/5
f 108/84/5 107/85/5 114/85/5 115/84/5
f 105/14/5 104/14/5 111/14/5 112/14/5
f 113/86/5 115/84/5 122/84/5 120/86/5
f 114/85/5 112/14/5 119/14/5 121/85/5
f 111/14/5 116/14/5 123/14/5 118/14/5
f 116/14/5 117/14/5 124/14/5 123/14/5
f 115/84/5 114/85/5 121/85/5 122/84/5
f 112/14/5 111/14/5 118/14/5 119/14/5
f 125/72/57 129/78/57 30/83/57 31/35/57
f 133/16/58 132/15/58 77/71/58 23/32/58 44/32/58
f 134/37/59 130/10/59 76/9/59 78/70/59
f 131/13/60 136/12/60 38/84/60 36/86/60
f 132/15/61 134/37/61 78/70/61 77/71/61
f 24/81/62 127/76/62 126/75/62 25/82/62
f 24/81/63 97/81/63 137/81/63 99/81/63
f 38/84/64 136/12/64 135/11/64 37/85/64
f 37/85/65 135/11/65 130/10/65 35/14/65
f 99/81/66 137/81/66 139/81/66 138/81/66
f 99/81/67 128/77/67 127/76/67 24/81/67
f 128/77/68 99/81/68 30/83/68 129/78/68
f 42/35/69 103/35/69 140/35/69 141/35/69
f 100/83/70 139/81/70 138/81/70 128/77/70 129/78/70 30/83/70
f 140/35/71 103/35/71 142/35/71 143/35/71
f 143/35/5 142/35/5 144/35/5 145/35/5
f 145/35/72 144/35/72 146/87/72 147/52/72
f 3/5/12 131/13/12 149/13/12 148/5/12
f 131/13/73 36/86/73 150/86/73 151/13/73
f 12/56/74 3/5/74 152/5/74 153/56/74
f 153/56/5 152/5/5 154/5/5 155/56/5
f 152/5/5 3/5/5 157/5/5
f 157/5/5 3/5/5 156/5/5 158/5/5
f 3/5/75 157/5/75 161/5/75 160/5/75
f 157/52/5 159/52/5 163/52/5 162/52/5
f 162/52/5 163/52/5 165/52/5 164/52/5
f 164/52/5 165/52/5 167/52/5 166/52/5
f 166/52/5 167/52/5 170/52/5 169/52/5
f 161/5/5 157/5/5 171/5/5 172/5/5
f 172/5/5 171/5/5 173/5/5 174/5/5
f 181/56/5 182/56/5 175/56/5 177/56/5
f 155/56/76 154/5/76 180/56/76
f 155/56/77 180/56/77 182/56/77 181/56/77
f 181/56/5 182/56/5 178/56/5 176/56/5
f 154/5/5 155/56/5 186/56/5 185/5/5
f 180/56/5 154/5/5 179/5/5 187/56/5
f 182/56/5 181/56/5 188/56/5 189/56/5
f 154/5/75 180/56/75 191/56/75 190/5/75
f 189/56/5 188/56/5 192/56/5 193/56/5
f 182/56/78 180/56/78 194/56/78 195/56/78
f 193/56/75 192/56/75 196/56/75 197/56/75
f 150/86/79 36/86/79 198/86/79 199/86/79
f 199/86/5 198/86/5 200/86/5 201/86/5
f 201/86/5 200/86/5 202/86/5 203/86/5
f 203/86/79 202/86/79 204/86/79 205/86/79
f 207/52/5 206/52/5 413/52/5 412/52/5
f 222/1/80 230/4/80 255/3/80 218/2/80
f 210/5/81 333/13/81 338/12/81 337/11/81 332/10/81 278/9/81 281/8/81 211/7/81 223/6/81
f 244/14/82 248/14/82 335/16/82 334/15/82
f 223/6/83 211/7/83 212/19/83 11/18/83 66/17/83
f 211/7/5 216/7/5 219/19/5 212/19/5
f 214/20/84 217/23/84 284/22/84 287/21/84
f 265/24/85 267/25/85 217/23/85 214/20/85
f 11/18/5 17/18/5 215/26/5 209/26/5
f 212/19/5 219/19/5 17/18/5 11/18/5
f 221/27/86 18/27/86 225/29/86 224/28/86
f 232/30/87 222/1/87 218/2/87 231/31/87
f 242/32/88 246/32/88 245/35/88 235/35/88 283/34/88 277/33/88
f 225/29/89 18/27/89 232/30/89 231/31/89 217/23/89 267/25/89
f 243/32/90 242/32/90 277/33/90 274/36/90
f 238/14/91 237/14/91 336/37/91 332/10/91
f 237/14/92 244/14/92 334/15/92 336/37/92
f 255/3/93 229/39/93 256/38/93
f 217/23/94 231/31/94 218/2/94 255/3/94 254/42/94 257/41/94 286/40/94 284/22/94
f 251/43/95 270/47/95 269/46/95 288/45/95 252/44/95
f 251/43/96 254/42/96 255/3/96 250/49/96 272/48/96 270/47/96
f 252/44/97 257/41/97 254/42/97 251/43/97
f 250/49/98 255/3/98 256/38/98 258/51/98 253/50/98
f 224/28/99 262/53/99 264/52/99 221/52/99
f 266/52/100 208/52/100 262/53/100 268/54/100
f 262/53/101 208/52/101 220/52/101 261/52/101 264/52/101
f 268/54/102 265/24/102 214/20/102 263/55/102
f 262/53/103 224/28/103 265/24/103 268/54/103
f 213/52/104 266/52/104 268/54/104 263/55/104
f 224/28/105 225/29/105 267/25/105 265/24/105
f 230/4/106 17/18/106 219/19/106 216/7/106 229/39/106 255/3/106
f 12/56/107 210/5/107 223/6/107 66/17/107
f 270/47/108 272/48/108 271/58/108 290/57/108 269/46/108
f 272/48/109 250/49/109 253/50/109 271/58/109
f 275/59/110 258/51/110 282/61/110 273/60/110
f 273/60/84 282/61/84 281/8/84 276/62/84
f 277/33/90 283/34/90 285/63/90 274/36/90
f 274/36/111 285/63/111 287/21/111 296/66/111 297/65/111 298/64/111 276/62/111
f 278/9/112 243/32/112 274/36/112 276/62/112 292/69/112 293/68/112 294/67/112 281/8/112
f 280/70/90 236/32/90 243/32/90 278/9/90
f 279/71/113 226/32/113 236/32/113 280/70/113
f 258/51/114 256/38/114 229/39/114 216/7/114 282/61/114
f 282/61/84 216/7/84 211/7/84 281/8/84
f 286/40/115 275/59/115 273/60/115 284/22/115
f 284/22/84 273/60/84 276/62/84 287/21/84
f 283/34/90 235/35/90 234/35/90 327/72/90 285/63/90
f 285/63/116 327/72/116 331/78/116 330/77/116 329/76/116 328/75/116 213/74/116 263/73/116 214/20/116 287/21/116
f 286/40/117 257/41/117 252/44/117 288/45/117
f 275/59/118 286/40/118 288/45/118 269/46/118 290/57/118
f 271/58/119 253/50/119 258/51/119 275/59/119 290/57/119
f 245/35/43 305/35/43 304/35/43 235/35/43
f 276/62/120 281/8/120 294/67/120 291/79/120 292/69/120
f 291/79/121 294/67/121 293/68/121 292/69/121
f 287/21/122 276/62/122 298/64/122 295/80/122 296/66/122
f 295/80/123 298/64/123 297/65/123 296/66/123
f 227/81/48 299/81/48 300/82/48 228/82/48
f 235/35/49 304/35/49 303/35/49 234/35/49
f 234/35/124 303/35/124 302/83/124 233/83/124
f 237/14/51 306/14/51 311/14/51 244/14/51
f 241/84/52 310/84/52 309/85/52 240/85/52
f 238/14/53 307/14/53 306/14/53 237/14/53
f 239/86/54 308/86/54 310/84/54 241/84/54
f 240/85/55 309/85/55 307/14/55 238/14/55
f 244/14/56 311/14/56 312/14/56 248/14/56
f 308/86/5 315/86/5 317/84/5 310/84/5
f 309/85/5 316/85/5 314/14/5 307/14/5
f 306/14/5 313/14/5 318/14/5 311/14/5
f 311/14/5 318/14/5 319/14/5 312/14/5
f 310/84/5 317/84/5 316/85/5 309/85/5
f 307/14/5 314/14/5 313/14/5 306/14/5
f 315/86/5 322/86/5 324/84/5 317/84/5
f 316/85/5 323/85/5 321/14/5 314/14/5
f 313/14/5 320/14/5 325/14/5 318/14/5
f 318/14/5 325/14/5 326/14/5 319/14/5
f 317/84/5 324/84/5 323/85/5 316/85/5
f 314/14/5 321/14/5 320/14/5 313/14/5
f 327/72/125 234/35/125 233/83/125 331/78/125
f 335/16/126 247/32/126 226/32/126 279/71/126 334/15/126
f 336/37/127 280/70/127 278/9/127 332/10/127
f 333/13/128 239/86/128 241/84/128 338/12/128
f 334/15/129 279/71/129 280/70/129 336/37/129
f 227/81/130 228/82/130 328/75/130 329/76/130
f 227/81/63 301/81/63 339/81/63 299/81/63
f 241/84/131 240/85/131 337/11/131 338/12/131
f 240/85/132 238/14/132 332/10/132 337/11/132
f 301/81/5 340/81/5 341/81/5 339/81/5
f 301/81/133 227/81/133 329/76/133 330/77/133
f 330/77/134 331/78/134 233/83/134 301/81/134
f 245/35/135 343/35/135 342/35/135 305/35/135
f 302/83/136 233/83/136 331/78/136 330/77/136 340/81/136 341/81/136
f 342/35/137 345/35/137 344/35/137 305/35/137
f 345/35/5 347/35/5 346/35/5 344/35/5
f 347/35/138 349/52/138 348/87/138 346/35/138
f 210/5/90 350/5/90 351/13/90 333/13/90
f 333/13/90 353/13/90 352/86/90 239/86/90
f 12/56/139 355/56/139 354/5/139 210/5/139
f 355/56/5 357/56/5 356/5/5 354/5/5
f 354/5/5 359/5/5 210/5/5
f 359/5/5 360/5/5 358/5/5 210/5/5
f 210/5/140 362/5/140 363/5/140 359/5/140
f 359/52/5 364/52/5 365/52/5 361/52/5
f 364/52/5 366/52/5 367/52/5 365/52/5
f 366/52/5 368/52/5 369/52/5 367/52/5
f 368/52/5 371/52/5 372/52/5 369/52/5
f 363/5/5 374/5/5 373/5/5 359/5/5
f 374/5/5 376/5/5 375/5/5 373/5/5
f 383/56/5 379/56/5 377/56/5 384/56/5
f 357/56/141 382/56/141 356/5/141
f 357/56/142 383/56/142 384/56/142 382/56/142
f 383/56/5 378/56/5 380/56/5 384/56/5
f 356/5/5 387/5/5 388/56/5 357/56/5
f 382/56/5 389/56/5 381/5/5 356/5/5
f 384/56/5 391/56/5 390/56/5 383/56/5
f 356/5/75 392/5/75 393/56/75 382/56/75
f 391/56/5 395/56/5 394/56/5 390/56/5
f 384/56/143 397/56/143 396/56/143 382/56/143
f 395/56/75 399/56/75 398/56/75 394/56/75
f 352/86/5 401/86/5 400/86/5 239/86/5
f 401/86/5 403/86/5 402/86/5 400/86/5
f 403/86/5 405/86/5 404/86/5 402/86/5
f 405/86/79 407/86/79 406/86/79 404/86/79
f 342/35/5 408/35/5 409/35/5 345/35/5
f 411/35/5 410/35/5 412/35/5 413/35/5
f 140/35/5 143/35/5 410/35/5 411/35/5
f 206/52/5 140/52/5 411/52/5 413/52/5
f 143/52/5 207/52/5 412/52/5 410/52/5
f 145/35/5 147/52/5 415/52/5 414/35/5
f 349/52/5 347/35/5 416/35/5 417/52/5
f 147/52/5 145/35/5 418/35/5 419/52/5
f 146/87/144 418/52/144 414/35/144 145/35/144 419/52/144 415/52/144 147/52/144
f 414/35/5 415/52/5 419/52/5 418/52/5
f 348/52/5 417/52/5 416/52/5 347/52/5 349/52/5
f 416/35/145 348/87/145 349/52/145 417/52/145 347/35/145
f 415/52/5 146/87/5 147/52/5
f 146/52/5 415/52/5 417/52/5 348/52/5 349/52/5 147/52/5
f 146/87/146 348/52/146 417/52/146 349/52/146 415/52/146 147/52/146
f 311/52/147 244/52/147 334/52/147
f 150/86/5 199/86/5 201/86/5 203/86/5 151/13/5
f 351/13/148 350/5/148 420/5/148 421/13/148
f 126/75/149 6/74/149 422/74/149 423/75/149
f 213/74/150 328/75/150 425/75/150 424/74/150
f 6/74/151 126/75/151 430/75/151 427/74/151
f 426/74/5 422/74/5 428/74/5 429/74/5
f 346/35/5 348/87/5 432/87/5 431/35/5
f 431/35/152 432/87/152 434/87/152 433/35/152
f 433/35/152 434/87/152 436/87/152 435/35/152
f 103/35/5 42/35/5 437/35/5 438/35/5
f 305/35/66 344/35/66 440/35/66 439/35/66
f 419/52/153 145/35/153 441/35/153 448/88/153 444/52/153
f 413/52/43 412/52/43 445/52/43 446/52/43
f 443/89/152 435/35/152 436/87/152 442/87/152
f 447/35/154 448/88/154 441/35/154
f 463/1/80 471/4/80 496/3/80 459/2/80
f 451/5/81 574/13/81 579/12/81 578/11/81 573/10/81 519/9/81 522/8/81 452/7/81 464/6/81
f 485/14/155 489/14/155 576/16/155 575/15/155
f 464/6/83 452/7/83 453/19/83 11/18/83 66/17/83
f 452/7/5 457/7/5 460/19/5 453/19/5
f 455/20/84 458/23/84 525/22/84 528/21/84
f 506/24/85 508/25/85 458/23/85 455/20/85
f 11/18/5 17/18/5 456/26/5 450/26/5
f 453/19/5 460/19/5 17/18/5 11/18/5
f 462/27/86 18/27/86 466/29/86 465/28/86
f 473/30/87 463/1/87 459/2/87 472/31/87
f 483/32/156 487/32/156 486/35/156 476/35/156 524/34/156 518/33/156
f 466/29/89 18/27/89 473/30/89 472/31/89 458/23/89 508/25/89
f 484/32/90 483/32/90 518/33/90 515/36/90
f 479/14/157 478/14/157 577/37/157 573/10/157
f 478/14/158 485/14/158 575/15/158 577/37/158
f 496/3/93 470/39/93 497/38/93
f 458/23/94 472/31/94 459/2/94 496/3/94 495/42/94 498/41/94 527/40/94 525/22/94
f 492/43/95 511/47/95 510/46/95 529/45/95 493/44/95
f 492/43/96 495/42/96 496/3/96 491/49/96 513/48/96 511/47/96
f 493/44/97 498/41/97 495/42/97 492/43/97
f 491/49/98 496/3/98 497/38/98 499/51/98 494/50/98
f 465/28/99 503/53/99 505/52/99 462/52/99
f 507/52/159 449/52/159 503/53/159 509/54/159
f 503/53/160 449/52/160 461/52/160 502/52/160 505/52/160
f 509/54/161 506/24/161 455/20/161 504/55/161
f 503/53/162 465/28/162 506/24/162 509/54/162
f 454/52/163 507/52/163 509/54/163 504/55/163
f 465/28/105 466/29/105 508/25/105 506/24/105
f 471/4/106 17/18/106 460/19/106 457/7/106 470/39/106 496/3/106
f 12/56/107 451/5/107 464/6/107 66/17/107
f 511/47/108 513/48/108 512/58/108 531/57/108 510/46/108
f 513/48/109 491/49/109 494/50/109 512/58/109
f 516/59/110 499/51/110 523/61/110 514/60/110
f 514/60/84 523/61/84 522/8/84 517/62/84
f 518/33/90 524/34/90 526/63/90 515/36/90
f 515/36/111 526/63/111 528/21/111 537/66/111 538/65/111 539/64/111 517/62/111
f 519/9/112 484/32/112 515/36/112 517/62/112 533/69/112 534/68/112 535/67/112 522/8/112
f 521/70/90 477/32/90 484/32/90 519/9/90
f 520/71/113 467/32/113 477/32/113 521/70/113
f 499/51/114 497/38/114 470/39/114 457/7/114 523/61/114
f 523/61/84 457/7/84 452/7/84 522/8/84
f 527/40/115 516/59/115 514/60/115 525/22/115
f 525/22/84 514/60/84 517/62/84 528/21/84
f 524/34/164 476/35/164 475/35/164 568/72/164 526/63/164
f 526/63/165 568/72/165 572/78/165 571/77/165 570/76/165 569/75/165 454/74/165 504/73/165 455/20/165 528/21/165
f 527/40/117 498/41/117 493/44/117 529/45/117
f 516/59/118 527/40/118 529/45/118 510/46/118 531/57/118
f 512/58/119 494/50/119 499/51/119 516/59/119 531/57/119
f 486/35/43 546/35/43 545/35/43 476/35/43
f 517/62/120 522/8/120 535/67/120 532/79/120 533/69/120
f 532/79/121 535/67/121 534/68/121 533/69/121
f 528/21/122 517/62/122 539/64/122 536/80/122 537/66/122
f 536/80/123 539/64/123 538/65/123 537/66/123
f 468/81/48 540/81/48 541/82/48 469/82/48
f 476/35/49 545/35/49 544/35/49 475/35/49
f 475/35/166 544/35/166 543/83/166 474/83/166
f 478/14/51 547/14/51 552/14/51 485/14/51
f 482/84/52 551/84/52 550/85/52 481/85/52
f 479/14/53 548/14/53 547/14/53 478/14/53
f 480/86/54 549/86/54 551/84/54 482/84/54
f 481/85/55 550/85/55 548/14/55 479/14/55
f 485/14/56 552/14/56 553/14/56 489/14/56
f 549/86/5 556/86/5 558/84/5 551/84/5
f 550/85/5 557/85/5 555/14/5 548/14/5
f 547/14/5 554/14/5 559/14/5 552/14/5
f 552/14/5 559/14/5 560/14/5 553/14/5
f 551/84/5 558/84/5 557/85/5 550/85/5
f 548/14/5 555/14/5 554/14/5 547/14/5
f 556/86/5 563/86/5 565/84/5 558/84/5
f 557/85/5 564/85/5 562/14/5 555/14/5
f 554/14/5 561/14/5 566/14/5 559/14/5
f 559/14/5 566/14/5 567/14/5 560/14/5
f 558/84/5 565/84/5 564/85/5 557/85/5
f 555/14/5 562/14/5 561/14/5 554/14/5
f 568/72/167 475/35/167 474/83/167 572/78/167
f 576/16/126 488/32/126 467/32/126 520/71/126 575/15/126
f 577/37/127 521/70/127 519/9/127 573/10/127
f 574/13/168 480/86/168 482/84/168 579/12/168
f 575/15/129 520/71/129 521/70/129 577/37/129
f 468/81/169 469/82/169 569/75/169 570/76/169
f 468/81/63 542/81/63 580/81/63 540/81/63
f 482/84/170 481/85/170 578/11/170 579/12/170
f 481/85/171 479/14/171 573/10/171 578/11/171
f 542/81/66 581/81/66 582/81/66 580/81/66
f 542/81/172 468/81/172 570/76/172 571/77/172
f 571/77/173 572/78/173 474/83/173 542/81/173
f 486/35/174 584/35/174 583/35/174 546/35/174
f 543/83/175 474/83/175 572/78/175 571/77/175 581/81/175 582/81/175
f 583/35/137 586/35/137 585/35/137 546/35/137
f 586/35/5 588/35/5 587/35/5 585/35/5
f 588/35/138 590/52/138 589/87/138 587/35/138
f 451/5/90 591/5/90 592/13/90 574/13/90
f 574/13/176 594/13/176 593/86/176 480/86/176
f 12/56/139 596/56/139 595/5/139 451/5/139
f 596/56/5 598/56/5 597/5/5 595/5/5
f 595/5/5 600/5/5 451/5/5
f 600/5/5 601/5/5 599/5/5 451/5/5
f 451/5/140 603/5/140 604/5/140 600/5/140
f 600/52/5 605/52/5 606/52/5 602/52/5
f 605/52/5 607/52/5 608/52/5 606/52/5
f 607/52/5 609/52/5 610/52/5 608/52/5
f 609/52/5 612/52/5 613/52/5 610/52/5
f 604/5/5 615/5/5 614/5/5 600/5/5
f 615/5/5 617/5/5 616/5/5 614/5/5
f 624/56/5 620/56/5 618/56/5 625/56/5
f 598/56/141 623/56/141 597/5/141
f 598/56/142 624/56/142 625/56/142 623/56/142
f 624/56/5 619/56/5 621/56/5 625/56/5
f 597/5/5 628/5/5 629/56/5 598/56/5
f 623/56/5 630/56/5 622/5/5 597/5/5
f 625/56/5 632/56/5 631/56/5 624/56/5
f 597/5/75 633/5/75 634/56/75 623/56/75
f 632/56/5 636/56/5 635/56/5 631/56/5
f 625/56/143 638/56/143 637/56/143 623/56/143
f 636/56/75 640/56/75 639/56/75 635/56/75
f 593/86/79 642/86/79 641/86/79 480/86/79
f 642/86/5 644/86/5 643/86/5 641/86/5
f 644/86/5 646/86/5 645/86/5 643/86/5
f 646/86/79 648/86/79 647/86/79 645/86/79
f 650/52/5 855/52/5 856/52/5 649/52/5
f 665/1/1 661/2/1 698/3/1 673/4/1
f 653/5/2 666/6/2 654/7/2 724/8/2 721/9/2 775/10/2 780/11/2 781/12/2 776/13/2
f 687/14/177 777/15/177 778/16/177 691/14/177
f 666/6/4 66/17/4 11/18/4 655/19/4 654/7/4
f 654/7/5 655/19/5 662/19/5 659/7/5
f 657/20/6 730/21/6 727/22/6 660/23/6
f 708/24/7 657/20/7 660/23/7 710/25/7
f 11/18/5 652/26/5 658/26/5 17/18/5
f 655/19/5 11/18/5 17/18/5 662/19/5
f 664/27/8 667/28/8 668/29/8 18/27/8
f 675/30/9 674/31/9 661/2/9 665/1/9
f 685/32/178 720/33/178 726/34/178 678/35/178 688/35/178 689/32/178
f 668/29/11 710/25/11 660/23/11 674/31/11 675/30/11 18/27/11
f 686/32/12 717/36/12 720/33/12 685/32/12
f 681/14/179 775/10/179 779/37/179 680/14/179
f 680/14/180 779/37/180 777/15/180 687/14/180
f 698/3/15 699/38/15 672/39/15
f 660/23/16 727/22/16 729/40/16 700/41/16 697/42/16 698/3/16 661/2/16 674/31/16
f 694/43/17 695/44/17 731/45/17 712/46/17 713/47/17
f 694/43/18 713/47/18 715/48/18 693/49/18 698/3/18 697/42/18
f 695/44/19 694/43/19 697/42/19 700/41/19
f 693/49/20 696/50/20 701/51/20 699/38/20 698/3/20
f 667/28/21 664/52/21 707/52/21 705/53/21
f 709/52/181 711/54/181 705/53/181 651/52/181
f 705/53/182 707/52/182 704/52/182 663/52/182 651/52/182
f 711/54/183 706/55/183 657/20/183 708/24/183
f 705/53/184 711/54/184 708/24/184 667/28/184
f 656/52/185 706/55/185 711/54/185 709/52/185
f 667/28/27 708/24/27 710/25/27 668/29/27
f 673/4/28 698/3/28 672/39/28 659/7/28 662/19/28 17/18/28
f 12/56/29 66/17/29 666/6/29 653/5/29
f 713/47/30 712/46/30 733/57/30 714/58/30 715/48/30
f 715/48/31 714/58/31 696/50/31 693/49/31
f 718/59/32 716/60/32 725/61/32 701/51/32
f 716/60/6 719/62/6 724/8/6 725/61/6
f 720/33/12 717/36/12 728/63/12 726/34/12
f 717/36/33 719/62/33 741/64/33 740/65/33 739/66/33 730/21/33 728/63/33
f 721/9/34 724/8/34 737/67/34 736/68/34 735/69/34 719/62/34 717/36/34 686/32/34
f 723/70/12 721/9/12 686/32/12 679/32/12
f 722/71/35 723/70/35 679/32/35 669/32/35
f 701/51/36 725/61/36 659/7/36 672/39/36 699/38/36
f 725/61/6 724/8/6 654/7/6 659/7/6
f 729/40/37 727/22/37 716/60/37 718/59/37
f 727/22/6 730/21/6 719/62/6 716/60/6
f 726/34/12 728/63/12 770/72/12 677/35/12 678/35/12
f 728/63/186 730/21/186 657/20/186 706/73/186 656/74/186 771/75/186 772/76/186 773/77/186 774/78/186 770/72/186
f 729/40/40 731/45/40 695/44/40 700/41/40
f 718/59/41 733/57/41 712/46/41 731/45/41 729/40/41
f 714/58/42 733/57/42 718/59/42 701/51/42 696/50/42
f 688/35/43 678/35/43 747/35/43 748/35/43
f 719/62/44 735/69/44 734/79/44 737/67/44 724/8/44
f 734/79/45 735/69/45 736/68/45 737/67/45
f 730/21/46 739/66/46 738/80/46 741/64/46 719/62/46
f 738/80/47 739/66/47 740/65/47 741/64/47
f 670/81/48 671/82/48 743/82/48 742/81/48
f 678/35/49 677/35/49 746/35/49 747/35/49
f 677/35/187 676/83/187 745/83/187 746/35/187
f 680/14/51 687/14/51 754/14/51 749/14/51
f 684/84/52 683/85/52 752/85/52 753/84/52
f 681/14/53 680/14/53 749/14/53 750/14/53
f 682/86/54 684/84/54 753/84/54 751/86/54
f 683/85/55 681/14/55 750/14/55 752/85/55
f 687/14/56 691/14/56 755/14/56 754/14/56
f 751/86/5 753/84/5 760/84/5 758/86/5
f 752/85/5 750/14/5 757/14/5 759/85/5
f 749/14/5 754/14/5 761/14/5 756/14/5
f 754/14/5 755/14/5 762/14/5 761/14/5
f 753/84/5 752/85/5 759/85/5 760/84/5
f 750/14/5 749/14/5 756/14/5 757/14/5
f 758/86/5 760/84/5 767/84/5 765/86/5
f 759/85/5 757/14/5 764/14/5 766/85/5
f 756/14/5 761/14/5 768/14/5 763/14/5
f 761/14/5 762/14/5 769/14/5 768/14/5
f 760/84/5 759/85/5 766/85/5 767/84/5
f 757/14/5 756/14/5 763/14/5 764/14/5
f 770/72/188 774/78/188 676/83/188 677/35/188
f 778/16/58 777/15/58 722/71/58 669/32/58 690/32/58
f 779/37/59 775/10/59 721/9/59 723/70/59
f 776/13/189 781/12/189 684/84/189 682/86/189
f 777/15/61 779/37/61 723/70/61 722/71/61
f 670/81/190 772/76/190 771/75/190 671/82/190
f 670/81/63 742/81/63 782/81/63 744/81/63
f 684/84/191 781/12/191 780/11/191 683/85/191
f 683/85/192 780/11/192 775/10/192 681/14/192
f 744/81/5 782/81/5 784/81/5 783/81/5
f 744/81/193 773/77/193 772/76/193 670/81/193
f 773/77/194 744/81/194 676/83/194 774/78/194
f 688/35/195 748/35/195 785/35/195 786/35/195
f 745/83/196 784/81/196 783/81/196 773/77/196 774/78/196 676/83/196
f 785/35/71 748/35/71 787/35/71 788/35/71
f 788/35/5 787/35/5 789/35/5 790/35/5
f 790/35/72 789/35/72 791/87/72 792/52/72
f 653/5/12 776/13/12 794/13/12 793/5/12
f 776/13/12 682/86/12 795/86/12 796/13/12
f 12/56/74 653/5/74 797/5/74 798/56/74
f 798/56/5 797/5/5 799/5/5 800/56/5
f 797/5/5 653/5/5 802/5/5
f 802/5/5 653/5/5 801/5/5 803/5/5
f 653/5/75 802/5/75 806/5/75 805/5/75
f 802/52/5 804/52/5 808/52/5 807/52/5
f 807/52/5 808/52/5 810/52/5 809/52/5
f 809/52/5 810/52/5 812/52/5 811/52/5
f 811/52/5 812/52/5 815/52/5 814/52/5
f 806/5/5 802/5/5 816/5/5 817/5/5
f 817/5/5 816/5/5 818/5/5 819/5/5
f 826/56/5 827/56/5 820/56/5 822/56/5
f 800/56/76 799/5/76 825/56/76
f 800/56/77 825/56/77 827/56/77 826/56/77
f 826/56/5 827/56/5 823/56/5 821/56/5
f 799/5/5 800/56/5 831/56/5 830/5/5
f 825/56/5 799/5/5 824/5/5 832/56/5
f 827/56/5 826/56/5 833/56/5 834/56/5
f 799/5/75 825/56/75 836/56/75 835/5/75
f 834/56/5 833/56/5 837/56/5 838/56/5
f 827/56/78 825/56/78 839/56/78 840/56/78
f 838/56/75 837/56/75 841/56/75 842/56/75
f 795/86/5 682/86/5 843/86/5 844/86/5
f 844/86/5 843/86/5 845/86/5 846/86/5
f 846/86/5 845/86/5 847/86/5 848/86/5
f 848/86/79 847/86/79 849/86/79 850/86/79
f 785/35/5 788/35/5 852/35/5 851/35/5
f 854/35/5 856/35/5 855/35/5 853/35/5
f 583/35/5 854/35/5 853/35/5 586/35/5
f 649/52/5 856/52/5 854/52/5 583/52/5
f 586/52/5 853/52/5 855/52/5 650/52/5
f 588/35/5 857/35/5 858/52/5 590/52/5
f 792/52/5 860/52/5 859/35/5 790/35/5
f 590/52/5 862/52/5 861/35/5 588/35/5
f 589/87/145 590/52/145 858/52/145 862/52/145 588/35/145 857/35/145 861/52/145
f 857/35/5 861/52/5 862/52/5 858/52/5
f 791/52/5 792/52/5 790/52/5 859/52/5 860/52/5
f 859/35/144 790/35/144 860/52/144 792/52/144 791/87/144
f 858/52/5 590/52/5 589/87/5
f 589/52/5 590/52/5 792/52/5 791/52/5 860/52/5 858/52/5
f 589/87/146 590/52/146 858/52/146 792/52/146 860/52/146 791/52/146
f 1437/81/5 1438/82/5 1867/82/5 1866/81/5
f 593/86/5 594/13/5 646/86/5 644/86/5 642/86/5
f 794/13/148 864/13/148 863/5/148 793/5/148
f 569/75/197 866/75/197 865/74/197 454/74/197
f 454/74/197 869/74/197 872/75/197 569/75/197
f 868/74/5 871/74/5 870/74/5 865/74/5
f 789/35/5 873/35/5 874/87/5 791/87/5
f 873/35/152 875/35/152 876/87/152 874/87/152
f 875/35/152 877/35/152 878/87/152 876/87/152
f 546/35/5 880/35/5 879/35/5 486/35/5
f 748/35/66 881/35/66 882/35/66 787/35/66
f 862/52/198 886/52/198 890/88/198 883/35/198 588/35/198
f 856/52/43 888/52/43 887/52/43 855/52/43
f 885/89/152 884/87/152 878/87/152 877/35/152
f 889/35/199 883/35/199 890/88/199
f 794/13/5 793/5/5 891/5/5 892/13/5
f 892/13/5 891/5/5 893/5/5 894/13/5
f 894/13/90 893/5/90 895/5/90 896/13/90
f 872/75/5 869/74/5 898/75/5
f 126/75/200 6/74/200 897/74/200 900/75/200
f 903/82/197 743/82/197 671/82/197
f 901/75/201 126/75/201 900/75/201 902/75/201
f 918/1/80 926/4/80 951/3/80 914/2/80
f 906/5/81 1029/13/81 1034/12/81 1033/11/81 1028/10/81 974/9/81 977/8/81 907/7/81 919/6/81
f 940/14/155 944/14/155 1031/16/155 1030/15/155
f 919/6/83 907/7/83 908/19/83 11/18/83 66/17/83
f 907/7/5 912/7/5 915/19/5 908/19/5
f 910/20/84 913/23/84 980/22/84 983/21/84
f 961/24/85 963/25/85 913/23/85 910/20/85
f 11/18/5 17/18/5 911/26/5 905/26/5
f 908/19/5 915/19/5 17/18/5 11/18/5
f 917/27/86 18/27/86 921/29/86 920/28/86
f 928/30/87 918/1/87 914/2/87 927/31/87
f 938/32/156 942/32/156 941/35/156 931/35/156 979/34/156 973/33/156
f 921/29/89 18/27/89 928/30/89 927/31/89 913/23/89 963/25/89
f 939/32/90 938/32/90 973/33/90 970/36/90
f 934/14/157 933/14/157 1032/37/157 1028/10/157
f 933/14/158 940/14/158 1030/15/158 1032/37/158
f 951/3/93 925/39/93 952/38/93
f 913/23/94 927/31/94 914/2/94 951/3/94 950/42/94 953/41/94 982/40/94 980/22/94
f 947/43/95 966/47/95 965/46/95 984/45/95 948/44/95
f 947/43/96 950/42/96 951/3/96 946/49/96 968/48/96 966/47/96
f 948/44/97 953/41/97 950/42/97 947/43/97
f 946/49/98 951/3/98 952/38/98 954/51/98 949/50/98
f 920/28/99 958/53/99 960/52/99 917/52/99
f 962/52/159 904/52/159 958/53/159 964/54/159
f 958/53/160 904/52/160 916/52/160 957/52/160 960/52/160
f 964/54/161 961/24/161 910/20/161 959/55/161
f 958/53/162 920/28/162 961/24/162 964/54/162
f 909/52/163 962/52/163 964/54/163 959/55/163
f 920/28/105 921/29/105 963/25/105 961/24/105
f 926/4/106 17/18/106 915/19/106 912/7/106 925/39/106 951/3/106
f 12/56/107 906/5/107 919/6/107 66/17/107
f 966/47/108 968/48/108 967/58/108 986/57/108 965/46/108
f 968/48/109 946/49/109 949/50/109 967/58/109
f 971/59/110 954/51/110 978/61/110 969/60/110
f 969/60/84 978/61/84 977/8/84 972/62/84
f 973/33/90 979/34/90 981/63/90 970/36/90
f 970/36/111 981/63/111 983/21/111 992/66/111 993/65/111 994/64/111 972/62/111
f 974/9/112 939/32/112 970/36/112 972/62/112 988/69/112 989/68/112 990/67/112 977/8/112
f 976/70/90 932/32/90 939/32/90 974/9/90
f 975/71/113 922/32/113 932/32/113 976/70/113
f 954/51/114 952/38/114 925/39/114 912/7/114 978/61/114
f 978/61/84 912/7/84 907/7/84 977/8/84
f 982/40/115 971/59/115 969/60/115 980/22/115
f 980/22/84 969/60/84 972/62/84 983/21/84
f 979/34/164 931/35/164 930/35/164 1023/72/164 981/63/164
f 981/63/165 1023/72/165 1027/78/165 1026/77/165 1025/76/165 1024/75/165 909/74/165 959/73/165 910/20/165 983/21/165
f 982/40/117 953/41/117 948/44/117 984/45/117
f 971/59/118 982/40/118 984/45/118 965/46/118 986/57/118
f 967/58/119 949/50/119 954/51/119 971/59/119 986/57/119
f 941/35/43 1001/35/43 1000/35/43 931/35/43
f 972/62/120 977/8/120 990/67/120 987/79/120 988/69/120
f 987/79/121 990/67/121 989/68/121 988/69/121
f 983/21/122 972/62/122 994/64/122 991/80/122 992/66/122
f 991/80/123 994/64/123 993/65/123 992/66/123
f 923/81/48 995/81/48 996/82/48 924/82/48
f 931/35/49 1000/35/49 999/35/49 930/35/49
f 930/35/166 999/35/166 998/83/166 929/83/166
f 933/14/51 1002/14/51 1007/14/51 940/14/51
f 937/84/52 1006/84/52 1005/85/52 936/85/52
f 934/14/53 1003/14/53 1002/14/53 933/14/53
f 935/86/54 1004/86/54 1006/84/54 937/84/54
f 936/85/55 1005/85/55 1003/14/55 934/14/55
f 940/14/56 1007/14/56 1008/14/56 944/14/56
f 1004/86/5 1011/86/5 1013/84/5 1006/84/5
f 1005/85/5 1012/85/5 1010/14/5 1003/14/5
f 1002/14/5 1009/14/5 1014/14/5 1007/14/5
f 1007/14/5 1014/14/5 1015/14/5 1008/14/5
f 1006/84/5 1013/84/5 1012/85/5 1005/85/5
f 1003/14/5 1010/14/5 1009/14/5 1002/14/5
f 1011/86/5 1018/86/5 1020/84/5 1013/84/5
f 1012/85/5 1019/85/5 1017/14/5 1010/14/5
f 1009/14/5 1016/14/5 1021/14/5 1014/14/5
f 1014/14/5 1021/14/5 1022/14/5 1015/14/5
f 1013/84/5 1020/84/5 1019/85/5 1012/85/5
f 1010/14/5 1017/14/5 1016/14/5 1009/14/5
f 1023/72/167 930/35/167 929/83/167 1027/78/167
f 1031/16/126 943/32/126 922/32/126 975/71/126 1030/15/126
f 1032/37/127 976/70/127 974/9/127 1028/10/127
f 1029/13/168 935/86/168 937/84/168 1034/12/168
f 1030/15/129 975/71/129 976/70/129 1032/37/129
f 923/81/169 924/82/169 1024/75/169 1025/76/169
f 923/81/63 997/81/63 1035/81/63 995/81/63
f 937/84/170 936/85/170 1033/11/170 1034/12/170
f 936/85/171 934/14/171 1028/10/171 1033/11/171
f 997/81/66 1036/81/66 1037/81/66 1035/81/66
f 997/81/172 923/81/172 1025/76/172 1026/77/172
f 1026/77/173 1027/78/173 929/83/173 997/81/173
f 941/35/174 1039/35/174 1038/35/174 1001/35/174
f 998/83/175 929/83/175 1027/78/175 1026/77/175 1036/81/175 1037/81/175
f 1038/35/137 1041/35/137 1040/35/137 1001/35/137
f 1041/35/5 1043/35/5 1042/35/5 1040/35/5
f 1043/35/138 1045/52/138 1044/87/138 1042/35/138
f 906/5/90 1046/5/90 1047/13/90 1029/13/90
f 1029/13/176 1049/13/176 1048/86/176 935/86/176
f 12/56/139 1051/56/139 1050/5/139 906/5/139
f 1051/56/5 1053/56/5 1052/5/5 1050/5/5
f 1050/5/5 1055/5/5 906/5/5
f 1055/5/5 1056/5/5 1054/5/5 906/5/5
f 906/5/140 1058/5/140 1059/5/140 1055/5/140
f 1055/52/5 1060/52/5 1061/52/5 1057/52/5
f 1060/52/5 1062/52/5 1063/52/5 1061/52/5
f 1062/52/5 1064/52/5 1065/52/5 1063/52/5
f 1064/52/5 1067/52/5 1068/52/5 1065/52/5
f 1059/5/5 1070/5/5 1069/5/5 1055/5/5
f 1070/5/5 1072/5/5 1071/5/5 1069/5/5
f 1079/56/5 1075/56/5 1073/56/5 1080/56/5
f 1053/56/141 1078/56/141 1052/5/141
f 1053/56/142 1079/56/142 1080/56/142 1078/56/142
f 1079/56/5 1074/56/5 1076/56/5 1080/56/5
f 1052/5/5 1083/5/5 1084/56/5 1053/56/5
f 1078/56/5 1085/56/5 1077/5/5 1052/5/5
f 1080/56/5 1087/56/5 1086/56/5 1079/56/5
f 1052/5/75 1088/5/75 1089/56/75 1078/56/75
f 1087/56/5 1091/56/5 1090/56/5 1086/56/5
f 1080/56/143 1093/56/143 1092/56/143 1078/56/143
f 1091/56/75 1095/56/75 1094/56/75 1090/56/75
f 1048/86/79 1097/86/79 1096/86/79 935/86/79
f 1097/86/5 1099/86/5 1098/86/5 1096/86/5
f 1099/86/5 1101/86/5 1100/86/5 1098/86/5
f 1101/86/79 1103/86/79 1102/86/79 1100/86/79
f 1105/52/5 1309/52/5 1310/52/5 1104/52/5
f 1120/1/1 1116/2/1 1152/3/1 1128/4/1
f 1108/5/2 1121/6/2 1109/7/2 1178/8/2 1175/9/2 1229/10/2 1234/11/2 1235/12/2 1230/13/2
f 1121/6/4 66/17/4 11/18/4 1110/19/4 1109/7/4
f 1109/7/5 1110/19/5 1117/19/5 1114/7/5
f 1112/20/6 1184/21/6 1181/22/6 1115/23/6
f 1162/24/7 1112/20/7 1115/23/7 1164/25/7
f 11/18/5 1107/26/5 1113/26/5 17/18/5
f 1110/19/5 11/18/5 17/18/5 1117/19/5
f 1119/27/8 1122/28/8 1123/29/8 18/27/8
f 1130/30/9 1129/31/9 1116/2/9 1120/1/9
f 1140/32/178 1174/33/178 1180/34/178 1133/35/178 1143/35/178 1144/32/178
f 1123/29/11 1164/25/11 1115/23/11 1129/31/11 1130/30/11 18/27/11
f 1141/32/12 1171/36/12 1174/33/12 1140/32/12
f 1136/14/179 1229/10/179 1233/37/179 1135/14/179
f 1135/14/180 1233/37/180 1231/15/180 1142/14/180
f 1152/3/15 1153/38/15 1127/39/15
f 1115/23/16 1181/22/16 1183/40/16 1154/41/16 1151/42/16 1152/3/16 1116/2/16 1129/31/16
f 1148/43/17 1149/44/17 1185/45/17 1166/46/17 1167/47/17
f 1148/43/18 1167/47/18 1169/48/18 1147/49/18 1152/3/18 1151/42/18
f 1149/44/19 1148/43/19 1151/42/19 1154/41/19
f 1147/49/20 1150/50/20 1155/51/20 1153/38/20 1152/3/20
f 1122/28/21 1119/52/21 1161/52/21 1159/53/21
f 1163/52/181 1165/54/181 1159/53/181 1106/52/181
f 1159/53/182 1161/52/182 1158/52/182 1118/52/182 1106/52/182
f 1165/54/183 1160/55/183 1112/20/183 1162/24/183
f 1159/53/184 1165/54/184 1162/24/184 1122/28/184
f 1111/52/185 1160/55/185 1165/54/185 1163/52/185
f 1122/28/27 1162/24/27 1164/25/27 1123/29/27
f 1128/4/28 1152/3/28 1127/39/28 1114/7/28 1117/19/28 17/18/28
f 12/56/29 66/17/29 1121/6/29 1108/5/29
f 1167/47/30 1166/46/30 1187/57/30 1168/58/30 1169/48/30
f 1169/48/31 1168/58/31 1150/50/31 1147/49/31
f 1172/59/32 1170/60/32 1179/61/32 1155/51/32
f 1170/60/6 1173/62/6 1178/8/6 1179/61/6
f 1174/33/12 1171/36/12 1182/63/12 1180/34/12
f 1171/36/33 1173/62/33 1195/64/33 1194/65/33 1193/66/33 1184/21/33 1182/63/33
f 1175/9/34 1178/8/34 1191/67/34 1190/68/34 1189/69/34 1173/62/34 1171/36/34 1141/32/34
f 1177/70/12 1175/9/12 1141/32/12 1134/32/12
f 1176/71/35 1177/70/35 1134/32/35 1124/32/35
f 1155/51/36 1179/61/36 1114/7/36 1127/39/36 1153/38/36
f 1179/61/6 1178/8/6 1109/7/6 1114/7/6
f 1183/40/37 1181/22/37 1170/60/37 1172/59/37
f 1181/22/6 1184/21/6 1173/62/6 1170/60/6
f 1180/34/12 1182/63/12 1224/72/12 1132/35/12 1133/35/12
f 1182/63/186 1184/21/186 1112/20/186 1160/73/186 1111/74/186 1225/75/186 1226/76/186 1227/77/186 1228/78/186 1224/72/186
f 1183/40/40 1185/45/40 1149/44/40 1154/41/40
f 1172/59/41 1187/57/41 1166/46/41 1185/45/41 1183/40/41
f 1168/58/42 1187/57/42 1172/59/42 1155/51/42 1150/50/42
f 1143/35/43 1133/35/43 1201/35/43 1202/35/43
f 1173/62/44 1189/69/44 1188/79/44 1191/67/44 1178/8/44
f 1188/79/45 1189/69/45 1190/68/45 1191/67/45
f 1184/21/46 1193/66/46 1192/80/46 1195/64/46 1173/62/46
f 1192/80/47 1193/66/47 1194/65/47 1195/64/47
f 1125/81/48 1126/82/48 1197/82/48 1196/81/48
f 1133/35/49 1132/35/49 1200/35/49 1201/35/49
f 1132/35/187 1131/83/187 1199/83/187 1200/35/187
f 1135/14/51 1142/14/51 1208/14/51 1203/14/51
f 1139/84/52 1138/85/52 1206/85/52 1207/84/52
f 1136/14/53 1135/14/53 1203/14/53 1204/14/53
f 1137/86/54 1139/84/54 1207/84/54 1205/86/54
f 1138/85/55 1136/14/55 1204/14/55 1206/85/55
f 1205/86/5 1207/84/5 1214/84/5 1212/86/5
f 1206/85/5 1204/14/5 1211/14/5 1213/85/5
f 1203/14/5 1208/14/5 1215/14/5 1210/14/5
f 1208/14/5 1209/14/5 1216/14/5 1215/14/5
f 1207/84/5 1206/85/5 1213/85/5 1214/84/5
f 1204/14/5 1203/14/5 1210/14/5 1211/14/5
f 1212/86/5 1214/84/5 1221/84/5 1219/86/5
f 1213/85/5 1211/14/5 1218/14/5 1220/85/5
f 1210/14/5 1215/14/5 1222/14/5 1217/14/5
f 1215/14/5 1216/14/5 1223/14/5 1222/14/5
f 1214/84/5 1213/85/5 1220/85/5 1221/84/5
f 1211/14/5 1210/14/5 1217/14/5 1218/14/5
f 1224/72/188 1228/78/188 1131/83/188 1132/35/188
f 1232/16/58 1231/15/58 1176/71/58 1124/32/58 1145/32/58
f 1233/37/59 1229/10/59 1175/9/59 1177/70/59
f 1230/13/189 1235/12/189 1139/84/189 1137/86/189
f 1231/15/61 1233/37/61 1177/70/61 1176/71/61
f 1125/81/190 1226/76/190 1225/75/190 1126/82/190
f 1125/81/63 1196/81/63 1236/81/63 1198/81/63
f 1139/84/191 1235/12/191 1234/11/191 1138/85/191
f 1138/85/192 1234/11/192 1229/10/192 1136/14/192
f 1198/81/5 1236/81/5 1238/81/5 1237/81/5
f 1198/81/193 1227/77/193 1226/76/193 1125/81/193
f 1227/77/194 1198/81/194 1131/83/194 1228/78/194
f 1143/35/195 1202/35/195 1239/35/195 1240/35/195
f 1199/83/196 1238/81/196 1237/81/196 1227/77/196 1228/78/196 1131/83/196
f 1239/35/71 1202/35/71 1241/35/71 1242/35/71
f 1242/35/5 1241/35/5 1243/35/5 1244/35/5
f 1244/35/72 1243/35/72 1245/87/72 1246/52/72
f 1108/5/12 1230/13/12 1248/13/12 1247/5/12
f 1230/13/12 1137/86/12 1249/86/12 1250/13/12
f 12/56/74 1108/5/74 1251/5/74 1252/56/74
f 1252/56/5 1251/5/5 1253/5/5 1254/56/5
f 1251/5/5 1108/5/5 1256/5/5
f 1256/5/5 1108/5/5 1255/5/5 1257/5/5
f 1108/5/75 1256/5/75 1260/5/75 1259/5/75
f 1256/52/5 1258/52/5 1262/52/5 1261/52/5
f 1261/52/5 1262/52/5 1264/52/5 1263/52/5
f 1263/52/5 1264/52/5 1266/52/5 1265/52/5
f 1265/52/5 1266/52/5 1269/52/5 1268/52/5
f 1260/5/5 1256/5/5 1270/5/5 1271/5/5
f 1271/5/5 1270/5/5 1272/5/5 1273/5/5
f 1280/56/5 1281/56/5 1274/56/5 1276/56/5
f 1254/56/76 1253/5/76 1279/56/76
f 1254/56/77 1279/56/77 1281/56/77 1280/56/77
f 1280/56/5 1281/56/5 1277/56/5 1275/56/5
f 1253/5/5 1254/56/5 1285/56/5 1284/5/5
f 1279/56/5 1253/5/5 1278/5/5 1286/56/5
f 1281/56/5 1280/56/5 1287/56/5 1288/56/5
f 1253/5/75 1279/56/75 1290/56/75 1289/5/75
f 1288/56/5 1287/56/5 1291/56/5 1292/56/5
f 1281/56/78 1279/56/78 1293/56/78 1294/56/78
f 1292/56/75 1291/56/75 1295/56/75 1296/56/75
f 1249/86/5 1137/86/5 1297/86/5 1298/86/5
f 1298/86/5 1297/86/5 1299/86/5 1300/86/5
f 1300/86/5 1299/86/5 1301/86/5 1302/86/5
f 1302/86/79 1301/86/79 1303/86/79 1304/86/79
f 1239/35/5 1242/35/5 1306/35/5 1305/35/5
f 1308/35/5 1310/35/5 1309/35/5 1307/35/5
f 1038/35/5 1308/35/5 1307/35/5 1041/35/5
f 1104/52/5 1310/52/5 1308/52/5 1038/52/5
f 1041/52/5 1307/52/5 1309/52/5 1105/52/5
f 1043/35/5 1311/35/5 1312/52/5 1045/52/5
f 1246/52/5 1314/52/5 1313/35/5 1244/35/5
f 1045/52/5 1316/52/5 1315/35/5 1043/35/5
f 1044/87/145 1045/52/145 1312/52/145 1316/52/145 1043/35/145 1311/35/145 1315/52/145
f 1311/35/5 1315/52/5 1316/52/5 1312/52/5
f 1245/52/5 1246/52/5 1244/52/5 1313/52/5 1314/52/5
f 1313/35/144 1244/35/144 1314/52/144 1246/52/144 1245/87/144
f 1312/52/5 1045/52/5 1044/87/5
f 1044/52/5 1045/52/5 1246/52/5 1245/52/5 1314/52/5 1312/52/5
f 1044/87/146 1045/52/146 1312/52/146 1246/52/146 1314/52/146 1245/52/146
f 1866/81/5 1867/82/5 1869/82/5 1868/81/5
f 1048/86/5 1049/13/5 1101/86/5 1099/86/5 1097/86/5
f 1248/13/148 1318/13/148 1317/5/148 1247/5/148
f 1024/75/197 1320/75/197 1319/74/197 909/74/197
f 1111/74/202 1321/74/202 1322/75/202 1225/75/202
f 909/74/203 1324/74/203 1327/75/203 1024/75/203
f 1323/74/5 1326/74/5 1325/74/5 1319/74/5
f 1243/35/5 1328/35/5 1329/87/5 1245/87/5
f 1328/35/152 1330/35/152 1331/87/152 1329/87/152
f 1330/35/152 1332/35/152 1333/87/152 1331/87/152
f 1001/35/5 1335/35/5 1334/35/5 941/35/5
f 1202/35/66 1336/35/66 1337/35/66 1241/35/66
f 1316/52/198 1341/52/198 1345/88/198 1338/35/198 1043/35/198
f 1310/52/43 1343/52/43 1342/52/43 1309/52/43
f 1340/89/152 1339/87/152 1333/87/152 1332/35/152
f 1344/35/199 1338/35/199 1345/88/199
f 1360/1/1 1356/2/1 1393/3/1 1368/4/1
f 1348/5/2 1361/6/2 1349/7/2 1419/8/2 1416/9/2 1470/10/2 1475/11/2 1476/12/2 1471/13/2
f 1382/14/3 1472/15/3 1473/16/3 1386/14/3
f 1361/6/4 66/17/4 11/18/4 1350/19/4 1349/7/4
f 1349/7/5 1350/19/5 1357/19/5 1354/7/5
f 1352/20/6 1425/21/6 1422/22/6 1355/23/6
f 1403/24/7 1352/20/7 1355/23/7 1405/25/7
f 11/18/5 1347/26/5 1353/26/5 17/18/5
f 1350/19/5 11/18/5 17/18/5 1357/19/5
f 1359/27/8 1362/28/8 1363/29/8 18/27/8
f 1370/30/9 1369/31/9 1356/2/9 1360/1/9
f 1380/32/10 1415/33/10 1421/34/10 1373/35/10 1383/35/10 1384/32/10
f 1363/29/11 1405/25/11 1355/23/11 1369/31/11 1370/30/11 18/27/11
f 1381/32/12 1412/36/12 1415/33/12 1380/32/12
f 1376/14/13 1470/10/13 1474/37/13 1375/14/13
f 1375/14/14 1474/37/14 1472/15/14 1382/14/14
f 1393/3/15 1394/38/15 1367/39/15
f 1355/23/16 1422/22/16 1424/40/16 1395/41/16 1392/42/16 1393/3/16 1356/2/16 1369/31/16
f 1389/43/17 1390/44/17 1426/45/17 1407/46/17 1408/47/17
f 1389/43/18 1408/47/18 1410/48/18 1388/49/18 1393/3/18 1392/42/18
f 1390/44/19 1389/43/19 1392/42/19 1395/41/19
f 1388/49/20 1391/50/20 1396/51/20 1394/38/20 1393/3/20
f 1362/28/21 1359/52/21 1402/52/21 1400/53/21
f 1404/52/22 1406/54/22 1400/53/22 1346/52/22
f 1400/53/23 1402/52/23 1399/52/23 1358/52/23 1346/52/23
f 1406/54/24 1401/55/24 1352/20/24 1403/24/24
f 1400/53/25 1406/54/25 1403/24/25 1362/28/25
f 1351/52/204 1401/55/204 1406/54/204 1404/52/204
f 1362/28/27 1403/24/27 1405/25/27 1363/29/27
f 1368/4/28 1393/3/28 1367/39/28 1354/7/28 1357/19/28 17/18/28
f 12/56/29 66/17/29 1361/6/29 1348/5/29
f 1408/47/30 1407/46/30 1428/57/30 1409/58/30 1410/48/30
f 1410/48/31 1409/58/31 1391/50/31 1388/49/31
f 1413/59/32 1411/60/32 1420/61/32 1396/51/32
f 1411/60/6 1414/62/6 1419/8/6 1420/61/6
f 1415/33/12 1412/36/12 1423/63/12 1421/34/12
f 1418/70/12 1416/9/12 1381/32/12 1374/32/12
f 1417/71/35 1418/70/35 1374/32/35 1364/32/35
f 1396/51/36 1420/61/36 1354/7/36 1367/39/36 1394/38/36
f 1420/61/6 1419/8/6 1349/7/6 1354/7/6
f 1424/40/37 1422/22/37 1411/60/37 1413/59/37
f 1422/22/6 1425/21/6 1414/62/6 1411/60/6
f 1421/34/38 1423/63/38 1465/72/38 1372/35/38 1373/35/38
f 1423/63/39 1425/21/39 1352/20/39 1401/73/39 1351/74/39 1466/75/39 1467/76/39 1468/77/39 1469/78/39 1465/72/39
f 1424/40/40 1426/45/40 1390/44/40 1395/41/40
f 1413/59/41 1428/57/41 1407/46/41 1426/45/41 1424/40/41
f 1409/58/42 1428/57/42 1413/59/42 1396/51/42 1391/50/42
f 1383/35/43 1373/35/43 1442/35/43 1443/35/43
f 1429/79/45 1430/69/45 1431/68/45 1432/67/45
f 1433/80/47 1434/66/47 1435/65/47 1436/64/47
f 1365/81/48 1366/82/48 1438/82/48 1437/81/48
f 1373/35/49 1372/35/49 1441/35/49 1442/35/49
f 1372/35/50 1371/83/50 1440/83/50 1441/35/50
f 1379/84/52 1378/85/52 1447/85/52 1448/84/52
f 1376/14/53 1375/14/53 1444/14/53 1445/14/53
f 1378/85/55 1376/14/55 1445/14/55 1447/85/55
f 1382/14/56 1386/14/56 1450/14/56 1449/14/56
f 1447/85/5 1445/14/5 1452/14/5 1454/85/5
f 1444/14/5 1449/14/5 1456/14/5 1451/14/5
f 1449/14/5 1450/14/5 1457/14/5 1456/14/5
f 1448/84/5 1447/85/5 1454/85/5 1455/84/5
f 1445/14/5 1444/14/5 1451/14/5 1452/14/5
f 1454/85/5 1452/14/5 1459/14/5 1461/85/5
f 1451/14/5 1456/14/5 1463/14/5 1458/14/5
f 1456/14/5 1457/14/5 1464/14/5 1463/14/5
f 1455/84/5 1454/85/5 1461/85/5 1462/84/5
f 1452/14/5 1451/14/5 1458/14/5 1459/14/5
f 1465/72/57 1469/78/57 1371/83/57 1372/35/57
f 1473/16/58 1472/15/58 1417/71/58 1364/32/58 1385/32/58
f 1474/37/59 1470/10/59 1416/9/59 1418/70/59
f 1472/15/61 1474/37/61 1418/70/61 1417/71/61
f 1365/81/62 1467/76/62 1466/75/62 1366/82/62
f 1365/81/63 1437/81/63 1477/81/63 1439/81/63
f 1379/84/64 1476/12/64 1475/11/64 1378/85/64
f 1378/85/65 1475/11/65 1470/10/65 1376/14/65
f 1439/81/66 1477/81/66 1479/81/66 1478/81/66
f 1439/81/67 1468/77/67 1467/76/67 1365/81/67
f 1468/77/68 1439/81/68 1371/83/68 1469/78/68
f 1383/35/69 1443/35/69 1480/35/69 1481/35/69
f 1440/83/70 1479/81/70 1478/81/70 1468/77/70 1469/78/70 1371/83/70
f 1480/35/71 1443/35/71 1482/35/71 1483/35/71
f 1483/35/5 1482/35/5 1484/35/5 1485/35/5
f 1485/35/72 1484/35/72 1486/87/72 1487/52/72
f 1348/5/12 1471/13/12 1489/13/12 1488/5/12
f 12/56/74 1348/5/74 1492/5/74 1493/56/74
f 1493/56/5 1492/5/5 1494/5/5 1495/56/5
f 1492/5/5 1348/5/5 1497/5/5
f 1497/5/5 1348/5/5 1496/5/5 1498/5/5
f 1348/5/75 1497/5/75 1501/5/75 1500/5/75
f 1497/52/5 1499/52/5 1503/52/5 1502/52/5
f 1502/52/5 1503/52/5 1505/52/5 1504/52/5
f 1504/52/5 1505/52/5 1507/52/5 1506/52/5
f 1506/52/5 1507/52/5 1510/52/5 1509/52/5
f 1501/5/5 1497/5/5 1511/5/5 1512/5/5
f 1512/5/5 1511/5/5 1513/5/5 1514/5/5
f 1521/56/5 1522/56/5 1515/56/5 1517/56/5
f 1495/56/76 1494/5/76 1520/56/76
f 1495/56/77 1520/56/77 1522/56/77 1521/56/77
f 1521/56/5 1522/56/5 1518/56/5 1516/56/5
f 1494/5/5 1495/56/5 1526/56/5 1525/5/5
f 1520/56/5 1494/5/5 1519/5/5 1527/56/5
f 1522/56/5 1521/56/5 1528/56/5 1529/56/5
f 1494/5/75 1520/56/75 1531/56/75 1530/5/75
f 1529/56/5 1528/56/5 1532/56/5 1533/56/5
f 1522/56/78 1520/56/78 1534/56/78 1535/56/78
f 1533/56/75 1532/56/75 1536/56/75 1537/56/75
f 1547/52/5 1546/52/5 1753/52/5 1752/52/5
f 1562/1/80 1570/4/80 1595/3/80 1558/2/80
f 1550/5/81 1673/13/81 1678/12/81 1677/11/81 1672/10/81 1618/9/81 1621/8/81 1551/7/81 1563/6/81
f 1584/14/82 1588/14/82 1675/16/82 1674/15/82
f 1563/6/83 1551/7/83 1552/19/83 11/18/83 66/17/83
f 1551/7/5 1556/7/5 1559/19/5 1552/19/5
f 1554/20/84 1557/23/84 1624/22/84 1627/21/84
f 1605/24/85 1607/25/85 1557/23/85 1554/20/85
f 11/18/5 17/18/5 1555/26/5 1549/26/5
f 1552/19/5 1559/19/5 17/18/5 11/18/5
f 1561/27/86 18/27/86 1565/29/86 1564/28/86
f 1572/30/87 1562/1/87 1558/2/87 1571/31/87
f 1582/32/88 1586/32/88 1585/35/88 1575/35/88 1623/34/88 1617/33/88
f 1565/29/89 18/27/89 1572/30/89 1571/31/89 1557/23/89 1607/25/89
f 1583/32/90 1582/32/90 1617/33/90 1614/36/90
f 1578/14/91 1577/14/91 1676/37/91 1672/10/91
f 1577/14/92 1584/14/92 1674/15/92 1676/37/92
f 1595/3/93 1569/39/93 1596/38/93
f 1557/23/94 1571/31/94 1558/2/94 1595/3/94 1594/42/94 1597/41/94 1626/40/94 1624/22/94
f 1591/43/95 1610/47/95 1609/46/95 1628/45/95 1592/44/95
f 1591/43/96 1594/42/96 1595/3/96 1590/49/96 1612/48/96 1610/47/96
f 1592/44/97 1597/41/97 1594/42/97 1591/43/97
f 1590/49/98 1595/3/98 1596/38/98 1598/51/98 1593/50/98
f 1564/28/99 1602/53/99 1604/52/99 1561/52/99
f 1606/52/100 1548/52/100 1602/53/100 1608/54/100
f 1602/53/101 1548/52/101 1560/52/101 1601/52/101 1604/52/101
f 1608/54/102 1605/24/102 1554/20/102 1603/55/102
f 1602/53/103 1564/28/103 1605/24/103 1608/54/103
f 1553/52/104 1606/52/104 1608/54/104 1603/55/104
f 1564/28/105 1565/29/105 1607/25/105 1605/24/105
f 1570/4/106 17/18/106 1559/19/106 1556/7/106 1569/39/106 1595/3/106
f 12/56/107 1550/5/107 1563/6/107 66/17/107
f 1610/47/108 1612/48/108 1611/58/108 1630/57/108 1609/46/108
f 1612/48/109 1590/49/109 1593/50/109 1611/58/109
f 1615/59/110 1598/51/110 1622/61/110 1613/60/110
f 1613/60/84 1622/61/84 1621/8/84 1616/62/84
f 1617/33/90 1623/34/90 1625/63/90 1614/36/90
f 1614/36/111 1625/63/111 1627/21/111 1636/66/111 1637/65/111 1638/64/111 1616/62/111
f 1618/9/112 1583/32/112 1614/36/112 1616/62/112 1632/69/112 1633/68/112 1634/67/112 1621/8/112
f 1620/70/90 1576/32/90 1583/32/90 1618/9/90
f 1619/71/113 1566/32/113 1576/32/113 1620/70/113
f 1598/51/114 1596/38/114 1569/39/114 1556/7/114 1622/61/114
f 1622/61/84 1556/7/84 1551/7/84 1621/8/84
f 1626/40/115 1615/59/115 1613/60/115 1624/22/115
f 1624/22/84 1613/60/84 1616/62/84 1627/21/84
f 1623/34/90 1575/35/90 1574/35/90 1667/72/90 1625/63/90
f 1625/63/116 1667/72/116 1671/78/116 1670/77/116 1669/76/116 1668/75/116 1553/74/116 1603/73/116 1554/20/116 1627/21/116
f 1626/40/117 1597/41/117 1592/44/117 1628/45/117
f 1615/59/118 1626/40/118 1628/45/118 1609/46/118 1630/57/118
f 1611/58/119 1593/50/119 1598/51/119 1615/59/119 1630/57/119
f 1585/35/43 1645/35/43 1644/35/43 1575/35/43
f 1616/62/120 1621/8/120 1634/67/120 1631/79/120 1632/69/120
f 1631/79/121 1634/67/121 1633/68/121 1632/69/121
f 1627/21/122 1616/62/122 1638/64/122 1635/80/122 1636/66/122
f 1635/80/123 1638/64/123 1637/65/123 1636/66/123
f 1567/81/48 1639/81/48 1640/82/48 1568/82/48
f 1575/35/49 1644/35/49 1643/35/49 1574/35/49
f 1574/35/124 1643/35/124 1642/83/124 1573/83/124
f 1577/14/51 1646/14/51 1651/14/51 1584/14/51
f 1581/84/52 1650/84/52 1649/85/52 1580/85/52
f 1578/14/53 1647/14/53 1646/14/53 1577/14/53
f 1579/86/54 1648/86/54 1650/84/54 1581/84/54
f 1580/85/55 1649/85/55 1647/14/55 1578/14/55
f 1584/14/56 1651/14/56 1652/14/56 1588/14/56
f 1648/86/5 1655/86/5 1657/84/5 1650/84/5
f 1649/85/5 1656/85/5 1654/14/5 1647/14/5
f 1646/14/5 1653/14/5 1658/14/5 1651/14/5
f 1651/14/5 1658/14/5 1659/14/5 1652/14/5
f 1650/84/5 1657/84/5 1656/85/5 1649/85/5
f 1647/14/5 1654/14/5 1653/14/5 1646/14/5
f 1655/86/5 1662/86/5 1664/84/5 1657/84/5
f 1656/85/5 1663/85/5 1661/14/5 1654/14/5
f 1653/14/5 1660/14/5 1665/14/5 1658/14/5
f 1658/14/5 1665/14/5 1666/14/5 1659/14/5
f 1657/84/5 1664/84/5 1663/85/5 1656/85/5
f 1654/14/5 1661/14/5 1660/14/5 1653/14/5
f 1667/72/125 1574/35/125 1573/83/125 1671/78/125
f 1675/16/126 1587/32/126 1566/32/126 1619/71/126 1674/15/126
f 1676/37/127 1620/70/127 1618/9/127 1672/10/127
f 1673/13/128 1579/86/128 1581/84/128 1678/12/128
f 1674/15/129 1619/71/129 1620/70/129 1676/37/129
f 1567/81/130 1568/82/130 1668/75/130 1669/76/130
f 1567/81/63 1641/81/63 1679/81/63 1639/81/63
f 1581/84/131 1580/85/131 1677/11/131 1678/12/131
f 1580/85/132 1578/14/132 1672/10/132 1677/11/132
f 1641/81/5 1680/81/5 1681/81/5 1679/81/5
f 1641/81/133 1567/81/133 1669/76/133 1670/77/133
f 1670/77/134 1671/78/134 1573/83/134 1641/81/134
f 1585/35/135 1683/35/135 1682/35/135 1645/35/135
f 1642/83/136 1573/83/136 1671/78/136 1670/77/136 1680/81/136 1681/81/136
f 1682/35/137 1685/35/137 1684/35/137 1645/35/137
f 1685/35/5 1687/35/5 1686/35/5 1684/35/5
f 1687/35/138 1689/52/138 1688/87/138 1686/35/138
f 1550/5/90 1690/5/90 1691/13/90 1673/13/90
f 1673/13/90 1693/13/90 1692/86/90 1579/86/90
f 12/56/139 1695/56/139 1694/5/139 1550/5/139
f 1695/56/5 1697/56/5 1696/5/5 1694/5/5
f 1694/5/5 1699/5/5 1550/5/5
f 1699/5/5 1700/5/5 1698/5/5 1550/5/5
f 1550/5/140 1702/5/140 1703/5/140 1699/5/140
f 1699/52/5 1704/52/5 1705/52/5 1701/52/5
f 1704/52/5 1706/52/5 1707/52/5 1705/52/5
f 1706/52/5 1708/52/5 1709/52/5 1707/52/5
f 1708/52/5 1711/52/5 1712/52/5 1709/52/5
f 1703/5/5 1714/5/5 1713/5/5 1699/5/5
f 1714/5/5 1716/5/5 1715/5/5 1713/5/5
f 1723/56/5 1719/56/5 1717/56/5 1724/56/5
f 1697/56/141 1722/56/141 1696/5/141
f 1697/56/142 1723/56/142 1724/56/142 1722/56/142
f 1723/56/5 1718/56/5 1720/56/5 1724/56/5
f 1696/5/5 1727/5/5 1728/56/5 1697/56/5
f 1722/56/5 1729/56/5 1721/5/5 1696/5/5
f 1724/56/5 1731/56/5 1730/56/5 1723/56/5
f 1696/5/75 1732/5/75 1733/56/75 1722/56/75
f 1731/56/5 1735/56/5 1734/56/5 1730/56/5
f 1724/56/143 1737/56/143 1736/56/143 1722/56/143
f 1735/56/75 1739/56/75 1738/56/75 1734/56/75
f 1692/86/5 1741/86/5 1740/86/5 1579/86/5
f 1741/86/5 1743/86/5 1742/86/5 1740/86/5
f 1743/86/5 1745/86/5 1744/86/5 1742/86/5
f 1745/86/79 1747/86/79 1746/86/79 1744/86/79
f 1682/35/5 1748/35/5 1749/35/5 1685/35/5
f 1751/35/5 1750/35/5 1752/35/5 1753/35/5
f 1480/35/5 1483/35/5 1750/35/5 1751/35/5
f 1546/52/5 1480/52/5 1751/52/5 1753/52/5
f 1483/52/5 1547/52/5 1752/52/5 1750/52/5
f 1485/35/5 1487/52/5 1755/52/5 1754/35/5
f 1689/52/5 1687/35/5 1756/35/5 1757/52/5
f 1487/52/5 1485/35/5 1758/35/5 1759/52/5
f 1486/87/144 1758/52/144 1754/35/144 1485/35/144 1759/52/144 1755/52/144 1487/52/144
f 1754/35/5 1755/52/5 1759/52/5 1758/52/5
f 1688/52/5 1757/52/5 1756/52/5 1687/52/5 1689/52/5
f 1756/35/145 1688/87/145 1689/52/145 1757/52/145 1687/35/145
f 1755/52/5 1486/87/5 1487/52/5
f 1486/52/5 1755/52/5 1757/52/5 1688/52/5 1689/52/5 1487/52/5
f 1486/87/146 1688/52/146 1757/52/146 1689/52/146 1755/52/146 1487/52/146
f 1651/52/147 1584/52/147 1674/52/147
f 1490/86/5 1539/86/5 1541/86/5 1543/86/5 1491/13/5
f 1691/13/148 1690/5/148 1760/5/148 1761/13/148
f 1466/75/205 1351/74/205 1762/74/205 1763/75/205
f 1351/74/206 1466/75/206 1769/75/206 1766/74/206
f 1765/74/5 1762/74/5 1767/74/5 1768/74/5
f 1686/35/5 1688/87/5 1771/87/5 1770/35/5
f 1770/35/152 1771/87/152 1773/87/152 1772/35/152
f 1772/35/152 1773/87/152 1775/87/152 1774/35/152
f 1443/35/5 1383/35/5 1776/35/5 1777/35/5
f 1645/35/66 1684/35/66 1779/35/66 1778/35/66
f 1759/52/153 1485/35/153 1780/35/153 1787/88/153 1783/52/153
f 1753/52/43 1752/52/43 1784/52/43 1785/52/43
f 1782/89/152 1774/35/152 1775/87/152 1781/87/152
f 1786/35/154 1787/88/154 1780/35/154
f 1691/13/5 1789/13/5 1788/5/5 1690/5/5
f 1789/13/5 1791/13/5 1790/5/5 1788/5/5
f 1791/13/12 1793/13/12 1792/5/12 1790/5/12
f 1769/75/5 1795/75/5 1766/74/5
f 1024/75/207 1797/75/207 1794/74/207 909/74/207
f 1800/82/197 1568/82/197 1640/82/197
f 1798/75/208 1799/75/208 1797/75/208 1024/75/208
f 909/74/209 1794/74/209 1801/74/209 1802/74/209
f 1794/74/210 1797/75/210 1804/75/210 1803/74/210
f 1461/85/5 1459/14/5 1810/14/5 1812/85/5
f 1545/86/5 1544/86/5 1819/86/5 1820/86/5
f 1806/75/211 1803/74/211 1804/75/211
f 1462/84/5 1461/85/5 1812/85/5 1813/84/5
f 1538/86/5 1377/86/5 1805/86/5 1816/86/5
f 1463/14/5 1464/14/5 1815/14/5 1814/14/5
f 1453/86/5 1460/86/5 1811/86/5 1808/86/5
f 1540/86/5 1538/86/5 1816/86/5 1817/86/5
f 1377/86/5 1446/86/5 1807/86/5 1805/86/5
f 1458/14/5 1463/14/5 1814/14/5 1809/14/5
f 1446/86/5 1453/86/5 1808/86/5 1807/86/5
f 1459/14/5 1458/14/5 1809/14/5 1810/14/5
f 1542/86/5 1540/86/5 1817/86/5 1818/86/5
f 1814/14/5 1815/14/5 1830/14/5 1829/14/5
f 1808/86/5 1811/86/5 1826/86/5 1823/86/5
f 1816/86/5 1805/86/5 1821/86/5 1831/86/5
f 1809/14/5 1814/14/5 1829/14/5 1824/14/5
f 1817/86/5 1816/86/5 1831/86/5 1832/86/5
f 1810/14/5 1809/14/5 1824/14/5 1825/14/5
f 1818/86/5 1817/86/5 1832/86/5 1833/86/5
f 1812/85/5 1810/14/5 1825/14/5 1827/85/5
f 1820/86/5 1819/86/5 1834/86/5 1835/86/5
f 1813/84/5 1812/85/5 1827/85/5 1828/84/5
f 1807/86/5 1808/86/5 1823/86/5 1822/86/5
f 1805/86/5 1807/86/5 1822/86/5 1821/86/5
f 1822/86/5 1823/86/5 1838/86/5 1837/86/5
f 1823/86/5 1826/86/5 1841/86/5 1838/86/5
f 1821/86/5 1822/86/5 1837/86/5 1836/86/5
f 1831/86/5 1821/86/5 1836/86/5 1846/86/5
f 1824/14/5 1829/14/5 1844/14/5 1839/14/5
f 1832/86/5 1831/86/5 1846/86/5 1847/86/5
f 1825/14/5 1824/14/5 1839/14/5 1840/14/5
f 1833/86/5 1832/86/5 1847/86/5 1848/86/5
f 1827/85/5 1825/14/5 1840/14/5 1842/85/5
f 1835/86/5 1834/86/5 1849/86/5 1850/86/5
f 1828/84/5 1827/85/5 1842/85/5 1843/84/5
f 1829/14/5 1830/14/5 1845/14/5 1844/14/5
f 1838/86/5 1841/86/5 1856/86/5 1853/86/5
f 1836/86/5 1837/86/5 1852/86/5 1851/86/5
f 1846/86/5 1836/86/5 1851/86/5 1861/86/5
f 1839/14/5 1844/14/5 1859/14/5 1854/14/5
f 1847/86/5 1846/86/5 1861/86/5 1862/86/5
f 1840/14/5 1839/14/5 1854/14/5 1855/14/5
f 1848/86/5 1847/86/5 1862/86/5 1863/86/5
f 1842/85/5 1840/14/5 1855/14/5 1857/85/5
f 1843/84/5 1842/85/5 1857/85/5 1858/84/5
f 1844/14/5 1845/14/5 1860/14/5 1859/14/5
f 1837/86/5 1838/86/5 1853/86/5 1852/86/5
f 1858/84/5 1857/85/5 1864/85/5 1865/84/5
f 1753/52/66 1785/52/66 1780/35/66 1485/35/66
f 1865/84/212 1864/85/212 1138/85/212 1139/84/212
f 1441/35/5 1440/83/5 1871/83/5 1872/35/5
f 1887/1/80 1895/4/80 1920/3/80 1883/2/80
f 1875/5/81 1998/13/81 2003/12/81 2002/11/81 1997/10/81 1943/9/81 1946/8/81 1876/7/81 1888/6/81
f 1909/14/155 1913/14/155 2000/16/155 1999/15/155
f 1888/6/83 1876/7/83 1877/19/83 11/18/83 66/17/83
f 1876/7/5 1881/7/5 1884/19/5 1877/19/5
f 1879/20/84 1882/23/84 1949/22/84 1952/21/84
f 1930/24/85 1932/25/85 1882/23/85 1879/20/85
f 11/18/5 17/18/5 1880/26/5 1874/26/5
f 1877/19/5 1884/19/5 17/18/5 11/18/5
f 1886/27/86 18/27/86 1890/29/86 1889/28/86
f 1897/30/87 1887/1/87 1883/2/87 1896/31/87
f 1907/32/156 1911/32/156 1910/35/156 1900/35/156 1948/34/156 1942/33/156
f 1890/29/89 18/27/89 1897/30/89 1896/31/89 1882/23/89 1932/25/89
f 1908/32/90 1907/32/90 1942/33/90 1939/36/90
f 1903/14/157 1902/14/157 2001/37/157 1997/10/157
f 1902/14/158 1909/14/158 1999/15/158 2001/37/158
f 1920/3/93 1894/39/93 1921/38/93
f 1882/23/94 1896/31/94 1883/2/94 1920/3/94 1919/42/94 1922/41/94 1951/40/94 1949/22/94
f 1916/43/95 1935/47/95 1934/46/95 1953/45/95 1917/44/95
f 1916/43/96 1919/42/96 1920/3/96 1915/49/96 1937/48/96 1935/47/96
f 1917/44/97 1922/41/97 1919/42/97 1916/43/97
f 1915/49/98 1920/3/98 1921/38/98 1923/51/98 1918/50/98
f 1889/28/99 1927/53/99 1929/52/99 1886/52/99
f 1931/52/159 1873/52/159 1927/53/159 1933/54/159
f 1927/53/160 1873/52/160 1885/52/160 1926/52/160 1929/52/160
f 1933/54/161 1930/24/161 1879/20/161 1928/55/161
f 1927/53/162 1889/28/162 1930/24/162 1933/54/162
f 1878/52/213 1931/52/213 1933/54/213 1928/55/213
f 1889/28/105 1890/29/105 1932/25/105 1930/24/105
f 1895/4/106 17/18/106 1884/19/106 1881/7/106 1894/39/106 1920/3/106
f 12/56/107 1875/5/107 1888/6/107 66/17/107
f 1935/47/108 1937/48/108 1936/58/108 1955/57/108 1934/46/108
f 1937/48/109 1915/49/109 1918/50/109 1936/58/109
f 1940/59/110 1923/51/110 1947/61/110 1938/60/110
f 1938/60/84 1947/61/84 1946/8/84 1941/62/84
f 1942/33/90 1948/34/90 1950/63/90 1939/36/90
f 1939/36/111 1950/63/111 1952/21/111 1961/66/111 1962/65/111 1963/64/111 1941/62/111
f 1943/9/112 1908/32/112 1939/36/112 1941/62/112 1957/69/112 1958/68/112 1959/67/112 1946/8/112
f 1945/70/90 1901/32/90 1908/32/90 1943/9/90
f 1944/71/113 1891/32/113 1901/32/113 1945/70/113
f 1923/51/114 1921/38/114 1894/39/114 1881/7/114 1947/61/114
f 1947/61/84 1881/7/84 1876/7/84 1946/8/84
f 1951/40/115 1940/59/115 1938/60/115 1949/22/115
f 1949/22/84 1938/60/84 1941/62/84 1952/21/84
f 1948/34/164 1900/35/164 1899/35/164 1992/72/164 1950/63/164
f 1950/63/214 1992/72/214 1996/78/214 1995/77/214 1994/76/214 1993/75/214 1878/74/214 1928/73/214 1879/20/214 1952/21/214
f 1951/40/117 1922/41/117 1917/44/117 1953/45/117
f 1940/59/118 1951/40/118 1953/45/118 1934/46/118 1955/57/118
f 1936/58/119 1918/50/119 1923/51/119 1940/59/119 1955/57/119
f 1910/35/43 1970/35/43 1969/35/43 1900/35/43
f 1941/62/120 1946/8/120 1959/67/120 1956/79/120 1957/69/120
f 1956/79/121 1959/67/121 1958/68/121 1957/69/121
f 1952/21/122 1941/62/122 1963/64/122 1960/80/122 1961/66/122
f 1960/80/123 1963/64/123 1962/65/123 1961/66/123
f 1892/81/48 1964/81/48 1965/82/48 1893/82/48
f 1900/35/49 1969/35/49 1968/35/49 1899/35/49
f 1899/35/166 1968/35/166 1967/83/166 1898/83/166
f 1902/14/51 1971/14/51 1976/14/51 1909/14/51
f 1906/84/52 1975/84/52 1974/85/52 1905/85/52
f 1903/14/53 1972/14/53 1971/14/53 1902/14/53
f 1904/86/54 1973/86/54 1975/84/54 1906/84/54
f 1905/85/55 1974/85/55 1972/14/55 1903/14/55
f 1909/14/56 1976/14/56 1977/14/56 1913/14/56
f 1973/86/5 1980/86/5 1982/84/5 1975/84/5
f 1974/85/5 1981/85/5 1979/14/5 1972/14/5
f 1971/14/5 1978/14/5 1983/14/5 1976/14/5
f 1976/14/5 1983/14/5 1984/14/5 1977/14/5
f 1975/84/5 1982/84/5 1981/85/5 1974/85/5
f 1972/14/5 1979/14/5 1978/14/5 1971/14/5
f 1980/86/5 1987/86/5 1989/84/5 1982/84/5
f 1981/85/5 1988/85/5 1986/14/5 1979/14/5
f 1978/14/5 1985/14/5 1990/14/5 1983/14/5
f 1983/14/5 1990/14/5 1991/14/5 1984/14/5
f 1982/84/5 1989/84/5 1988/85/5 1981/85/5
f 1979/14/5 1986/14/5 1985/14/5 1978/14/5
f 1992/72/167 1899/35/167 1898/83/167 1996/78/167
f 2000/16/126 1912/32/126 1891/32/126 1944/71/126 1999/15/126
f 2001/37/127 1945/70/127 1943/9/127 1997/10/127
f 1998/13/168 1904/86/168 1906/84/168 2003/12/168
f 1999/15/129 1944/71/129 1945/70/129 2001/37/129
f 1892/81/169 1893/82/169 1993/75/169 1994/76/169
f 1892/81/63 1966/81/63 2004/81/63 1964/81/63
f 1906/84/170 1905/85/170 2002/11/170 2003/12/170
f 1905/85/171 1903/14/171 1997/10/171 2002/11/171
f 1966/81/66 2005/81/66 2006/81/66 2004/81/66
f 1966/81/172 1892/81/172 1994/76/172 1995/77/172
f 1995/77/173 1996/78/173 1898/83/173 1966/81/173
f 1910/35/174 2008/35/174 2007/35/174 1970/35/174
f 1967/83/175 1898/83/175 1996/78/175 1995/77/175 2005/81/175 2006/81/175
f 2007/35/137 2010/35/137 2009/35/137 1970/35/137
f 2010/35/5 2012/35/5 2011/35/5 2009/35/5
f 2012/35/138 2014/52/138 2013/87/138 2011/35/138
f 1875/5/90 2015/5/90 2016/13/90 1998/13/90
f 1998/13/176 2018/13/176 2017/86/176 1904/86/176
f 12/56/139 2020/56/139 2019/5/139 1875/5/139
f 2020/56/5 2022/56/5 2021/5/5 2019/5/5
f 2019/5/5 2024/5/5 1875/5/5
f 2024/5/5 2025/5/5 2023/5/5 1875/5/5
f 1875/5/140 2027/5/140 2028/5/140 2024/5/140
f 2024/52/5 2029/52/5 2030/52/5 2026/52/5
f 2029/52/5 2031/52/5 2032/52/5 2030/52/5
f 2031/52/5 2033/52/5 2034/52/5 2032/52/5
f 2033/52/5 2036/52/5 2037/52/5 2034/52/5
f 2028/5/5 2039/5/5 2038/5/5 2024/5/5
f 2039/5/5 2041/5/5 2040/5/5 2038/5/5
f 2048/56/5 2044/56/5 2042/56/5 2049/56/5
f 2022/56/141 2047/56/141 2021/5/141
f 2022/56/142 2048/56/142 2049/56/142 2047/56/142
f 2048/56/5 2043/56/5 2045/56/5 2049/56/5
f 2021/5/5 2052/5/5 2053/56/5 2022/56/5
f 2047/56/5 2054/56/5 2046/5/5 2021/5/5
f 2049/56/5 2056/56/5 2055/56/5 2048/56/5
f 2021/5/75 2057/5/75 2058/56/75 2047/56/75
f 2056/56/5 2060/56/5 2059/56/5 2055/56/5
f 2049/56/143 2062/56/143 2061/56/143 2047/56/143
f 2060/56/75 2064/56/75 2063/56/75 2059/56/75
f 2017/86/79 2066/86/79 2065/86/79 1904/86/79
f 2066/86/5 2068/86/5 2067/86/5 2065/86/5
f 2068/86/5 2070/86/5 2069/86/5 2067/86/5
f 2070/86/79 2072/86/79 2071/86/79 2069/86/79
f 2074/52/5 2279/52/5 2280/52/5 2073/52/5
f 2089/1/1 2085/2/1 2122/3/1 2097/4/1
f 2077/5/2 2090/6/2 2078/7/2 2148/8/2 2145/9/2 2199/10/2 2204/11/2 2205/12/2 2200/13/2
f 2111/14/177 2201/15/177 2202/16/177 2115/14/177
f 2090/6/4 66/17/4 11/18/4 2079/19/4 2078/7/4
f 2078/7/5 2079/19/5 2086/19/5 2083/7/5
f 2081/20/6 2154/21/6 2151/22/6 2084/23/6
f 2132/24/7 2081/20/7 2084/23/7 2134/25/7
f 11/18/5 2076/26/5 2082/26/5 17/18/5
f 2079/19/5 11/18/5 17/18/5 2086/19/5
f 2088/27/8 2091/28/8 2092/29/8 18/27/8
f 2099/30/9 2098/31/9 2085/2/9 2089/1/9
f 2109/32/178 2144/33/178 2150/34/178 2102/35/178 2112/35/178 2113/32/178
f 2092/29/11 2134/25/11 2084/23/11 2098/31/11 2099/30/11 18/27/11
f 2110/32/12 2141/36/12 2144/33/12 2109/32/12
f 2105/14/179 2199/10/179 2203/37/179 2104/14/179
f 2104/14/180 2203/37/180 2201/15/180 2111/14/180
f 2122/3/15 2123/38/15 2096/39/15
f 2084/23/16 2151/22/16 2153/40/16 2124/41/16 2121/42/16 2122/3/16 2085/2/16 2098/31/16
f 2118/43/17 2119/44/17 2155/45/17 2136/46/17 2137/47/17
f 2118/43/18 2137/47/18 2139/48/18 2117/49/18 2122/3/18 2121/42/18
f 2119/44/19 2118/43/19 2121/42/19 2124/41/19
f 2117/49/20 2120/50/20 2125/51/20 2123/38/20 2122/3/20
f 2091/28/21 2088/52/21 2131/52/21 2129/53/21
f 2133/52/181 2135/54/181 2129/53/181 2075/52/181
f 2129/53/182 2131/52/182 2128/52/182 2087/52/182 2075/52/182
f 2135/54/183 2130/55/183 2081/20/183 2132/24/183
f 2129/53/184 2135/54/184 2132/24/184 2091/28/184
f 2080/52/185 2130/55/185 2135/54/185 2133/52/185
f 2091/28/27 2132/24/27 2134/25/27 2092/29/27
f 2097/4/28 2122/3/28 2096/39/28 2083/7/28 2086/19/28 17/18/28
f 12/56/29 66/17/29 2090/6/29 2077/5/29
f 2137/47/30 2136/46/30 2157/57/30 2138/58/30 2139/48/30
f 2139/48/31 2138/58/31 2120/50/31 2117/49/31
f 2142/59/32 2140/60/32 2149/61/32 2125/51/32
f 2140/60/6 2143/62/6 2148/8/6 2149/61/6
f 2144/33/12 2141/36/12 2152/63/12 2150/34/12
f 2141/36/33 2143/62/33 2165/64/33 2164/65/33 2163/66/33 2154/21/33 2152/63/33
f 2145/9/34 2148/8/34 2161/67/34 2160/68/34 2159/69/34 2143/62/34 2141/36/34 2110/32/34
f 2147/70/12 2145/9/12 2110/32/12 2103/32/12
f 2146/71/35 2147/70/35 2103/32/35 2093/32/35
f 2125/51/36 2149/61/36 2083/7/36 2096/39/36 2123/38/36
f 2149/61/6 2148/8/6 2078/7/6 2083/7/6
f 2153/40/37 2151/22/37 2140/60/37 2142/59/37
f 2151/22/6 2154/21/6 2143/62/6 2140/60/6
f 2150/34/12 2152/63/12 2194/72/12 2101/35/12 2102/35/12
f 2152/63/186 2154/21/186 2081/20/186 2130/73/186 2080/74/186 2195/75/186 2196/76/186 2197/77/186 2198/78/186 2194/72/186
f 2153/40/40 2155/45/40 2119/44/40 2124/41/40
f 2142/59/41 2157/57/41 2136/46/41 2155/45/41 2153/40/41
f 2138/58/42 2157/57/42 2142/59/42 2125/51/42 2120/50/42
f 2112/35/43 2102/35/43 2171/35/43 2172/35/43
f 2143/62/44 2159/69/44 2158/79/44 2161/67/44 2148/8/44
f 2158/79/45 2159/69/45 2160/68/45 2161/67/45
f 2154/21/46 2163/66/46 2162/80/46 2165/64/46 2143/62/46
f 2162/80/47 2163/66/47 2164/65/47 2165/64/47
f 2094/81/48 2095/82/48 2167/82/48 2166/81/48
f 2102/35/49 2101/35/49 2170/35/49 2171/35/49
f 2101/35/187 2100/83/187 2169/83/187 2170/35/187
f 2104/14/51 2111/14/51 2178/14/51 2173/14/51
f 2108/84/52 2107/85/52 2176/85/52 2177/84/52
f 2105/14/53 2104/14/53 2173/14/53 2174/14/53
f 2106/86/54 2108/84/54 2177/84/54 2175/86/54
f 2107/85/55 2105/14/55 2174/14/55 2176/85/55
f 2111/14/56 2115/14/56 2179/14/56 2178/14/56
f 2175/86/5 2177/84/5 2184/84/5 2182/86/5
f 2176/85/5 2174/14/5 2181/14/5 2183/85/5
f 2173/14/5 2178/14/5 2185/14/5 2180/14/5
f 2178/14/5 2179/14/5 2186/14/5 2185/14/5
f 2177/84/5 2176/85/5 2183/85/5 2184/84/5
f 2174/14/5 2173/14/5 2180/14/5 2181/14/5
f 2182/86/5 2184/84/5 2191/84/5 2189/86/5
f 2183/85/5 2181/14/5 2188/14/5 2190/85/5
f 2180/14/5 2185/14/5 2192/14/5 2187/14/5
f 2185/14/5 2186/14/5 2193/14/5 2192/14/5
f 2184/84/5 2183/85/5 2190/85/5 2191/84/5
f 2181/14/5 2180/14/5 2187/14/5 2188/14/5
f 2194/72/188 2198/78/188 2100/83/188 2101/35/188
f 2202/16/58 2201/15/58 2146/71/58 2093/32/58 2114/32/58
f 2203/37/59 2199/10/59 2145/9/59 2147/70/59
f 2200/13/189 2205/12/189 2108/84/189 2106/86/189
f 2201/15/61 2203/37/61 2147/70/61 2146/71/61
f 2094/81/190 2196/76/190 2195/75/190 2095/82/190
f 2094/81/63 2166/81/63 2206/81/63 2168/81/63
f 2108/84/191 2205/12/191 2204/11/191 2107/85/191
f 2107/85/192 2204/11/192 2199/10/192 2105/14/192
f 2168/81/5 2206/81/5 2208/81/5 2207/81/5
f 2168/81/193 2197/77/193 2196/76/193 2094/81/193
f 2197/77/194 2168/81/194 2100/83/194 2198/78/194
f 2112/35/195 2172/35/195 2209/35/195 2210/35/195
f 2169/83/196 2208/81/196 2207/81/196 2197/77/196 2198/78/196 2100/83/196
f 2209/35/71 2172/35/71 2211/35/71 2212/35/71
f 2212/35/5 2211/35/5 2213/35/5 2214/35/5
f 2214/35/72 2213/35/72 2215/87/72 2216/52/72
f 2077/5/12 2200/13/12 2218/13/12 2217/5/12
f 2200/13/12 2106/86/12 2219/86/12 2220/13/12
f 12/56/74 2077/5/74 2221/5/74 2222/56/74
f 2222/56/5 2221/5/5 2223/5/5 2224/56/5
f 2221/5/5 2077/5/5 2226/5/5
f 2226/5/5 2077/5/5 2225/5/5 2227/5/5
f 2077/5/75 2226/5/75 2230/5/75 2229/5/75
f 2226/52/5 2228/52/5 2232/52/5 2231/52/5
f 2231/52/5 2232/52/5 2234/52/5 2233/52/5
f 2233/52/5 2234/52/5 2236/52/5 2235/52/5
f 2235/52/5 2236/52/5 2239/52/5 2238/52/5
f 2230/5/5 2226/5/5 2240/5/5 2241/5/5
f 2241/5/5 2240/5/5 2242/5/5 2243/5/5
f 2250/56/5 2251/56/5 2244/56/5 2246/56/5
f 2224/56/76 2223/5/76 2249/56/76
f 2224/56/77 2249/56/77 2251/56/77 2250/56/77
f 2250/56/5 2251/56/5 2247/56/5 2245/56/5
f 2223/5/5 2224/56/5 2255/56/5 2254/5/5
f 2249/56/5 2223/5/5 2248/5/5 2256/56/5
f 2251/56/5 2250/56/5 2257/56/5 2258/56/5
f 2223/5/75 2249/56/75 2260/56/75 2259/5/75
f 2258/56/5 2257/56/5 2261/56/5 2262/56/5
f 2251/56/78 2249/56/78 2263/56/78 2264/56/78
f 2262/56/75 2261/56/75 2265/56/75 2266/56/75
f 2219/86/5 2106/86/5 2267/86/5 2268/86/5
f 2268/86/5 2267/86/5 2269/86/5 2270/86/5
f 2270/86/5 2269/86/5 2271/86/5 2272/86/5
f 2272/86/79 2271/86/79 2273/86/79 2274/86/79
f 2209/35/5 2212/35/5 2276/35/5 2275/35/5
f 2278/35/5 2280/35/5 2279/35/5 2277/35/5
f 2007/35/5 2278/35/5 2277/35/5 2010/35/5
f 2073/52/5 2280/52/5 2278/52/5 2007/52/5
f 2010/52/5 2277/52/5 2279/52/5 2074/52/5
f 2012/35/5 2281/35/5 2282/52/5 2014/52/5
f 2216/52/5 2284/52/5 2283/35/5 2214/35/5
f 2014/52/5 2286/52/5 2285/35/5 2012/35/5
f 2013/87/145 2014/52/145 2282/52/145 2286/52/145 2012/35/145 2281/35/145 2285/52/145
f 2281/35/5 2285/52/5 2286/52/5 2282/52/5
f 2215/52/5 2216/52/5 2214/52/5 2283/52/5 2284/52/5
f 2283/35/144 2214/35/144 2284/52/144 2216/52/144 2215/87/144
f 2282/52/5 2014/52/5 2013/87/5
f 2013/52/5 2014/52/5 2216/52/5 2215/52/5 2284/52/5 2282/52/5
f 2013/87/146 2014/52/146 2282/52/146 2216/52/146 2284/52/146 2215/52/146
f 2178/52/147 2201/52/147 2111/52/147
f 2017/86/5 2018/13/5 2070/86/5 2068/86/5 2066/86/5
f 2218/13/148 2288/13/148 2287/5/148 2217/5/148
f 1993/75/215 2290/75/215 2289/74/215 1878/74/215
f 2080/74/216 2291/74/216 2292/75/216 2195/75/216
f 1878/74/217 2294/74/217 2297/75/217 1993/75/217
f 2293/74/5 2296/74/5 2295/74/5 2289/74/5
f 2213/35/5 2298/35/5 2299/87/5 2215/87/5
f 2298/35/152 2300/35/152 2301/87/152 2299/87/152
f 2300/35/152 2302/35/152 2303/87/152 2301/87/152
f 1970/35/5 2305/35/5 2304/35/5 1910/35/5
f 2172/35/66 2306/35/66 2307/35/66 2211/35/66
f 2286/52/198 2311/52/198 2315/88/198 2308/35/198 2012/35/198
f 2280/52/43 2313/52/43 2312/52/43 2279/52/43
f 2310/89/152 2309/87/152 2303/87/152 2302/35/152
f 2314/35/199 2308/35/199 2315/88/199
f 2330/1/1 2326/2/1 2363/3/1 2338/4/1
f 2318/5/2 2331/6/2 2319/7/2 2389/8/2 2386/9/2 2440/10/2 2445/11/2 2446/12/2 2441/13/2
f 2352/14/3 2442/15/3 2443/16/3 2356/14/3
f 2331/6/4 66/17/4 11/18/4 2320/19/4 2319/7/4
f 2319/7/5 2320/19/5 2327/19/5 2324/7/5
f 2322/20/6 2395/21/6 2392/22/6 2325/23/6
f 2373/24/7 2322/20/7 2325/23/7 2375/25/7
f 11/18/5 2317/26/5 2323/26/5 17/18/5
f 2320/19/5 11/18/5 17/18/5 2327/19/5
f 2329/27/8 2332/28/8 2333/29/8 18/27/8
f 2340/30/9 2339/31/9 2326/2/9 2330/1/9
f 2350/32/10 2385/33/10 2391/34/10 2343/35/10 2353/35/10 2354/32/10
f 2333/29/11 2375/25/11 2325/23/11 2339/31/11 2340/30/11 18/27/11
f 2351/32/12 2382/36/12 2385/33/12 2350/32/12
f 2346/14/13 2440/10/13 2444/37/13 2345/14/13
f 2345/14/14 2444/37/14 2442/15/14 2352/14/14
f 2363/3/15 2364/38/15 2337/39/15
f 2325/23/16 2392/22/16 2394/40/16 2365/41/16 2362/42/16 2363/3/16 2326/2/16 2339/31/16
f 2359/43/17 2360/44/17 2396/45/17 2377/46/17 2378/47/17
f 2359/43/18 2378/47/18 2380/48/18 2358/49/18 2363/3/18 2362/42/18
f 2360/44/19 2359/43/19 2362/42/19 2365/41/19
f 2358/49/20 2361/50/20 2366/51/20 2364/38/20 2363/3/20
f 2332/28/21 2329/52/21 2372/52/21 2370/53/21
f 2374/52/22 2376/54/22 2370/53/22 2316/52/22
f 2370/53/23 2372/52/23 2369/52/23 2328/52/23 2316/52/23
f 2376/54/24 2371/55/24 2322/20/24 2373/24/24
f 2370/53/25 2376/54/25 2373/24/25 2332/28/25
f 2321/52/218 2371/55/218 2376/54/218 2374/52/218
f 2332/28/27 2373/24/27 2375/25/27 2333/29/27
f 2338/4/28 2363/3/28 2337/39/28 2324/7/28 2327/19/28 17/18/28
f 12/56/29 66/17/29 2331/6/29 2318/5/29
f 2378/47/30 2377/46/30 2398/57/30 2379/58/30 2380/48/30
f 2380/48/31 2379/58/31 2361/50/31 2358/49/31
f 2383/59/32 2381/60/32 2390/61/32 2366/51/32
f 2381/60/6 2384/62/6 2389/8/6 2390/61/6
f 2385/33/12 2382/36/12 2393/63/12 2391/34/12
f 2382/36/33 2384/62/33 2406/64/33 2405/65/33 2404/66/33 2395/21/33 2393/63/33
f 2386/9/34 2389/8/34 2402/67/34 2401/68/34 2400/69/34 2384/62/34 2382/36/34 2351/32/34
f 2388/70/12 2386/9/12 2351/32/12 2344/32/12
f 2387/71/35 2388/70/35 2344/32/35 2334/32/35
f 2366/51/36 2390/61/36 2324/7/36 2337/39/36 2364/38/36
f 2390/61/6 2389/8/6 2319/7/6 2324/7/6
f 2394/40/37 2392/22/37 2381/60/37 2383/59/37
f 2392/22/6 2395/21/6 2384/62/6 2381/60/6
f 2391/34/38 2393/63/38 2435/72/38 2342/35/38 2343/35/38
f 2393/63/219 2395/21/219 2322/20/219 2371/73/219 2321/74/219 2436/75/219 2437/76/219 2438/77/219 2439/78/219 2435/72/219
f 2394/40/40 2396/45/40 2360/44/40 2365/41/40
f 2383/59/41 2398/57/41 2377/46/41 2396/45/41 2394/40/41
f 2379/58/42 2398/57/42 2383/59/42 2366/51/42 2361/50/42
f 2353/35/43 2343/35/43 2412/35/43 2413/35/43
f 2384/62/44 2400/69/44 2399/79/44 2402/67/44 2389/8/44
f 2399/79/45 2400/69/45 2401/68/45 2402/67/45
f 2395/21/46 2404/66/46 2403/80/46 2406/64/46 2384/62/46
f 2403/80/47 2404/66/47 2405/65/47 2406/64/47
f 2335/81/48 2336/82/48 2408/82/48 2407/81/48
f 2343/35/49 2342/35/49 2411/35/49 2412/35/49
f 2342/35/50 2341/83/50 2410/83/50 2411/35/50
f 2345/14/51 2352/14/51 2419/14/51 2414/14/51
f 2349/84/52 2348/85/52 2417/85/52 2418/84/52
f 2346/14/53 2345/14/53 2414/14/53 2415/14/53
f 2347/86/54 2349/84/54 2418/84/54 2416/86/54
f 2348/85/55 2346/14/55 2415/14/55 2417/85/55
f 2352/14/56 2356/14/56 2420/14/56 2419/14/56
f 2416/86/5 2418/84/5 2425/84/5 2423/86/5
f 2417/85/5 2415/14/5 2422/14/5 2424/85/5
f 2414/14/5 2419/14/5 2426/14/5 2421/14/5
f 2419/14/5 2420/14/5 2427/14/5 2426/14/5
f 2418/84/5 2417/85/5 2424/85/5 2425/84/5
f 2415/14/5 2414/14/5 2421/14/5 2422/14/5
f 2423/86/5 2425/84/5 2432/84/5 2430/86/5
f 2424/85/5 2422/14/5 2429/14/5 2431/85/5
f 2421/14/5 2426/14/5 2433/14/5 2428/14/5
f 2426/14/5 2427/14/5 2434/14/5 2433/14/5
f 2425/84/5 2424/85/5 2431/85/5 2432/84/5
f 2422/14/5 2421/14/5 2428/14/5 2429/14/5
f 2435/72/57 2439/78/57 2341/83/57 2342/35/57
f 2443/16/58 2442/15/58 2387/71/58 2334/32/58 2355/32/58
f 2444/37/59 2440/10/59 2386/9/59 2388/70/59
f 2441/13/60 2446/12/60 2349/84/60 2347/86/60
f 2442/15/61 2444/37/61 2388/70/61 2387/71/61
f 2335/81/62 2437/76/62 2436/75/62 2336/82/62
f 2335/81/63 2407/81/63 2447/81/63 2409/81/63
f 2349/84/64 2446/12/64 2445/11/64 2348/85/64
f 2348/85/65 2445/11/65 2440/10/65 2346/14/65
f 2409/81/66 2447/81/66 2449/81/66 2448/81/66
f 2409/81/67 2438/77/67 2437/76/67 2335/81/67
f 2438/77/68 2409/81/68 2341/83/68 2439/78/68
f 2353/35/69 2413/35/69 2450/35/69 2451/35/69
f 2410/83/70 2449/81/70 2448/81/70 2438/77/70 2439/78/70 2341/83/70
f 2450/35/71 2413/35/71 2452/35/71 2453/35/71
f 2453/35/5 2452/35/5 2454/35/5 2455/35/5
f 2455/35/72 2454/35/72 2456/87/72 2457/52/72
f 2318/5/12 2441/13/12 2459/13/12 2458/5/12
f 2441/13/73 2347/86/73 2460/86/73 2461/13/73
f 12/56/74 2318/5/74 2462/5/74 2463/56/74
f 2463/56/5 2462/5/5 2464/5/5 2465/56/5
f 2462/5/5 2318/5/5 2467/5/5
f 2467/5/5 2318/5/5 2466/5/5 2468/5/5
f 2318/5/75 2467/5/75 2471/5/75 2470/5/75
f 2467/52/5 2469/52/5 2473/52/5 2472/52/5
f 2472/52/5 2473/52/5 2475/52/5 2474/52/5
f 2474/52/5 2475/52/5 2477/52/5 2476/52/5
f 2476/52/5 2477/52/5 2480/52/5 2479/52/5
f 2471/5/5 2467/5/5 2481/5/5 2482/5/5
f 2482/5/5 2481/5/5 2483/5/5 2484/5/5
f 2491/56/5 2492/56/5 2485/56/5 2487/56/5
f 2465/56/76 2464/5/76 2490/56/76
f 2465/56/77 2490/56/77 2492/56/77 2491/56/77
f 2491/56/5 2492/56/5 2488/56/5 2486/56/5
f 2464/5/5 2465/56/5 2496/56/5 2495/5/5
f 2490/56/5 2464/5/5 2489/5/5 2497/56/5
f 2492/56/5 2491/56/5 2498/56/5 2499/56/5
f 2464/5/75 2490/56/75 2501/56/75 2500/5/75
f 2499/56/5 2498/56/5 2502/56/5 2503/56/5
f 2492/56/78 2490/56/78 2504/56/78 2505/56/78
f 2503/56/75 2502/56/75 2506/56/75 2507/56/75
f 2460/86/79 2347/86/79 2508/86/79 2509/86/79
f 2509/86/5 2508/86/5 2510/86/5 2511/86/5
f 2511/86/5 2510/86/5 2512/86/5 2513/86/5
f 2513/86/79 2512/86/79 2514/86/79 2515/86/79
f 2517/52/5 2516/52/5 2723/52/5 2722/52/5
f 2532/1/80 2540/4/80 2565/3/80 2528/2/80
f 2520/5/81 2643/13/81 2648/12/81 2647/11/81 2642/10/81 2588/9/81 2591/8/81 2521/7/81 2533/6/81
f 2554/14/82 2558/14/82 2645/16/82 2644/15/82
f 2533/6/83 2521/7/83 2522/19/83 11/18/83 66/17/83
f 2521/7/5 2526/7/5 2529/19/5 2522/19/5
f 2524/20/84 2527/23/84 2594/22/84 2597/21/84
f 2575/24/85 2577/25/85 2527/23/85 2524/20/85
f 11/18/5 17/18/5 2525/26/5 2519/26/5
f 2522/19/5 2529/19/5 17/18/5 11/18/5
f 2531/27/86 18/27/86 2535/29/86 2534/28/86
f 2542/30/87 2532/1/87 2528/2/87 2541/31/87
f 2552/32/88 2556/32/88 2555/35/88 2545/35/88 2593/34/88 2587/33/88
f 2535/29/89 18/27/89 2542/30/89 2541/31/89 2527/23/89 2577/25/89
f 2553/32/90 2552/32/90 2587/33/90 2584/36/90
f 2548/14/91 2547/14/91 2646/37/91 2642/10/91
f 2547/14/92 2554/14/92 2644/15/92 2646/37/92
f 2565/3/93 2539/39/93 2566/38/93
f 2527/23/94 2541/31/94 2528/2/94 2565/3/94 2564/42/94 2567/41/94 2596/40/94 2594/22/94
f 2561/43/95 2580/47/95 2579/46/95 2598/45/95 2562/44/95
f 2561/43/96 2564/42/96 2565/3/96 2560/49/96 2582/48/96 2580/47/96
f 2562/44/97 2567/41/97 2564/42/97 2561/43/97
f 2560/49/98 2565/3/98 2566/38/98 2568/51/98 2563/50/98
f 2534/28/99 2572/53/99 2574/52/99 2531/52/99
f 2576/52/100 2518/52/100 2572/53/100 2578/54/100
f 2572/53/101 2518/52/101 2530/52/101 2571/52/101 2574/52/101
f 2578/54/102 2575/24/102 2524/20/102 2573/55/102
f 2572/53/103 2534/28/103 2575/24/103 2578/54/103
f 2523/52/104 2576/52/104 2578/54/104 2573/55/104
f 2534/28/105 2535/29/105 2577/25/105 2575/24/105
f 2540/4/106 17/18/106 2529/19/106 2526/7/106 2539/39/106 2565/3/106
f 12/56/107 2520/5/107 2533/6/107 66/17/107
f 2580/47/108 2582/48/108 2581/58/108 2600/57/108 2579/46/108
f 2582/48/109 2560/49/109 2563/50/109 2581/58/109
f 2585/59/110 2568/51/110 2592/61/110 2583/60/110
f 2583/60/84 2592/61/84 2591/8/84 2586/62/84
f 2587/33/90 2593/34/90 2595/63/90 2584/36/90
f 2584/36/111 2595/63/111 2597/21/111 2606/66/111 2607/65/111 2608/64/111 2586/62/111
f 2588/9/112 2553/32/112 2584/36/112 2586/62/112 2602/69/112 2603/68/112 2604/67/112 2591/8/112
f 2590/70/90 2546/32/90 2553/32/90 2588/9/90
f 2589/71/113 2536/32/113 2546/32/113 2590/70/113
f 2568/51/114 2566/38/114 2539/39/114 2526/7/114 2592/61/114
f 2592/61/84 2526/7/84 2521/7/84 2591/8/84
f 2596/40/115 2585/59/115 2583/60/115 2594/22/115
f 2594/22/84 2583/60/84 2586/62/84 2597/21/84
f 2593/34/90 2545/35/90 2544/35/90 2637/72/90 2595/63/90
f 2595/63/116 2637/72/116 2641/78/116 2640/77/116 2639/76/116 2638/75/116 2523/74/116 2573/73/116 2524/20/116 2597/21/116
f 2596/40/117 2567/41/117 2562/44/117 2598/45/117
f 2585/59/118 2596/40/118 2598/45/118 2579/46/118 2600/57/118
f 2581/58/119 2563/50/119 2568/51/119 2585/59/119 2600/57/119
f 2555/35/43 2615/35/43 2614/35/43 2545/35/43
f 2586/62/120 2591/8/120 2604/67/120 2601/79/120 2602/69/120
f 2601/79/121 2604/67/121 2603/68/121 2602/69/121
f 2597/21/122 2586/62/122 2608/64/122 2605/80/122 2606/66/122
f 2605/80/123 2608/64/123 2607/65/123 2606/66/123
f 2537/81/48 2609/81/48 2610/82/48 2538/82/48
f 2545/35/49 2614/35/49 2613/35/49 2544/35/49
f 2544/35/124 2613/35/124 2612/83/124 2543/83/124
f 2547/14/51 2616/14/51 2621/14/51 2554/14/51
f 2551/84/52 2620/84/52 2619/85/52 2550/85/52
f 2548/14/53 2617/14/53 2616/14/53 2547/14/53
f 2549/86/54 2618/86/54 2620/84/54 2551/84/54
f 2550/85/55 2619/85/55 2617/14/55 2548/14/55
f 2554/14/56 2621/14/56 2622/14/56 2558/14/56
f 2618/86/5 2625/86/5 2627/84/5 2620/84/5
f 2619/85/5 2626/85/5 2624/14/5 2617/14/5
f 2616/14/5 2623/14/5 2628/14/5 2621/14/5
f 2621/14/5 2628/14/5 2629/14/5 2622/14/5
f 2620/84/5 2627/84/5 2626/85/5 2619/85/5
f 2617/14/5 2624/14/5 2623/14/5 2616/14/5
f 2625/86/5 2632/86/5 2634/84/5 2627/84/5
f 2626/85/5 2633/85/5 2631/14/5 2624/14/5
f 2623/14/5 2630/14/5 2635/14/5 2628/14/5
f 2628/14/5 2635/14/5 2636/14/5 2629/14/5
f 2627/84/5 2634/84/5 2633/85/5 2626/85/5
f 2624/14/5 2631/14/5 2630/14/5 2623/14/5
f 2637/72/125 2544/35/125 2543/83/125 2641/78/125
f 2645/16/126 2557/32/126 2536/32/126 2589/71/126 2644/15/126
f 2646/37/127 2590/70/127 2588/9/127 2642/10/127
f 2643/13/128 2549/86/128 2551/84/128 2648/12/128
f 2644/15/129 2589/71/129 2590/70/129 2646/37/129
f 2537/81/130 2538/82/130 2638/75/130 2639/76/130
f 2537/81/63 2611/81/63 2649/81/63 2609/81/63
f 2551/84/131 2550/85/131 2647/11/131 2648/12/131
f 2550/85/132 2548/14/132 2642/10/132 2647/11/132
f 2611/81/5 2650/81/5 2651/81/5 2649/81/5
f 2611/81/133 2537/81/133 2639/76/133 2640/77/133
f 2640/77/134 2641/78/134 2543/83/134 2611/81/134
f 2555/35/135 2653/35/135 2652/35/135 2615/35/135
f 2612/83/136 2543/83/136 2641/78/136 2640/77/136 2650/81/136 2651/81/136
f 2652/35/137 2655/35/137 2654/35/137 2615/35/137
f 2655/35/5 2657/35/5 2656/35/5 2654/35/5
f 2657/35/138 2659/52/138 2658/87/138 2656/35/138
f 2520/5/90 2660/5/90 2661/13/90 2643/13/90
f 2643/13/90 2663/13/90 2662/86/90 2549/86/90
f 12/56/139 2665/56/139 2664/5/139 2520/5/139
f 2665/56/5 2667/56/5 2666/5/5 2664/5/5
f 2664/5/5 2669/5/5 2520/5/5
f 2669/5/5 2670/5/5 2668/5/5 2520/5/5
f 2520/5/140 2672/5/140 2673/5/140 2669/5/140
f 2669/52/5 2674/52/5 2675/52/5 2671/52/5
f 2674/52/5 2676/52/5 2677/52/5 2675/52/5
f 2676/52/5 2678/52/5 2679/52/5 2677/52/5
f 2678/52/5 2681/52/5 2682/52/5 2679/52/5
f 2673/5/5 2684/5/5 2683/5/5 2669/5/5
f 2684/5/5 2686/5/5 2685/5/5 2683/5/5
f 2693/56/5 2689/56/5 2687/56/5 2694/56/5
f 2667/56/141 2692/56/141 2666/5/141
f 2667/56/142 2693/56/142 2694/56/142 2692/56/142
f 2693/56/5 2688/56/5 2690/56/5 2694/56/5
f 2666/5/5 2697/5/5 2698/56/5 2667/56/5
f 2692/56/5 2699/56/5 2691/5/5 2666/5/5
f 2694/56/5 2701/56/5 2700/56/5 2693/56/5
f 2666/5/75 2702/5/75 2703/56/75 2692/56/75
f 2701/56/5 2705/56/5 2704/56/5 2700/56/5
f 2694/56/143 2707/56/143 2706/56/143 2692/56/143
f 2705/56/75 2709/56/75 2708/56/75 2704/56/75
f 2662/86/5 2711/86/5 2710/86/5 2549/86/5
f 2711/86/5 2713/86/5 2712/86/5 2710/86/5
f 2713/86/5 2715/86/5 2714/86/5 2712/86/5
f 2715/86/79 2717/86/79 2716/86/79 2714/86/79
f 2652/35/5 2718/35/5 2719/35/5 2655/35/5
f 2721/35/5 2720/35/5 2722/35/5 2723/35/5
f 2450/35/5 2453/35/5 2720/35/5 2721/35/5
f 2516/52/5 2450/52/5 2721/52/5 2723/52/5
f 2453/52/5 2517/52/5 2722/52/5 2720/52/5
f 2455/35/5 2457/52/5 2725/52/5 2724/35/5
f 2659/52/5 2657/35/5 2726/35/5 2727/52/5
f 2457/52/5 2455/35/5 2728/35/5 2729/52/5
f 2456/87/144 2728/52/144 2724/35/144 2455/35/144 2729/52/144 2725/52/144 2457/52/144
f 2724/35/5 2725/52/5 2729/52/5 2728/52/5
f 2658/52/5 2727/52/5 2726/52/5 2657/52/5 2659/52/5
f 2726/35/145 2658/87/145 2659/52/145 2727/52/145 2657/35/145
f 2725/52/5 2456/87/5 2457/52/5
f 2456/52/5 2725/52/5 2727/52/5 2658/52/5 2659/52/5 2457/52/5
f 2456/87/146 2658/52/146 2727/52/146 2659/52/146 2725/52/146 2457/52/146
f 3304/81/5 3733/81/5 3734/82/5 3305/82/5
f 2460/86/5 2509/86/5 2511/86/5 2513/86/5 2461/13/5
f 2661/13/148 2660/5/148 2730/5/148 2731/13/148
f 2436/75/197 2321/74/197 2732/74/197 2733/75/197
f 2321/74/197 2436/75/197 2739/75/197 2736/74/197
f 2735/74/5 2732/74/5 2737/74/5 2738/74/5
f 2656/35/5 2658/87/5 2741/87/5 2740/35/5
f 2740/35/152 2741/87/152 2743/87/152 2742/35/152
f 2742/35/152 2743/87/152 2745/87/152 2744/35/152
f 2413/35/5 2353/35/5 2746/35/5 2747/35/5
f 2615/35/66 2654/35/66 2749/35/66 2748/35/66
f 2729/52/153 2455/35/153 2750/35/153 2757/88/153 2753/52/153
f 2723/52/43 2722/52/43 2754/52/43 2755/52/43
f 2752/89/152 2744/35/152 2745/87/152 2751/87/152
f 2756/35/154 2757/88/154 2750/35/154
f 2661/13/5 2759/13/5 2758/5/5 2660/5/5
f 2759/13/5 2761/13/5 2760/5/5 2758/5/5
f 2761/13/12 2763/13/12 2762/5/12 2760/5/12
f 2739/75/5 2765/75/5 2736/74/5
f 1993/75/220 2767/75/220 2764/74/220 1878/74/220
f 2770/82/197 2538/82/197 2610/82/197
f 2768/75/208 2769/75/208 2767/75/208 1993/75/208
f 2785/1/1 2781/2/1 2818/3/1 2793/4/1
f 2773/5/2 2786/6/2 2774/7/2 2844/8/2 2841/9/2 2895/10/2 2900/11/2 2901/12/2 2896/13/2
f 2807/14/3 2897/15/3 2898/16/3 2811/14/3
f 2786/6/4 66/17/4 11/18/4 2775/19/4 2774/7/4
f 2774/7/5 2775/19/5 2782/19/5 2779/7/5
f 2777/20/6 2850/21/6 2847/22/6 2780/23/6
f 2828/24/7 2777/20/7 2780/23/7 2830/25/7
f 11/18/5 2772/26/5 2778/26/5 17/18/5
f 2775/19/5 11/18/5 17/18/5 2782/19/5
f 2784/27/8 2787/28/8 2788/29/8 18/27/8
f 2795/30/9 2794/31/9 2781/2/9 2785/1/9
f 2805/32/10 2840/33/10 2846/34/10 2798/35/10 2808/35/10 2809/32/10
f 2788/29/11 2830/25/11 2780/23/11 2794/31/11 2795/30/11 18/27/11
f 2806/32/12 2837/36/12 2840/33/12 2805/32/12
f 2801/14/13 2895/10/13 2899/37/13 2800/14/13
f 2800/14/14 2899/37/14 2897/15/14 2807/14/14
f 2818/3/15 2819/38/15 2792/39/15
f 2780/23/16 2847/22/16 2849/40/16 2820/41/16 2817/42/16 2818/3/16 2781/2/16 2794/31/16
f 2814/43/17 2815/44/17 2851/45/17 2832/46/17 2833/47/17
f 2814/43/18 2833/47/18 2835/48/18 2813/49/18 2818/3/18 2817/42/18
f 2815/44/19 2814/43/19 2817/42/19 2820/41/19
f 2813/49/20 2816/50/20 2821/51/20 2819/38/20 2818/3/20
f 2787/28/21 2784/52/21 2827/52/21 2825/53/21
f 2829/52/22 2831/54/22 2825/53/22 2771/52/22
f 2825/53/23 2827/52/23 2824/52/23 2783/52/23 2771/52/23
f 2831/54/24 2826/55/24 2777/20/24 2828/24/24
f 2825/53/25 2831/54/25 2828/24/25 2787/28/25
f 2776/52/218 2826/55/218 2831/54/218 2829/52/218
f 2787/28/27 2828/24/27 2830/25/27 2788/29/27
f 2793/4/28 2818/3/28 2792/39/28 2779/7/28 2782/19/28 17/18/28
f 12/56/29 66/17/29 2786/6/29 2773/5/29
f 2833/47/30 2832/46/30 2853/57/30 2834/58/30 2835/48/30
f 2835/48/31 2834/58/31 2816/50/31 2813/49/31
f 2838/59/32 2836/60/32 2845/61/32 2821/51/32
f 2836/60/6 2839/62/6 2844/8/6 2845/61/6
f 2840/33/12 2837/36/12 2848/63/12 2846/34/12
f 2837/36/33 2839/62/33 2861/64/33 2860/65/33 2859/66/33 2850/21/33 2848/63/33
f 2841/9/34 2844/8/34 2857/67/34 2856/68/34 2855/69/34 2839/62/34 2837/36/34 2806/32/34
f 2843/70/12 2841/9/12 2806/32/12 2799/32/12
f 2842/71/35 2843/70/35 2799/32/35 2789/32/35
f 2821/51/36 2845/61/36 2779/7/36 2792/39/36 2819/38/36
f 2845/61/6 2844/8/6 2774/7/6 2779/7/6
f 2849/40/37 2847/22/37 2836/60/37 2838/59/37
f 2847/22/6 2850/21/6 2839/62/6 2836/60/6
f 2846/34/38 2848/63/38 2890/72/38 2797/35/38 2798/35/38
f 2848/63/219 2850/21/219 2777/20/219 2826/73/219 2776/74/219 2891/75/219 2892/76/219 2893/77/219 2894/78/219 2890/72/219
f 2849/40/40 2851/45/40 2815/44/40 2820/41/40
f 2838/59/41 2853/57/41 2832/46/41 2851/45/41 2849/40/41
f 2834/58/42 2853/57/42 2838/59/42 2821/51/42 2816/50/42
f 2808/35/43 2798/35/43 2867/35/43 2868/35/43
f 2839/62/44 2855/69/44 2854/79/44 2857/67/44 2844/8/44
f 2854/79/45 2855/69/45 2856/68/45 2857/67/45
f 2850/21/46 2859/66/46 2858/80/46 2861/64/46 2839/62/46
f 2858/80/47 2859/66/47 2860/65/47 2861/64/47
f 2790/81/48 2791/82/48 2863/82/48 2862/81/48
f 2798/35/49 2797/35/49 2866/35/49 2867/35/49
f 2797/35/50 2796/83/50 2865/83/50 2866/35/50
f 2800/14/51 2807/14/51 2874/14/51 2869/14/51
f 2804/84/52 2803/85/52 2872/85/52 2873/84/52
f 2801/14/53 2800/14/53 2869/14/53 2870/14/53
f 2802/86/54 2804/84/54 2873/84/54 2871/86/54
f 2803/85/55 2801/14/55 2870/14/55 2872/85/55
f 2807/14/56 2811/14/56 2875/14/56 2874/14/56
f 2871/86/5 2873/84/5 2880/84/5 2878/86/5
f 2872/85/5 2870/14/5 2877/14/5 2879/85/5
f 2869/14/5 2874/14/5 2881/14/5 2876/14/5
f 2874/14/5 2875/14/5 2882/14/5 2881/14/5
f 2873/84/5 2872/85/5 2879/85/5 2880/84/5
f 2870/14/5 2869/14/5 2876/14/5 2877/14/5
f 2878/86/5 2880/84/5 2887/84/5 2885/86/5
f 2879/85/5 2877/14/5 2884/14/5 2886/85/5
f 2876/14/5 2881/14/5 2888/14/5 2883/14/5
f 2881/14/5 2882/14/5 2889/14/5 2888/14/5
f 2880/84/5 2879/85/5 2886/85/5 2887/84/5
f 2877/14/5 2876/14/5 2883/14/5 2884/14/5
f 2890/72/57 2894/78/57 2796/83/57 2797/35/57
f 2898/16/58 2897/15/58 2842/71/58 2789/32/58 2810/32/58
f 2899/37/59 2895/10/59 2841/9/59 2843/70/59
f 2896/13/60 2901/12/60 2804/84/60 2802/86/60
f 2897/15/61 2899/37/61 2843/70/61 2842/71/61
f 2790/81/62 2892/76/62 2891/75/62 2791/82/62
f 2790/81/63 2862/81/63 2902/81/63 2864/81/63
f 2804/84/64 2901/12/64 2900/11/64 2803/85/64
f 2803/85/65 2900/11/65 2895/10/65 2801/14/65
f 2864/81/66 2902/81/66 2904/81/66 2903/81/66
f 2864/81/67 2893/77/67 2892/76/67 2790/81/67
f 2893/77/68 2864/81/68 2796/83/68 2894/78/68
f 2808/35/69 2868/35/69 2905/35/69 2906/35/69
f 2865/83/70 2904/81/70 2903/81/70 2893/77/70 2894/78/70 2796/83/70
f 2905/35/71 2868/35/71 2907/35/71 2908/35/71
f 2908/35/5 2907/35/5 2909/35/5 2910/35/5
f 2910/35/72 2909/35/72 2911/87/72 2912/52/72
f 2773/5/12 2896/13/12 2914/13/12 2913/5/12
f 2896/13/73 2802/86/73 2915/86/73 2916/13/73
f 12/56/74 2773/5/74 2917/5/74 2918/56/74
f 2918/56/5 2917/5/5 2919/5/5 2920/56/5
f 2917/5/5 2773/5/5 2922/5/5
f 2922/5/5 2773/5/5 2921/5/5 2923/5/5
f 2773/5/75 2922/5/75 2926/5/75 2925/5/75
f 2922/52/5 2924/52/5 2928/52/5 2927/52/5
f 2927/52/5 2928/52/5 2930/52/5 2929/52/5
f 2929/52/5 2930/52/5 2932/52/5 2931/52/5
f 2931/52/5 2932/52/5 2935/52/5 2934/52/5
f 2926/5/5 2922/5/5 2936/5/5 2937/5/5
f 2937/5/5 2936/5/5 2938/5/5 2939/5/5
f 2946/56/5 2947/56/5 2940/56/5 2942/56/5
f 2920/56/76 2919/5/76 2945/56/76
f 2920/56/77 2945/56/77 2947/56/77 2946/56/77
f 2946/56/5 2947/56/5 2943/56/5 2941/56/5
f 2919/5/5 2920/56/5 2951/56/5 2950/5/5
f 2945/56/5 2919/5/5 2944/5/5 2952/56/5
f 2947/56/5 2946/56/5 2953/56/5 2954/56/5
f 2919/5/75 2945/56/75 2956/56/75 2955/5/75
f 2954/56/5 2953/56/5 2957/56/5 2958/56/5
f 2947/56/78 2945/56/78 2959/56/78 2960/56/78
f 2958/56/75 2957/56/75 2961/56/75 2962/56/75
f 2915/86/79 2802/86/79 2963/86/79 2964/86/79
f 2964/86/5 2963/86/5 2965/86/5 2966/86/5
f 2966/86/5 2965/86/5 2967/86/5 2968/86/5
f 2968/86/79 2967/86/79 2969/86/79 2970/86/79
f 2972/52/5 2971/52/5 3177/52/5 3176/52/5
f 2987/1/80 2995/4/80 3019/3/80 2983/2/80
f 2975/5/81 3097/13/81 3102/12/81 3101/11/81 3096/10/81 3042/9/81 3045/8/81 2976/7/81 2988/6/81
f 2988/6/83 2976/7/83 2977/19/83 11/18/83 66/17/83
f 2976/7/5 2981/7/5 2984/19/5 2977/19/5
f 2979/20/84 2982/23/84 3048/22/84 3051/21/84
f 3029/24/85 3031/25/85 2982/23/85 2979/20/85
f 11/18/5 17/18/5 2980/26/5 2974/26/5
f 2977/19/5 2984/19/5 17/18/5 11/18/5
f 2986/27/86 18/27/86 2990/29/86 2989/28/86
f 2997/30/87 2987/1/87 2983/2/87 2996/31/87
f 3007/32/88 3011/32/88 3010/35/88 3000/35/88 3047/34/88 3041/33/88
f 2990/29/89 18/27/89 2997/30/89 2996/31/89 2982/23/89 3031/25/89
f 3008/32/90 3007/32/90 3041/33/90 3038/36/90
f 3003/14/91 3002/14/91 3100/37/91 3096/10/91
f 3002/14/92 3009/14/92 3098/15/92 3100/37/92
f 3019/3/93 2994/39/93 3020/38/93
f 2982/23/94 2996/31/94 2983/2/94 3019/3/94 3018/42/94 3021/41/94 3050/40/94 3048/22/94
f 3015/43/95 3034/47/95 3033/46/95 3052/45/95 3016/44/95
f 3015/43/96 3018/42/96 3019/3/96 3014/49/96 3036/48/96 3034/47/96
f 3016/44/97 3021/41/97 3018/42/97 3015/43/97
f 3014/49/98 3019/3/98 3020/38/98 3022/51/98 3017/50/98
f 2989/28/99 3026/53/99 3028/52/99 2986/52/99
f 3030/52/100 2973/52/100 3026/53/100 3032/54/100
f 3026/53/101 2973/52/101 2985/52/101 3025/52/101 3028/52/101
f 3032/54/102 3029/24/102 2979/20/102 3027/55/102
f 3026/53/103 2989/28/103 3029/24/103 3032/54/103
f 2978/52/104 3030/52/104 3032/54/104 3027/55/104
f 2989/28/105 2990/29/105 3031/25/105 3029/24/105
f 2995/4/106 17/18/106 2984/19/106 2981/7/106 2994/39/106 3019/3/106
f 12/56/107 2975/5/107 2988/6/107 66/17/107
f 3034/47/108 3036/48/108 3035/58/108 3054/57/108 3033/46/108
f 3036/48/109 3014/49/109 3017/50/109 3035/58/109
f 3039/59/110 3022/51/110 3046/61/110 3037/60/110
f 3037/60/84 3046/61/84 3045/8/84 3040/62/84
f 3041/33/90 3047/34/90 3049/63/90 3038/36/90
f 3038/36/111 3049/63/111 3051/21/111 3060/66/111 3061/65/111 3062/64/111 3040/62/111
f 3042/9/112 3008/32/112 3038/36/112 3040/62/112 3056/69/112 3057/68/112 3058/67/112 3045/8/112
f 3044/70/90 3001/32/90 3008/32/90 3042/9/90
f 3043/71/113 2991/32/113 3001/32/113 3044/70/113
f 3022/51/114 3020/38/114 2994/39/114 2981/7/114 3046/61/114
f 3046/61/84 2981/7/84 2976/7/84 3045/8/84
f 3050/40/115 3039/59/115 3037/60/115 3048/22/115
f 3048/22/84 3037/60/84 3040/62/84 3051/21/84
f 3047/34/90 3000/35/90 2999/35/90 3091/72/90 3049/63/90
f 3049/63/116 3091/72/116 3095/78/116 3094/77/116 3093/76/116 3092/75/116 2978/74/116 3027/73/116 2979/20/116 3051/21/116
f 3050/40/117 3021/41/117 3016/44/117 3052/45/117
f 3039/59/118 3050/40/118 3052/45/118 3033/46/118 3054/57/118
f 3035/58/119 3017/50/119 3022/51/119 3039/59/119 3054/57/119
f 3010/35/43 3069/35/43 3068/35/43 3000/35/43
f 3040/62/120 3045/8/120 3058/67/120 3055/79/120 3056/69/120
f 3055/79/121 3058/67/121 3057/68/121 3056/69/121
f 3051/21/122 3040/62/122 3062/64/122 3059/80/122 3060/66/122
f 3059/80/123 3062/64/123 3061/65/123 3060/66/123
f 2992/81/48 3063/81/48 3064/82/48 2993/82/48
f 3000/35/49 3068/35/49 3067/35/49 2999/35/49
f 2999/35/124 3067/35/124 3066/83/124 2998/83/124
f 3002/14/51 3070/14/51 3075/14/51 3009/14/51
f 3006/84/52 3074/84/52 3073/85/52 3005/85/52
f 3003/14/53 3071/14/53 3070/14/53 3002/14/53
f 3004/86/54 3072/86/54 3074/84/54 3006/84/54
f 3005/85/55 3073/85/55 3071/14/55 3003/14/55
f 3072/86/5 3079/86/5 3081/84/5 3074/84/5
f 3073/85/5 3080/85/5 3078/14/5 3071/14/5
f 3070/14/5 3077/14/5 3082/14/5 3075/14/5
f 3075/14/5 3082/14/5 3083/14/5 3076/14/5
f 3074/84/5 3081/84/5 3080/85/5 3073/85/5
f 3071/14/5 3078/14/5 3077/14/5 3070/14/5
f 3079/86/5 3086/86/5 3088/84/5 3081/84/5
f 3080/85/5 3087/85/5 3085/14/5 3078/14/5
f 3077/14/5 3084/14/5 3089/14/5 3082/14/5
f 3082/14/5 3089/14/5 3090/14/5 3083/14/5
f 3081/84/5 3088/84/5 3087/85/5 3080/85/5
f 3078/14/5 3085/14/5 3084/14/5 3077/14/5
f 3091/72/125 2999/35/125 2998/83/125 3095/78/125
f 3099/16/126 3012/32/126 2991/32/126 3043/71/126 3098/15/126
f 3100/37/127 3044/70/127 3042/9/127 3096/10/127
f 3097/13/128 3004/86/128 3006/84/128 3102/12/128
f 3098/15/129 3043/71/129 3044/70/129 3100/37/129
f 2992/81/130 2993/82/130 3092/75/130 3093/76/130
f 2992/81/63 3065/81/63 3103/81/63 3063/81/63
f 3006/84/131 3005/85/131 3101/11/131 3102/12/131
f 3005/85/132 3003/14/132 3096/10/132 3101/11/132
f 3065/81/5 3104/81/5 3105/81/5 3103/81/5
f 3065/81/133 2992/81/133 3093/76/133 3094/77/133
f 3094/77/134 3095/78/134 2998/83/134 3065/81/134
f 3010/35/135 3107/35/135 3106/35/135 3069/35/135
f 3066/83/136 2998/83/136 3095/78/136 3094/77/136 3104/81/136 3105/81/136
f 3106/35/137 3109/35/137 3108/35/137 3069/35/137
f 3109/35/5 3111/35/5 3110/35/5 3108/35/5
f 3111/35/138 3113/52/138 3112/87/138 3110/35/138
f 2975/5/90 3114/5/90 3115/13/90 3097/13/90
f 3097/13/90 3117/13/90 3116/86/90 3004/86/90
f 12/56/139 3119/56/139 3118/5/139 2975/5/139
f 3119/56/5 3121/56/5 3120/5/5 3118/5/5
f 3118/5/5 3123/5/5 2975/5/5
f 3123/5/5 3124/5/5 3122/5/5 2975/5/5
f 2975/5/140 3126/5/140 3127/5/140 3123/5/140
f 3123/52/5 3128/52/5 3129/52/5 3125/52/5
f 3128/52/5 3130/52/5 3131/52/5 3129/52/5
f 3130/52/5 3132/52/5 3133/52/5 3131/52/5
f 3132/52/5 3135/52/5 3136/52/5 3133/52/5
f 3127/5/5 3138/5/5 3137/5/5 3123/5/5
f 3138/5/5 3140/5/5 3139/5/5 3137/5/5
f 3147/56/5 3143/56/5 3141/56/5 3148/56/5
f 3121/56/141 3146/56/141 3120/5/141
f 3121/56/142 3147/56/142 3148/56/142 3146/56/142
f 3147/56/5 3142/56/5 3144/56/5 3148/56/5
f 3120/5/5 3151/5/5 3152/56/5 3121/56/5
f 3146/56/5 3153/56/5 3145/5/5 3120/5/5
f 3148/56/5 3155/56/5 3154/56/5 3147/56/5
f 3120/5/75 3156/5/75 3157/56/75 3146/56/75
f 3155/56/5 3159/56/5 3158/56/5 3154/56/5
f 3148/56/143 3161/56/143 3160/56/143 3146/56/143
f 3159/56/75 3163/56/75 3162/56/75 3158/56/75
f 3116/86/5 3165/86/5 3164/86/5 3004/86/5
f 3165/86/5 3167/86/5 3166/86/5 3164/86/5
f 3167/86/5 3169/86/5 3168/86/5 3166/86/5
f 3169/86/79 3171/86/79 3170/86/79 3168/86/79
f 3106/35/5 3172/35/5 3173/35/5 3109/35/5
f 3175/35/5 3174/35/5 3176/35/5 3177/35/5
f 2905/35/5 2908/35/5 3174/35/5 3175/35/5
f 2971/52/5 2905/52/5 3175/52/5 3177/52/5
f 2908/52/5 2972/52/5 3176/52/5 3174/52/5
f 2910/35/5 2912/52/5 3179/52/5 3178/35/5
f 3113/52/5 3111/35/5 3180/35/5 3181/52/5
f 2912/52/5 2910/35/5 3182/35/5 3183/52/5
f 2911/87/144 3182/52/144 3178/35/144 2910/35/144 3183/52/144 3179/52/144 2912/52/144
f 3178/35/5 3179/52/5 3183/52/5 3182/52/5
f 3112/52/5 3181/52/5 3180/52/5 3111/52/5 3113/52/5
f 3180/35/145 3112/87/145 3113/52/145 3181/52/145 3111/35/145
f 3179/52/5 2911/87/5 2912/52/5
f 2911/52/5 3179/52/5 3181/52/5 3112/52/5 3113/52/5 2912/52/5
f 2911/87/146 3112/52/146 3181/52/146 3113/52/146 3179/52/146 2912/52/146
f 3733/81/5 3735/81/5 3736/82/5 3734/82/5
f 2915/86/5 2964/86/5 2966/86/5 2968/86/5 2916/13/5
f 3115/13/148 3114/5/148 3184/5/148 3185/13/148
f 2891/75/197 2776/74/197 3186/74/197 3187/75/197
f 2978/74/221 3092/75/221 3189/75/221 3188/74/221
f 2776/74/222 2891/75/222 3194/75/222 3191/74/222
f 3190/74/5 3186/74/5 3192/74/5 3193/74/5
f 3110/35/5 3112/87/5 3196/87/5 3195/35/5
f 3195/35/152 3196/87/152 3198/87/152 3197/35/152
f 3197/35/152 3198/87/152 3200/87/152 3199/35/152
f 2868/35/5 2808/35/5 3201/35/5 3202/35/5
f 3069/35/66 3108/35/66 3204/35/66 3203/35/66
f 3183/52/153 2910/35/153 3205/35/153 3212/88/153 3208/52/153
f 3177/52/43 3176/52/43 3209/52/43 3210/52/43
f 3207/89/152 3199/35/152 3200/87/152 3206/87/152
f 3211/35/154 3212/88/154 3205/35/154
f 3227/1/80 3235/4/80 3260/3/80 3223/2/80
f 3215/5/81 3338/13/81 3343/12/81 3342/11/81 3337/10/81 3283/9/81 3286/8/81 3216/7/81 3228/6/81
f 3249/14/155 3253/14/155 3340/16/155 3339/15/155
f 3228/6/83 3216/7/83 3217/19/83 11/18/83 66/17/83
f 3216/7/5 3221/7/5 3224/19/5 3217/19/5
f 3219/20/84 3222/23/84 3289/22/84 3292/21/84
f 3270/24/85 3272/25/85 3222/23/85 3219/20/85
f 11/18/5 17/18/5 3220/26/5 3214/26/5
f 3217/19/5 3224/19/5 17/18/5 11/18/5
f 3226/27/86 18/27/86 3230/29/86 3229/28/86
f 3237/30/87 3227/1/87 3223/2/87 3236/31/87
f 3247/32/156 3251/32/156 3250/35/156 3240/35/156 3288/34/156 3282/33/156
f 3230/29/89 18/27/89 3237/30/89 3236/31/89 3222/23/89 3272/25/89
f 3248/32/90 3247/32/90 3282/33/90 3279/36/90
f 3243/14/157 3242/14/157 3341/37/157 3337/10/157
f 3242/14/158 3249/14/158 3339/15/158 3341/37/158
f 3260/3/93 3234/39/93 3261/38/93
f 3222/23/94 3236/31/94 3223/2/94 3260/3/94 3259/42/94 3262/41/94 3291/40/94 3289/22/94
f 3256/43/95 3275/47/95 3274/46/95 3293/45/95 3257/44/95
f 3256/43/96 3259/42/96 3260/3/96 3255/49/96 3277/48/96 3275/47/96
f 3257/44/97 3262/41/97 3259/42/97 3256/43/97
f 3255/49/98 3260/3/98 3261/38/98 3263/51/98 3258/50/98
f 3229/28/99 3267/53/99 3269/52/99 3226/52/99
f 3271/52/159 3213/52/159 3267/53/159 3273/54/159
f 3267/53/160 3213/52/160 3225/52/160 3266/52/160 3269/52/160
f 3273/54/161 3270/24/161 3219/20/161 3268/55/161
f 3267/53/162 3229/28/162 3270/24/162 3273/54/162
f 3218/52/223 3271/52/223 3273/54/223 3268/55/223
f 3229/28/105 3230/29/105 3272/25/105 3270/24/105
f 3235/4/106 17/18/106 3224/19/106 3221/7/106 3234/39/106 3260/3/106
f 12/56/107 3215/5/107 3228/6/107 66/17/107
f 3275/47/108 3277/48/108 3276/58/108 3295/57/108 3274/46/108
f 3277/48/109 3255/49/109 3258/50/109 3276/58/109
f 3280/59/110 3263/51/110 3287/61/110 3278/60/110
f 3278/60/84 3287/61/84 3286/8/84 3281/62/84
f 3282/33/90 3288/34/90 3290/63/90 3279/36/90
f 3285/70/90 3241/32/90 3248/32/90 3283/9/90
f 3284/71/113 3231/32/113 3241/32/113 3285/70/113
f 3263/51/114 3261/38/114 3234/39/114 3221/7/114 3287/61/114
f 3287/61/84 3221/7/84 3216/7/84 3286/8/84
f 3291/40/115 3280/59/115 3278/60/115 3289/22/115
f 3289/22/84 3278/60/84 3281/62/84 3292/21/84
f 3288/34/164 3240/35/164 3239/35/164 3332/72/164 3290/63/164
f 3290/63/214 3332/72/214 3336/78/214 3335/77/214 3334/76/214 3333/75/214 3218/74/214 3268/73/214 3219/20/214 3292/21/214
f 3291/40/117 3262/41/117 3257/44/117 3293/45/117
f 3280/59/118 3291/40/118 3293/45/118 3274/46/118 3295/57/118
f 3276/58/119 3258/50/119 3263/51/119 3280/59/119 3295/57/119
f 3250/35/43 3310/35/43 3309/35/43 3240/35/43
f 3296/79/121 3299/67/121 3298/68/121 3297/69/121
f 3300/80/123 3303/64/123 3302/65/123 3301/66/123
f 3232/81/48 3304/81/48 3305/82/48 3233/82/48
f 3240/35/49 3309/35/49 3308/35/49 3239/35/49
f 3239/35/166 3308/35/166 3307/83/166 3238/83/166
f 3246/84/52 3315/84/52 3314/85/52 3245/85/52
f 3243/14/53 3312/14/53 3311/14/53 3242/14/53
f 3245/85/55 3314/85/55 3312/14/55 3243/14/55
f 3249/14/56 3316/14/56 3317/14/56 3253/14/56
f 3314/85/5 3321/85/5 3319/14/5 3312/14/5
f 3311/14/5 3318/14/5 3323/14/5 3316/14/5
f 3316/14/5 3323/14/5 3324/14/5 3317/14/5
f 3315/84/5 3322/84/5 3321/85/5 3314/85/5
f 3312/14/5 3319/14/5 3318/14/5 3311/14/5
f 3321/85/5 3328/85/5 3326/14/5 3319/14/5
f 3318/14/5 3325/14/5 3330/14/5 3323/14/5
f 3323/14/5 3330/14/5 3331/14/5 3324/14/5
f 3322/84/5 3329/84/5 3328/85/5 3321/85/5
f 3319/14/5 3326/14/5 3325/14/5 3318/14/5
f 3332/72/167 3239/35/167 3238/83/167 3336/78/167
f 3340/16/126 3252/32/126 3231/32/126 3284/71/126 3339/15/126
f 3341/37/127 3285/70/127 3283/9/127 3337/10/127
f 3339/15/129 3284/71/129 3285/70/129 3341/37/129
f 3232/81/169 3233/82/169 3333/75/169 3334/76/169
f 3232/81/63 3306/81/63 3344/81/63 3304/81/63
f 3246/84/170 3245/85/170 3342/11/170 3343/12/170
f 3245/85/171 3243/14/171 3337/10/171 3342/11/171
f 3306/81/66 3345/81/66 3346/81/66 3344/81/66
f 3306/81/172 3232/81/172 3334/76/172 3335/77/172
f 3335/77/173 3336/78/173 3238/83/173 3306/81/173
f 3250/35/174 3348/35/174 3347/35/174 3310/35/174
f 3307/83/175 3238/83/175 3336/78/175 3335/77/175 3345/81/175 3346/81/175
f 3347/35/137 3350/35/137 3349/35/137 3310/35/137
f 3350/35/5 3352/35/5 3351/35/5 3349/35/5
f 3352/35/138 3354/52/138 3353/87/138 3351/35/138
f 3215/5/90 3355/5/90 3356/13/90 3338/13/90
f 12/56/139 3360/56/139 3359/5/139 3215/5/139
f 3360/56/5 3362/56/5 3361/5/5 3359/5/5
f 3359/5/5 3364/5/5 3215/5/5
f 3364/5/5 3365/5/5 3363/5/5 3215/5/5
f 3215/5/140 3367/5/140 3368/5/140 3364/5/140
f 3364/52/5 3369/52/5 3370/52/5 3366/52/5
f 3369/52/5 3371/52/5 3372/52/5 3370/52/5
f 3371/52/5 3373/52/5 3374/52/5 3372/52/5
f 3373/52/5 3376/52/5 3377/52/5 3374/52/5
f 3368/5/5 3379/5/5 3378/5/5 3364/5/5
f 3379/5/5 3381/5/5 3380/5/5 3378/5/5
f 3388/56/5 3384/56/5 3382/56/5 3389/56/5
f 3362/56/141 3387/56/141 3361/5/141
f 3362/56/142 3388/56/142 3389/56/142 3387/56/142
f 3388/56/5 3383/56/5 3385/56/5 3389/56/5
f 3361/5/5 3392/5/5 3393/56/5 3362/56/5
f 3387/56/5 3394/56/5 3386/5/5 3361/5/5
f 3389/56/5 3396/56/5 3395/56/5 3388/56/5
f 3361/5/75 3397/5/75 3398/56/75 3387/56/75
f 3396/56/5 3400/56/5 3399/56/5 3395/56/5
f 3389/56/143 3402/56/143 3401/56/143 3387/56/143
f 3400/56/75 3404/56/75 3403/56/75 3399/56/75
f 3414/52/5 3619/52/5 3620/52/5 3413/52/5
f 3429/1/1 3425/2/1 3462/3/1 3437/4/1
f 3417/5/2 3430/6/2 3418/7/2 3488/8/2 3485/9/2 3539/10/2 3544/11/2 3545/12/2 3540/13/2
f 3451/14/177 3541/15/177 3542/16/177 3455/14/177
f 3430/6/4 66/17/4 11/18/4 3419/19/4 3418/7/4
f 3418/7/5 3419/19/5 3426/19/5 3423/7/5
f 3421/20/6 3494/21/6 3491/22/6 3424/23/6
f 3472/24/7 3421/20/7 3424/23/7 3474/25/7
f 11/18/5 3416/26/5 3422/26/5 17/18/5
f 3419/19/5 11/18/5 17/18/5 3426/19/5
f 3428/27/8 3431/28/8 3432/29/8 18/27/8
f 3439/30/9 3438/31/9 3425/2/9 3429/1/9
f 3449/32/178 3484/33/178 3490/34/178 3442/35/178 3452/35/178 3453/32/178
f 3432/29/11 3474/25/11 3424/23/11 3438/31/11 3439/30/11 18/27/11
f 3450/32/12 3481/36/12 3484/33/12 3449/32/12
f 3445/14/179 3539/10/179 3543/37/179 3444/14/179
f 3444/14/180 3543/37/180 3541/15/180 3451/14/180
f 3462/3/15 3463/38/15 3436/39/15
f 3424/23/16 3491/22/16 3493/40/16 3464/41/16 3461/42/16 3462/3/16 3425/2/16 3438/31/16
f 3458/43/17 3459/44/17 3495/45/17 3476/46/17 3477/47/17
f 3458/43/18 3477/47/18 3479/48/18 3457/49/18 3462/3/18 3461/42/18
f 3459/44/19 3458/43/19 3461/42/19 3464/41/19
f 3457/49/20 3460/50/20 3465/51/20 3463/38/20 3462/3/20
f 3431/28/21 3428/52/21 3471/52/21 3469/53/21
f 3473/52/181 3475/54/181 3469/53/181 3415/52/181
f 3469/53/182 3471/52/182 3468/52/182 3427/52/182 3415/52/182
f 3475/54/183 3470/55/183 3421/20/183 3472/24/183
f 3469/53/184 3475/54/184 3472/24/184 3431/28/184
f 3420/52/185 3470/55/185 3475/54/185 3473/52/185
f 3431/28/27 3472/24/27 3474/25/27 3432/29/27
f 3437/4/28 3462/3/28 3436/39/28 3423/7/28 3426/19/28 17/18/28
f 12/56/29 66/17/29 3430/6/29 3417/5/29
f 3477/47/30 3476/46/30 3497/57/30 3478/58/30 3479/48/30
f 3479/48/31 3478/58/31 3460/50/31 3457/49/31
f 3482/59/32 3480/60/32 3489/61/32 3465/51/32
f 3480/60/6 3483/62/6 3488/8/6 3489/61/6
f 3484/33/12 3481/36/12 3492/63/12 3490/34/12
f 3481/36/33 3483/62/33 3505/64/33 3504/65/33 3503/66/33 3494/21/33 3492/63/33
f 3485/9/34 3488/8/34 3501/67/34 3500/68/34 3499/69/34 3483/62/34 3481/36/34 3450/32/34
f 3487/70/12 3485/9/12 3450/32/12 3443/32/12
f 3486/71/35 3487/70/35 3443/32/35 3433/32/35
f 3465/51/36 3489/61/36 3423/7/36 3436/39/36 3463/38/36
f 3489/61/6 3488/8/6 3418/7/6 3423/7/6
f 3493/40/37 3491/22/37 3480/60/37 3482/59/37
f 3491/22/6 3494/21/6 3483/62/6 3480/60/6
f 3490/34/12 3492/63/12 3534/72/12 3441/35/12 3442/35/12
f 3492/63/186 3494/21/186 3421/20/186 3470/73/186 3420/74/186 3535/75/186 3536/76/186 3537/77/186 3538/78/186 3534/72/186
f 3493/40/40 3495/45/40 3459/44/40 3464/41/40
f 3482/59/41 3497/57/41 3476/46/41 3495/45/41 3493/40/41
f 3478/58/42 3497/57/42 3482/59/42 3465/51/42 3460/50/42
f 3452/35/43 3442/35/43 3511/35/43 3512/35/43
f 3483/62/44 3499/69/44 3498/79/44 3501/67/44 3488/8/44
f 3498/79/45 3499/69/45 3500/68/45 3501/67/45
f 3494/21/46 3503/66/46 3502/80/46 3505/64/46 3483/62/46
f 3502/80/47 3503/66/47 3504/65/47 3505/64/47
f 3434/81/48 3435/82/48 3507/82/48 3506/81/48
f 3442/35/49 3441/35/49 3510/35/49 3511/35/49
f 3441/35/187 3440/83/187 3509/83/187 3510/35/187
f 3444/14/51 3451/14/51 3518/14/51 3513/14/51
f 3448/84/52 3447/85/52 3516/85/52 3517/84/52
f 3445/14/53 3444/14/53 3513/14/53 3514/14/53
f 3446/86/54 3448/84/54 3517/84/54 3515/86/54
f 3447/85/55 3445/14/55 3514/14/55 3516/85/55
f 3451/14/56 3455/14/56 3519/14/56 3518/14/56
f 3515/86/5 3517/84/5 3524/84/5 3522/86/5
f 3516/85/5 3514/14/5 3521/14/5 3523/85/5
f 3513/14/5 3518/14/5 3525/14/5 3520/14/5
f 3518/14/5 3519/14/5 3526/14/5 3525/14/5
f 3517/84/5 3516/85/5 3523/85/5 3524/84/5
f 3514/14/5 3513/14/5 3520/14/5 3521/14/5
f 3522/86/5 3524/84/5 3531/84/5 3529/86/5
f 3523/85/5 3521/14/5 3528/14/5 3530/85/5
f 3520/14/5 3525/14/5 3532/14/5 3527/14/5
f 3525/14/5 3526/14/5 3533/14/5 3532/14/5
f 3524/84/5 3523/85/5 3530/85/5 3531/84/5
f 3521/14/5 3520/14/5 3527/14/5 3528/14/5
f 3534/72/188 3538/78/188 3440/83/188 3441/35/188
f 3542/16/58 3541/15/58 3486/71/58 3433/32/58 3454/32/58
f 3543/37/59 3539/10/59 3485/9/59 3487/70/59
f 3540/13/189 3545/12/189 3448/84/189 3446/86/189
f 3541/15/61 3543/37/61 3487/70/61 3486/71/61
f 3434/81/190 3536/76/190 3535/75/190 3435/82/190
f 3434/81/63 3506/81/63 3546/81/63 3508/81/63
f 3448/84/191 3545/12/191 3544/11/191 3447/85/191
f 3447/85/192 3544/11/192 3539/10/192 3445/14/192
f 3508/81/5 3546/81/5 3548/81/5 3547/81/5
f 3508/81/193 3537/77/193 3536/76/193 3434/81/193
f 3537/77/194 3508/81/194 3440/83/194 3538/78/194
f 3452/35/195 3512/35/195 3549/35/195 3550/35/195
f 3509/83/196 3548/81/196 3547/81/196 3537/77/196 3538/78/196 3440/83/196
f 3549/35/71 3512/35/71 3551/35/71 3552/35/71
f 3552/35/5 3551/35/5 3553/35/5 3554/35/5
f 3554/35/72 3553/35/72 3555/87/72 3556/52/72
f 3417/5/12 3540/13/12 3558/13/12 3557/5/12
f 3540/13/12 3446/86/12 3559/86/12 3560/13/12
f 12/56/74 3417/5/74 3561/5/74 3562/56/74
f 3562/56/5 3561/5/5 3563/5/5 3564/56/5
f 3561/5/5 3417/5/5 3566/5/5
f 3566/5/5 3417/5/5 3565/5/5 3567/5/5
f 3417/5/75 3566/5/75 3570/5/75 3569/5/75
f 3566/52/5 3568/52/5 3572/52/5 3571/52/5
f 3571/52/5 3572/52/5 3574/52/5 3573/52/5
f 3573/52/5 3574/52/5 3576/52/5 3575/52/5
f 3575/52/5 3576/52/5 3579/52/5 3578/52/5
f 3570/5/5 3566/5/5 3580/5/5 3581/5/5
f 3581/5/5 3580/5/5 3582/5/5 3583/5/5
f 3590/56/5 3591/56/5 3584/56/5 3586/56/5
f 3564/56/76 3563/5/76 3589/56/76
f 3564/56/77 3589/56/77 3591/56/77 3590/56/77
f 3590/56/5 3591/56/5 3587/56/5 3585/56/5
f 3563/5/5 3564/56/5 3595/56/5 3594/5/5
f 3589/56/5 3563/5/5 3588/5/5 3596/56/5
f 3591/56/5 3590/56/5 3597/56/5 3598/56/5
f 3563/5/75 3589/56/75 3600/56/75 3599/5/75
f 3598/56/5 3597/56/5 3601/56/5 3602/56/5
f 3591/56/78 3589/56/78 3603/56/78 3604/56/78
f 3602/56/75 3601/56/75 3605/56/75 3606/56/75
f 3559/86/5 3446/86/5 3607/86/5 3608/86/5
f 3608/86/5 3607/86/5 3609/86/5 3610/86/5
f 3610/86/5 3609/86/5 3611/86/5 3612/86/5
f 3612/86/79 3611/86/79 3613/86/79 3614/86/79
f 3549/35/5 3552/35/5 3616/35/5 3615/35/5
f 3618/35/5 3620/35/5 3619/35/5 3617/35/5
f 3347/35/5 3618/35/5 3617/35/5 3350/35/5
f 3413/52/5 3620/52/5 3618/52/5 3347/52/5
f 3350/52/5 3617/52/5 3619/52/5 3414/52/5
f 3352/35/5 3621/35/5 3622/52/5 3354/52/5
f 3556/52/5 3624/52/5 3623/35/5 3554/35/5
f 3354/52/5 3626/52/5 3625/35/5 3352/35/5
f 3353/87/145 3354/52/145 3622/52/145 3626/52/145 3352/35/145 3621/35/145 3625/52/145
f 3621/35/5 3625/52/5 3626/52/5 3622/52/5
f 3555/52/5 3556/52/5 3554/52/5 3623/52/5 3624/52/5
f 3623/35/144 3554/35/144 3624/52/144 3556/52/144 3555/87/144
f 3622/52/5 3354/52/5 3353/87/5
f 3353/52/5 3354/52/5 3556/52/5 3555/52/5 3624/52/5 3622/52/5
f 3353/87/146 3354/52/146 3622/52/146 3556/52/146 3624/52/146 3555/52/146
f 3518/52/147 3541/52/147 3451/52/147
f 3357/86/5 3358/13/5 3410/86/5 3408/86/5 3406/86/5
f 3558/13/148 3628/13/148 3627/5/148 3557/5/148
f 3333/75/224 3630/75/224 3629/74/224 3218/74/224
f 3218/74/225 3633/74/225 3636/75/225 3333/75/225
f 3632/74/5 3635/74/5 3634/74/5 3629/74/5
f 3553/35/5 3637/35/5 3638/87/5 3555/87/5
f 3637/35/152 3639/35/152 3640/87/152 3638/87/152
f 3639/35/152 3641/35/152 3642/87/152 3640/87/152
f 3310/35/5 3644/35/5 3643/35/5 3250/35/5
f 3512/35/66 3645/35/66 3646/35/66 3551/35/66
f 3626/52/198 3650/52/198 3654/88/198 3647/35/198 3352/35/198
f 3620/52/43 3652/52/43 3651/52/43 3619/52/43
f 3649/89/152 3648/87/152 3642/87/152 3641/35/152
f 3653/35/199 3647/35/199 3654/88/199
f 3558/13/5 3557/5/5 3655/5/5 3656/13/5
f 3656/13/5 3655/5/5 3657/5/5 3658/13/5
f 3658/13/90 3657/5/90 3659/5/90 3660/13/90
f 3636/75/5 3633/74/5 3662/75/5
f 2891/75/226 2776/74/226 3661/74/226 3664/75/226
f 3667/82/197 3507/82/197 3435/82/197
f 3665/75/201 2891/75/201 3664/75/201 3666/75/201
f 2776/74/209 3669/74/209 3668/74/209 3661/74/209
f 3661/74/227 3670/74/227 3671/75/227 3664/75/227
f 3328/85/5 3679/85/5 3677/14/5 3326/14/5
f 3412/86/5 3687/86/5 3686/86/5 3411/86/5
f 3673/75/228 3671/75/228 3670/74/228
f 3329/84/5 3680/84/5 3679/85/5 3328/85/5
f 3405/86/5 3683/86/5 3672/86/5 3244/86/5
f 3330/14/5 3681/14/5 3682/14/5 3331/14/5
f 3320/86/5 3675/86/5 3678/86/5 3327/86/5
f 3407/86/5 3684/86/5 3683/86/5 3405/86/5
f 3244/86/5 3672/86/5 3674/86/5 3313/86/5
f 3325/14/5 3676/14/5 3681/14/5 3330/14/5
f 3313/86/5 3674/86/5 3675/86/5 3320/86/5
f 3326/14/5 3677/14/5 3676/14/5 3325/14/5
f 3409/86/5 3685/86/5 3684/86/5 3407/86/5
f 3681/14/5 3696/14/5 3697/14/5 3682/14/5
f 3675/86/5 3690/86/5 3693/86/5 3678/86/5
f 3683/86/5 3698/86/5 3688/86/5 3672/86/5
f 3676/14/5 3691/14/5 3696/14/5 3681/14/5
f 3684/86/5 3699/86/5 3698/86/5 3683/86/5
f 3677/14/5 3692/14/5 3691/14/5 3676/14/5
f 3685/86/5 3700/86/5 3699/86/5 3684/86/5
f 3679/85/5 3694/85/5 3692/14/5 3677/14/5
f 3687/86/5 3702/86/5 3701/86/5 3686/86/5
f 3680/84/5 3695/84/5 3694/85/5 3679/85/5
f 3674/86/5 3689/86/5 3690/86/5 3675/86/5
f 3672/86/5 3688/86/5 3689/86/5 3674/86/5
f 3689/86/5 3704/86/5 3705/86/5 3690/86/5
f 3690/86/5 3705/86/5 3708/86/5 3693/86/5
f 3688/86/5 3703/86/5 3704/86/5 3689/86/5
f 3698/86/5 3713/86/5 3703/86/5 3688/86/5
f 3691/14/5 3706/14/5 3711/14/5 3696/14/5
f 3699/86/5 3714/86/5 3713/86/5 3698/86/5
f 3692/14/5 3707/14/5 3706/14/5 3691/14/5
f 3700/86/5 3715/86/5 3714/86/5 3699/86/5
f 3694/85/5 3709/85/5 3707/14/5 3692/14/5
f 3702/86/5 3717/86/5 3716/86/5 3701/86/5
f 3695/84/5 3710/84/5 3709/85/5 3694/85/5
f 3696/14/5 3711/14/5 3712/14/5 3697/14/5
f 3705/86/5 3720/86/5 3723/86/5 3708/86/5
f 3703/86/5 3718/86/5 3719/86/5 3704/86/5
f 3713/86/5 3728/86/5 3718/86/5 3703/86/5
f 3706/14/5 3721/14/5 3726/14/5 3711/14/5
f 3714/86/5 3729/86/5 3728/86/5 3713/86/5
f 3707/14/5 3722/14/5 3721/14/5 3706/14/5
f 3715/86/5 3730/86/5 3729/86/5 3714/86/5
f 3709/85/5 3724/85/5 3722/14/5 3707/14/5
f 3710/84/5 3725/84/5 3724/85/5 3709/85/5
f 3711/14/5 3726/14/5 3727/14/5 3712/14/5
f 3704/86/5 3719/86/5 3720/86/5 3705/86/5
f 3725/84/5 3732/84/5 3731/85/5 3724/85/5
f 3620/52/66 3352/35/66 3647/35/66 3652/52/66
f 3732/84/212 3006/84/212 3005/85/212 3731/85/212
f 3308/35/5 3739/35/5 3738/83/5 3307/83/5
f 3659/5/229 3657/5/229 3740/5/229 3741/5/229
f 3741/5/5 3740/5/5 3742/5/5 3743/5/5
f 3660/13/230 3659/5/230 3744/5/230 3745/13/230
f 3221/7/5 3224/19/5 3766/19/5 3765/7/5
f 3216/7/5 3217/19/5 3764/19/5 3763/7/5
f 3747/86/231 2802/86/231 2915/86/231
f 2802/86/5 2896/13/5 3762/13/5 3757/86/5
f 2782/19/5 2779/7/5 3752/7/5 3753/19/5
f 2775/19/5 2774/7/5 3750/7/5 3751/19/5
f 2807/14/5 2800/14/5 3755/14/5 3760/14/5
f 3287/61/5 3286/8/5 3768/8/5 3769/61/5
f 2773/5/5 2786/6/5 3754/6/5 3749/5/5
f 3217/19/5 11/18/5 3746/18/5 3764/19/5
f 2779/7/5 2774/7/5 3750/7/5 3752/7/5
f 2804/84/5 2803/85/5 3758/85/5 3759/84/5
f 3286/8/5 3216/7/5 3763/7/5 3768/8/5
f 2896/13/5 2773/5/5 3749/5/5 3762/13/5
f 2802/86/5 3747/86/5 3770/86/5 3757/86/5
f 2811/14/5 2807/14/5 3760/14/5 3761/14/5
f 2802/86/5 2804/84/5 3759/84/5 3757/86/5
f 11/18/5 2775/19/5 3751/19/5 3746/18/5
f 3221/7/5 3287/61/5 3769/61/5 3765/7/5
f 3224/19/5 17/18/5 3748/18/5 3766/19/5
f 3286/8/5 3283/9/5 3767/9/5 3768/8/5
f 17/18/5 2782/19/5 3753/19/5 3748/18/5
f 2800/14/5 2801/14/5 3756/14/5 3755/14/5
f 2786/6/5 2774/7/5 3750/7/5 3754/6/5
f 3751/19/232 3750/7/232 3752/7/232 3753/19/232 3748/18/232 3766/19/232 3765/7/232 3769/61/232 3768/8/232 3763/7/232 3764/19/232 3746/18/232
f 3306/81/233 3238/83/233 3771/83/233 3772/81/233
f 3772/81/5 3771/83/5 3773/83/5
f 3245/85/5 3246/84/5 3778/84/5 3774/85/5
f 3774/85/90 3778/84/90 3779/84/90 3777/85/90
f 3759/84/12 3758/85/12 3780/85/12 3781/84/12
f 2796/83/234 2864/81/234 3783/81/234 3782/83/234
l 57 56
l 69 87
l 167 168
l 183 154
l 155 184
l 260 259
l 271 289
l 369 370
l 385 356
l 357 386
l 501 500
l 512 530
l 610 611
l 626 597
l 598 627
l 703 702
l 714 732
l 812 813
l 828 799
l 800 829
l 771 867
l 899 867
l 956 955
l 967 985
l 1065 1066
l 1081 1052
l 1053 1082
l 1157 1156
l 1168 1186
l 1266 1267
l 1282 1253
l 1254 1283
l 1398 1397
l 1412 1414
l 1409 1427
l 1507 1508
l 1523 1494
l 1495 1524
l 1600 1599
l 1611 1629
l 1709 1710
l 1725 1696
l 1697 1726
l 1668 1764
l 1796 1764
l 1870 1688
l 1925 1924
l 1936 1954
l 2034 2035
l 2050 2021
l 2022 2051
l 2127 2126
l 2138 2156
l 2236 2237
l 2252 2223
l 2224 2253
l 2368 2367
l 2379 2397
l 2477 2478
l 2493 2464
l 2465 2494
l 2570 2569
l 2581 2599
l 2679 2680
l 2695 2666
l 2667 2696
l 2638 2734
l 2766 2734
l 2823 2822
l 2834 2852
l 2932 2933
l 2948 2919
l 2920 2949
l 3024 3023
l 3035 3053
l 3133 3134
l 3149 3120
l 3121 3150
l 3265 3264
l 3279 3281
l 3276 3294
l 3374 3375
l 3390 3361
l 3362 3391
l 3467 3466
l 3478 3496
l 3576 3577
l 3592 3563
l 3564 3593
l 3535 3631
l 3663 3631
l 3737 3555
l 3749 3759
l 3759 3754
l 3753 3751
l 3751 3748
l 3748 3746
l 3746 3766
l 3766 3764
l 3764 3765
l 3765 3763
l 3763 3769
l 3773 3775
o Torus.003
v 2.165728 -0.026118 -1.025962
v 2.158975 -0.012991 -1.077437
v 2.153981 0.024336 -1.115507
v 2.152083 0.075860 -1.129973
v 2.153791 0.127776 -1.116957
v 2.158646 0.166173 -1.079947
v 2.165348 0.180762 -1.028861
v 2.172101 0.167635 -0.977386
v 2.177095 0.130308 -0.939315
v 2.178993 0.078784 -0.924850
v 2.177285 0.026868 -0.937865
v 2.172430 -0.011529 -0.974875
v 2.232661 -0.021694 -1.034806
v 2.224115 -0.008685 -1.086044
v 2.214221 0.028318 -1.123467
v 2.205630 0.079400 -1.137048
v 2.200644 0.130873 -1.123148
v 2.200599 0.168946 -1.085491
v 2.205508 0.183417 -1.034167
v 2.214054 0.170408 -0.982929
v 2.223948 0.133406 -0.945506
v 2.232540 0.082324 -0.931925
v 2.237525 0.030850 -0.945825
v 2.237570 -0.007223 -0.983482
v 2.298434 -0.008495 -1.043622
v 2.288125 0.004160 -1.094624
v 2.273416 0.040197 -1.131402
v 2.258247 0.089959 -1.144101
v 2.246684 0.140112 -1.129319
v 2.241825 0.177219 -1.091017
v 2.244971 0.191336 -1.039457
v 2.255280 0.178681 -0.988455
v 2.269989 0.142645 -0.951678
v 2.285157 0.092883 -0.938978
v 2.296720 0.042729 -0.953760
v 2.301580 0.005622 -0.992062
v 2.361918 0.013251 -1.052261
v 2.349909 0.025324 -1.103031
v 2.330552 0.059768 -1.139177
v 2.309035 0.107356 -1.151012
v 2.291124 0.155335 -1.135366
v 2.281617 0.190850 -1.096432
v 2.283062 0.204384 -1.044640
v 2.295072 0.192312 -0.993870
v 2.314428 0.157867 -0.957724
v 2.335945 0.110280 -0.945889
v 2.353857 0.062301 -0.961535
v 2.363364 0.026786 -1.000469
v 2.422030 0.043174 -1.060573
v 2.408410 0.054444 -1.111121
v 2.384653 0.086698 -1.146658
v 2.357125 0.131294 -1.157662
v 2.333202 0.176280 -1.141185
v 2.319295 0.209605 -1.101642
v 2.319129 0.222338 -1.049628
v 2.332750 0.211067 -0.999080
v 2.356507 0.178813 -0.963543
v 2.384035 0.134218 -0.952539
v 2.407957 0.089231 -0.969016
v 2.421865 0.055906 -1.008559
v 2.477741 0.080760 -1.068418
v 2.462627 0.091023 -1.118755
v 2.434792 0.120526 -1.153718
v 2.401693 0.161362 -1.163938
v 2.372199 0.202591 -1.146676
v 2.354214 0.233164 -1.106559
v 2.352555 0.244889 -1.054334
v 2.367669 0.234626 -1.003997
v 2.395504 0.205123 -0.969034
v 2.428603 0.164287 -0.958814
v 2.458097 0.123058 -0.976076
v 2.476082 0.092485 -1.016193
v 2.528096 0.125367 -1.075660
v 2.511633 0.134435 -1.125803
v 2.480112 0.160672 -1.160235
v 2.441978 0.197048 -1.169731
v 2.407448 0.233816 -1.151746
v 2.385776 0.261123 -1.111098
v 2.382769 0.271653 -1.058680
v 2.399231 0.262585 -1.008536
v 2.430753 0.236348 -0.974104
v 2.468887 0.199972 -0.964608
v 2.503416 0.163205 -0.982594
v 2.525088 0.135897 -1.023241
v 2.572235 0.176231 -1.082175
v 2.554590 0.183936 -1.132144
v 2.519837 0.206450 -1.166099
v 2.477288 0.237739 -1.174944
v 2.438345 0.269421 -1.156306
v 2.413442 0.293005 -1.115182
v 2.409252 0.302172 -1.062589
v 2.426897 0.294467 -1.012620
v 2.461650 0.271953 -0.978665
v 2.504198 0.240664 -0.969820
v 2.543141 0.208982 -0.988458
v 2.568044 0.185398 -1.029582
v 2.609402 0.232483 -1.087853
v 2.590761 0.238681 -1.137669
v 2.553287 0.257077 -1.171209
v 2.507022 0.282741 -1.179486
v 2.464362 0.308797 -1.160281
v 2.436738 0.328263 -1.118741
v 2.431552 0.335923 -1.065996
v 2.450193 0.329725 -1.016179
v 2.487667 0.311329 -0.982639
v 2.533932 0.285665 -0.974363
v 2.576592 0.259609 -0.993568
v 2.604216 0.240143 -1.035108
v 2.638961 0.293159 -1.092596
v 2.619528 0.297731 -1.142285
v 2.579891 0.311685 -1.175478
v 2.530670 0.331282 -1.183280
v 2.485054 0.351270 -1.163601
v 2.455266 0.366294 -1.121713
v 2.449288 0.372329 -1.068841
v 2.468721 0.367756 -1.019152
v 2.508358 0.353803 -0.985959
v 2.557580 0.334206 -0.978157
v 2.603195 0.314218 -0.997836
v 2.632983 0.299193 -1.039724
v 2.660408 0.357222 -1.096322
v 2.640400 0.360078 -1.145912
v 2.599192 0.369342 -1.178832
v 2.547827 0.382532 -1.186261
v 2.500066 0.396114 -1.166210
v 2.468708 0.406449 -1.124049
v 2.462155 0.410767 -1.071077
v 2.482163 0.407911 -1.021488
v 2.523371 0.398647 -0.988568
v 2.574736 0.385456 -0.981138
v 2.622497 0.371874 -1.001190
v 2.653855 0.361540 -1.043350
v 2.673373 0.423575 -1.098969
v 2.653018 0.424653 -1.148488
v 2.610861 0.429060 -1.181214
v 2.558199 0.435615 -1.188379
v 2.509142 0.442562 -1.168062
v 2.476835 0.448039 -1.125708
v 2.469935 0.450579 -1.072665
v 2.490290 0.449501 -1.023147
v 2.532447 0.445094 -0.990420
v 2.585109 0.438539 -0.983256
v 2.634166 0.431592 -1.003572
v 2.666473 0.426115 -1.045926
v 2.677637 0.491084 -1.100491
v 2.657167 0.490353 -1.149969
v 2.614698 0.489818 -1.182584
v 2.561610 0.489622 -1.189596
v 2.512127 0.489818 -1.169127
v 2.479507 0.490353 -1.126662
v 2.472493 0.491084 -1.073578
v 2.492962 0.491815 -1.024100
v 2.535431 0.492350 -0.991486
v 2.588520 0.492546 -0.984473
v 2.638003 0.492350 -1.004942
v 2.670622 0.491815 -1.047407
v 2.673125 0.558592 -1.100861
v 2.652776 0.556052 -1.150329
v 2.610638 0.550575 -1.182917
v 2.558001 0.543629 -1.189893
v 2.508968 0.537073 -1.169387
v 2.476680 0.532667 -1.126894
v 2.469786 0.531589 -1.073801
v 2.490134 0.534129 -1.024333
v 2.532273 0.539606 -0.991745
v 2.584910 0.546553 -0.984769
v 2.633942 0.553108 -1.005275
v 2.666231 0.557514 -1.047768
v 2.659915 0.624945 -1.100074
v 2.639921 0.620628 -1.149563
v 2.598749 0.610293 -1.182209
v 2.547433 0.596711 -1.189263
v 2.499722 0.583521 -1.168836
v 2.468400 0.574257 -1.126401
v 2.461860 0.571401 -1.073328
v 2.481855 0.575719 -1.023839
v 2.523026 0.586053 -0.991194
v 2.574342 0.599635 -0.984140
v 2.622054 0.612825 -1.004567
v 2.653376 0.622090 -1.047002
v 2.638234 0.689008 -1.098143
v 2.618820 0.682974 -1.147684
v 2.579236 0.667950 -1.180471
v 2.530087 0.647961 -1.187718
v 2.484545 0.628365 -1.167484
v 2.454810 0.614411 -1.125190
v 2.448851 0.609839 -1.072170
v 2.468265 0.615873 -1.022629
v 2.507849 0.630897 -0.989842
v 2.556997 0.650886 -0.982595
v 2.602540 0.670482 -1.002829
v 2.632275 0.684436 -1.045122
v 2.608451 0.749685 -1.095101
v 2.589836 0.742025 -1.144723
v 2.552432 0.722558 -1.177733
v 2.506262 0.696502 -1.185284
v 2.463697 0.670838 -1.165355
v 2.436142 0.652443 -1.123284
v 2.430982 0.646244 -1.070344
v 2.449597 0.653905 -1.020722
v 2.487001 0.673371 -0.987713
v 2.533171 0.699427 -0.980161
v 2.575736 0.725091 -1.000091
v 2.603290 0.743487 -1.042162
v 2.571077 0.805936 -1.091000
v 2.553463 0.796769 -1.140732
v 2.518795 0.773185 -1.174042
v 2.476362 0.741504 -1.182003
v 2.437535 0.710214 -1.162484
v 2.412717 0.687701 -1.120713
v 2.408557 0.679995 -1.067884
v 2.426171 0.689163 -1.018152
v 2.460840 0.712747 -0.984842
v 2.503272 0.744428 -0.976880
v 2.542099 0.775717 -0.996400
v 2.566918 0.798231 -1.038171
v 2.526751 0.856801 -1.085910
v 2.510325 0.846271 -1.135779
v 2.478901 0.818963 -1.169461
v 2.440902 0.782195 -1.177932
v 2.406507 0.745820 -1.158921
v 2.384933 0.719582 -1.117523
v 2.381962 0.710514 -1.064830
v 2.398388 0.721044 -1.014961
v 2.429811 0.748352 -0.981279
v 2.467811 0.785120 -0.972808
v 2.502206 0.821495 -0.991819
v 2.523780 0.847733 -1.033217
v 2.476232 0.901408 -1.079918
v 2.461159 0.889682 -1.129948
v 2.433434 0.859109 -1.164068
v 2.400486 0.817881 -1.173138
v 2.371143 0.777044 -1.154727
v 2.353268 0.747542 -1.113767
v 2.351650 0.737278 -1.061235
v 2.366723 0.749004 -1.011206
v 2.394448 0.779577 -0.977085
v 2.427396 0.820805 -0.968015
v 2.456739 0.861642 -0.986426
v 2.474614 0.891144 -1.027386
v 2.420384 0.938994 -1.073127
v 2.406807 0.926261 -1.123339
v 2.383171 0.892937 -1.157957
v 2.355808 0.847950 -1.167706
v 2.332049 0.803355 -1.149973
v 2.318263 0.771101 -1.109511
v 2.318141 0.759830 -1.057160
v 2.331717 0.772563 -1.006949
v 2.355354 0.805887 -0.972331
v 2.382717 0.850874 -0.962582
v 2.406475 0.895469 -0.980315
v 2.420262 0.927723 -1.020777
v 2.360162 0.968916 -1.065654
v 2.348199 0.955382 -1.116065
v 2.328971 0.919867 -1.151230
v 2.307630 0.871888 -1.161726
v 2.289894 0.824300 -1.144741
v 2.280516 0.789856 -1.104826
v 2.282008 0.777783 -1.052676
v 2.293971 0.791318 -1.002265
v 2.313199 0.826833 -0.967099
v 2.334540 0.874812 -0.956603
v 2.352275 0.922399 -0.973588
v 2.361654 0.956844 -1.013503
v 2.296597 0.990663 -1.057625
v 2.286337 0.976545 -1.108251
v 2.271762 0.939439 -1.144004
v 2.256778 0.889285 -1.155303
v 2.245399 0.839523 -1.139121
v 2.240674 0.803486 -1.099794
v 2.243869 0.790831 -1.047859
v 2.254128 0.804948 -0.997232
v 2.268703 0.842055 -0.961479
v 2.283688 0.892209 -0.950180
v 2.295067 0.941971 -0.966362
v 2.299792 0.978008 -1.005690
v 2.230776 1.003861 -1.049178
v 2.222280 0.989390 -1.100031
v 2.212524 0.951317 -1.136402
v 2.204122 0.899844 -1.148546
v 2.199324 0.848762 -1.133208
v 2.199418 0.811759 -1.094499
v 2.204377 0.798750 -1.042791
v 2.212873 0.813221 -0.991938
v 2.222629 0.851294 -0.955566
v 2.231031 0.902768 -0.943423
v 2.235829 0.953850 -0.958760
v 2.235735 0.990852 -0.997469
v 2.163826 1.008286 -1.040458
v 2.157125 0.993696 -1.091545
v 2.152269 0.955299 -1.128554
v 2.150562 0.903383 -1.141570
v 2.152459 0.851859 -1.127105
v 2.157454 0.814532 -1.089034
v 2.164207 0.801405 -1.037559
v 2.170909 0.815994 -0.986472
v 2.175764 0.854391 -0.949463
v 2.177471 0.906307 -0.936447
v 2.175574 0.957832 -0.950912
v 2.170579 0.995159 -0.988983
v 2.096893 1.003861 -1.031614
v 2.091985 0.989390 -1.082938
v 2.092029 0.951317 -1.120595
v 2.097015 0.899844 -1.134495
v 2.105606 0.848762 -1.120914
v 2.115500 0.811759 -1.083490
v 2.124047 0.798750 -1.032252
v 2.128955 0.813221 -0.980929
v 2.128911 0.851294 -0.943272
v 2.123925 0.902768 -0.929372
v 2.115334 0.953850 -0.942953
v 2.105439 0.990852 -0.980376
v 2.031121 0.990663 -1.022797
v 2.027975 0.976545 -1.074357
v 2.032835 0.939439 -1.112660
v 2.044397 0.889285 -1.127442
v 2.059566 0.839523 -1.114742
v 2.074275 0.803486 -1.077964
v 2.084584 0.790831 -1.026962
v 2.087730 0.804948 -0.975403
v 2.082870 0.842055 -0.937100
v 2.071307 0.892209 -0.922318
v 2.056139 0.941971 -0.935018
v 2.041430 0.978008 -0.971796
v 1.967636 0.968916 -1.014159
v 1.966191 0.955382 -1.065950
v 1.975698 0.919867 -1.104885
v 1.993610 0.871888 -1.120531
v 2.015126 0.824300 -1.108695
v 2.034483 0.789856 -1.072550
v 2.046493 0.777783 -1.021779
v 2.047938 0.791318 -0.969988
v 2.038431 0.826833 -0.931053
v 2.020519 0.874812 -0.915407
v 1.999003 0.922399 -0.927243
v 1.979646 0.956844 -0.963389
v 1.907524 0.938994 -1.005846
v 1.907690 0.926261 -1.057860
v 1.921597 0.892937 -1.097404
v 1.945520 0.847950 -1.113881
v 1.973048 0.803355 -1.102876
v 1.996805 0.771101 -1.067339
v 2.010425 0.759830 -1.016792
v 2.010260 0.772563 -0.964778
v 1.996352 0.805887 -0.925234
v 1.972430 0.850874 -0.908757
v 1.944902 0.895469 -0.919762
v 1.921145 0.927723 -0.955299
v 1.851814 0.901408 -0.998002
v 1.853472 0.889682 -1.050226
v 1.871458 0.859109 -1.090344
v 1.900952 0.817881 -1.107605
v 1.934051 0.777044 -1.097385
v 1.961886 0.747542 -1.062423
v 1.976999 0.737278 -1.012085
v 1.975341 0.749004 -0.959861
v 1.957355 0.779577 -0.919743
v 1.927861 0.820805 -0.902482
v 1.894763 0.861642 -0.912702
v 1.866927 0.891144 -0.947665
v 1.801459 0.856801 -0.990760
v 1.804466 0.846271 -1.043178
v 1.826138 0.818963 -1.083826
v 1.860667 0.782195 -1.101812
v 1.898802 0.745820 -1.092316
v 1.930324 0.719582 -1.057883
v 1.946786 0.710514 -1.007740
v 1.943779 0.721044 -0.955322
v 1.922107 0.748352 -0.914674
v 1.887577 0.785120 -0.896688
v 1.849443 0.821495 -0.906184
v 1.817921 0.847733 -0.940617
v 1.757320 0.805937 -0.984245
v 1.761510 0.796769 -1.036837
v 1.786413 0.773185 -1.077962
v 1.825356 0.741504 -1.096599
v 1.867905 0.710215 -1.087755
v 1.902658 0.687701 -1.053800
v 1.920303 0.679996 -1.003831
v 1.916113 0.689163 -0.951238
v 1.891209 0.712747 -0.910113
v 1.852266 0.744428 -0.891476
v 1.809718 0.775718 -0.900320
v 1.774965 0.798231 -0.934276
v 1.720152 0.749685 -0.978567
v 1.725339 0.742025 -1.031312
v 1.752963 0.722558 -1.072852
v 1.795623 0.696502 -1.092057
v 1.841888 0.670838 -1.083781
v 1.879361 0.652443 -1.050241
v 1.898002 0.646244 -1.000424
v 1.892816 0.653905 -0.947679
v 1.865192 0.673371 -0.906139
v 1.822532 0.699427 -0.886934
v 1.776267 0.725091 -0.895210
v 1.738794 0.743487 -0.928750
v 1.690593 0.689008 -0.973824
v 1.696571 0.682974 -1.026696
v 1.726359 0.667950 -1.068583
v 1.771975 0.647961 -1.088263
v 1.821196 0.628365 -1.080461
v 1.860834 0.614411 -1.047268
v 1.880267 0.609839 -0.997578
v 1.874289 0.615873 -0.944706
v 1.844501 0.630897 -0.902819
v 1.798885 0.650886 -0.883139
v 1.749664 0.670482 -0.890942
v 1.710026 0.684436 -0.924134
v 1.669147 0.624946 -0.970097
v 1.675700 0.620628 -1.023069
v 1.707058 0.610293 -1.065230
v 1.754818 0.596711 -1.085281
v 1.806184 0.583521 -1.077852
v 1.847391 0.574257 -1.044932
v 1.867399 0.571401 -0.995342
v 1.860846 0.575719 -0.942370
v 1.829488 0.586053 -0.900210
v 1.781728 0.599635 -0.880158
v 1.730362 0.612826 -0.887588
v 1.689155 0.622090 -0.920508
v 1.656181 0.558592 -0.967450
v 1.663082 0.556053 -1.020493
v 1.695389 0.550575 -1.062847
v 1.744446 0.543629 -1.083164
v 1.797108 0.537074 -1.075999
v 1.839265 0.532667 -1.043273
v 1.859620 0.531589 -0.993754
v 1.852719 0.534129 -0.940711
v 1.820412 0.539606 -0.898357
v 1.771355 0.546553 -0.878041
v 1.718693 0.553108 -0.885205
v 1.676537 0.557515 -0.917932
v 1.651918 0.491084 -0.965929
v 1.658932 0.490353 -1.019012
v 1.691552 0.489818 -1.061478
v 1.741035 0.489622 -1.081947
v 1.794123 0.489818 -1.074934
v 1.836592 0.490353 -1.042319
v 1.857062 0.491084 -0.992841
v 1.850047 0.491815 -0.939758
v 1.817428 0.492350 -0.897292
v 1.767945 0.492546 -0.876823
v 1.714856 0.492350 -0.883836
v 1.672387 0.491815 -0.916451
v 1.656430 0.423575 -0.965558
v 1.663323 0.424653 -1.018652
v 1.695612 0.429060 -1.061144
v 1.744644 0.435615 -1.081650
v 1.797282 0.442562 -1.074675
v 1.839420 0.448039 -1.042087
v 1.859769 0.450579 -0.992619
v 1.852875 0.449501 -0.939525
v 1.820586 0.445094 -0.897033
v 1.771554 0.438539 -0.876527
v 1.718917 0.431592 -0.883502
v 1.676778 0.426115 -0.916090
v 1.669639 0.357222 -0.966345
v 1.676179 0.360078 -1.019418
v 1.707501 0.369342 -1.061853
v 1.755212 0.382532 -1.082280
v 1.806528 0.396114 -1.075226
v 1.847700 0.406449 -1.042580
v 1.867694 0.410767 -0.993091
v 1.861155 0.407911 -0.940019
v 1.829833 0.398647 -0.897584
v 1.782122 0.385457 -0.877157
v 1.730805 0.371875 -0.884211
v 1.689634 0.361540 -0.916856
v 1.691321 0.293159 -0.968277
v 1.697280 0.297731 -1.021297
v 1.727014 0.311685 -1.063591
v 1.772557 0.331282 -1.083825
v 1.821706 0.351270 -1.076577
v 1.861290 0.366294 -1.043791
v 1.880703 0.372329 -0.994250
v 1.874745 0.367756 -0.941229
v 1.845010 0.353803 -0.898935
v 1.799467 0.334206 -0.878702
v 1.750319 0.314218 -0.885949
v 1.710735 0.299193 -0.918736
v 1.721103 0.232483 -0.971319
v 1.726264 0.238681 -1.024258
v 1.753819 0.257077 -1.066329
v 1.796383 0.282741 -1.086259
v 1.842553 0.308797 -1.078707
v 1.879957 0.328263 -1.045698
v 1.898573 0.335923 -0.996075
v 1.893412 0.329725 -0.943136
v 1.865858 0.311329 -0.901065
v 1.823293 0.285665 -0.881135
v 1.777123 0.259609 -0.888687
v 1.739719 0.240143 -0.921696
v 1.758477 0.176231 -0.975420
v 1.762637 0.183937 -1.028249
v 1.787455 0.206450 -1.070020
v 1.826283 0.237740 -1.089539
v 1.868715 0.269421 -1.081578
v 1.903383 0.293005 -1.048268
v 1.920997 0.302172 -0.998536
v 1.916838 0.294467 -0.945706
v 1.892020 0.271953 -0.903936
v 1.853192 0.240664 -0.884416
v 1.810760 0.208983 -0.892378
v 1.776092 0.185399 -0.925687
v 1.802803 0.125367 -0.980510
v 1.805775 0.134435 -1.033203
v 1.827348 0.160672 -1.074601
v 1.861743 0.197048 -1.093611
v 1.899743 0.233816 -1.085141
v 1.931166 0.261123 -1.051458
v 1.947593 0.271654 -1.001590
v 1.944621 0.262585 -0.948897
v 1.923048 0.236348 -0.907499
v 1.888653 0.199972 -0.888488
v 1.850653 0.163205 -0.896959
v 1.819230 0.135897 -0.930641
v 1.853323 0.080760 -0.986501
v 1.854941 0.091023 -1.039034
v 1.872816 0.120526 -1.079993
v 1.902159 0.161362 -1.098405
v 1.935107 0.202591 -1.089335
v 1.962832 0.233164 -1.055214
v 1.977905 0.244889 -1.005185
v 1.976287 0.234626 -0.952652
v 1.958411 0.205123 -0.911693
v 1.929068 0.164287 -0.893281
v 1.896120 0.123058 -0.902351
v 1.868396 0.092485 -0.936472
v 1.909171 0.043174 -0.993292
v 1.909292 0.054444 -1.045643
v 1.923079 0.086698 -1.086105
v 1.946837 0.131294 -1.103837
v 1.974201 0.176280 -1.094088
v 1.997837 0.209605 -1.059470
v 2.011414 0.222338 -1.009259
v 2.011292 0.211067 -0.956909
v 1.997505 0.178813 -0.916447
v 1.973747 0.134218 -0.898714
v 1.946384 0.089231 -0.908463
v 1.922747 0.055906 -0.943081
v 1.969393 0.013251 -1.000766
v 1.967901 0.025324 -1.052916
v 1.977279 0.059768 -1.092831
v 1.995015 0.107356 -1.109816
v 2.016356 0.155335 -1.099320
v 2.035584 0.190850 -1.064155
v 2.047547 0.204384 -1.013744
v 2.049039 0.192312 -0.961593
v 2.039660 0.157867 -0.921678
v 2.021924 0.110280 -0.904693
v 2.000583 0.062301 -0.915189
v 1.981356 0.026786 -0.950355
v 2.032958 -0.008495 -1.008795
v 2.029763 0.004160 -1.060730
v 2.034488 0.040197 -1.100057
v 2.045867 0.089959 -1.116240
v 2.060852 0.140112 -1.104940
v 2.075426 0.177219 -1.069188
v 2.085686 0.191336 -1.018561
v 2.088881 0.178681 -0.966626
v 2.084156 0.142645 -0.927298
v 2.072777 0.092883 -0.911116
v 2.057792 0.042729 -0.922416
v 2.043218 0.005622 -0.958168
v 2.098778 -0.021694 -1.017242
v 2.093819 -0.008685 -1.068950
v 2.093726 0.028318 -1.107659
v 2.098523 0.079400 -1.122997
v 2.106926 0.130873 -1.110853
v 2.116682 0.168946 -1.074482
v 2.125178 0.183417 -1.023629
v 2.130137 0.170408 -0.971920
v 2.130230 0.133406 -0.933211
v 2.125433 0.082324 -0.917874
v 2.117031 0.030850 -0.930018
v 2.107274 -0.007223 -0.966389
vn 0.0308 -0.9676 -0.2508
vn -0.0447 -0.7163 -0.6964
vn -0.1083 -0.2724 -0.9561
vn -0.1429 0.2451 -0.9589
vn -0.1391 0.6963 -0.7042
vn -0.0980 0.9602 -0.2614
vn -0.0308 0.9676 0.2508
vn 0.0447 0.7163 0.6964
vn 0.1083 0.2724 0.9561
vn 0.1429 -0.2451 0.9589
vn 0.1391 -0.6963 0.7042
vn 0.0980 -0.9602 0.2614
vn 0.1550 -0.9511 -0.2673
vn 0.0463 -0.7042 -0.7085
vn -0.0750 -0.2680 -0.9605
vn -0.1762 0.2407 -0.9545
vn -0.2301 0.6842 -0.6920
vn -0.2222 0.9438 -0.2448
vn -0.1550 0.9511 0.2673
vn -0.0463 0.7042 0.7085
vn 0.0750 0.2680 0.9605
vn 0.1762 -0.2407 0.9545
vn 0.2301 -0.6842 0.6920
vn 0.2222 -0.9438 0.2448
vn 0.2760 -0.9184 -0.2837
vn 0.1350 -0.6802 -0.7205
vn -0.0425 -0.2592 -0.9649
vn -0.2087 0.2319 -0.9501
vn -0.3187 0.6602 -0.6801
vn -0.3432 0.9111 -0.2285
vn -0.2760 0.9184 0.2837
vn -0.1350 0.6802 0.7205
vn 0.0425 0.2592 0.9649
vn 0.2087 -0.2319 0.9501
vn 0.3187 -0.6602 0.6801
vn 0.3432 -0.9111 0.2285
vn 0.3916 -0.8700 -0.2995
vn 0.2197 -0.6448 -0.7321
vn -0.0115 -0.2462 -0.9691
vn -0.2398 0.2189 -0.9458
vn -0.4035 0.6248 -0.6685
vn -0.4588 0.8627 -0.2126
vn -0.3916 0.8700 0.2995
vn -0.2197 0.6448 0.7321
vn 0.0115 0.2462 0.9691
vn 0.2398 -0.2189 0.9458
vn 0.4035 -0.6248 0.6685
vn 0.4588 -0.8627 0.2126
vn 0.5000 -0.8068 -0.3146
vn 0.2991 -0.5985 -0.7432
vn 0.0176 -0.2293 -0.9732
vn -0.2689 0.2020 -0.9418
vn -0.4829 0.5785 -0.6574
vn -0.5672 0.7995 -0.1975
vn -0.5000 0.8068 0.3146
vn -0.2991 0.5985 0.7432
vn -0.0176 0.2293 0.9732
vn 0.2689 -0.2020 0.9418
vn 0.4829 -0.5785 0.6574
vn 0.5672 -0.7995 0.1975
vn 0.5993 -0.7299 -0.3288
vn 0.3719 -0.5421 -0.7535
vn 0.0443 -0.2086 -0.9770
vn -0.2955 0.1813 -0.9380
vn -0.5556 0.5222 -0.6470
vn -0.6665 0.7226 -0.1834
vn -0.5993 0.7299 0.3288
vn -0.3719 0.5421 0.7535
vn -0.0443 0.2086 0.9770
vn 0.2955 -0.1813 0.9380
vn 0.5556 -0.5222 0.6470
vn 0.6665 -0.7226 0.1834
vn 0.6877 -0.6406 -0.3416
vn 0.4367 -0.4767 -0.7630
vn 0.0680 -0.1846 -0.9805
vn -0.3192 0.1573 -0.9345
vn -0.6204 0.4567 -0.6376
vn -0.7549 0.6333 -0.1705
vn -0.6877 0.6406 0.3416
vn -0.4367 0.4767 0.7630
vn -0.0680 0.1846 0.9805
vn 0.3192 -0.1573 0.9345
vn 0.6204 -0.4567 0.6376
vn 0.7549 -0.6333 0.1705
vn 0.7638 -0.5403 -0.3530
vn 0.4924 -0.4032 -0.7713
vn 0.0885 -0.1577 -0.9835
vn -0.3397 0.1304 -0.9315
vn -0.6762 0.3832 -0.6292
vn -0.8310 0.5330 -0.1591
vn -0.7638 0.5403 0.3530
vn -0.4924 0.4032 0.7713
vn -0.0885 0.1577 0.9835
vn 0.3397 -0.1304 0.9315
vn 0.6762 -0.3832 0.6292
vn 0.8310 -0.5330 0.1591
vn 0.8263 -0.4309 -0.3628
vn 0.5382 -0.3230 -0.7785
vn 0.1052 -0.1283 -0.9861
vn -0.3564 0.1010 -0.9288
vn -0.7219 0.3031 -0.6221
vn -0.8935 0.4236 -0.1494
vn -0.8263 0.4309 0.3628
vn -0.5382 0.3230 0.7785
vn -0.1052 0.1283 0.9861
vn 0.3564 -0.1010 0.9288
vn 0.7219 -0.3031 0.6221
vn 0.8935 -0.4236 0.1494
vn 0.8740 -0.3142 -0.3707
vn 0.5732 -0.2375 -0.7843
vn 0.1180 -0.0970 -0.9883
vn -0.3693 0.0697 -0.9267
vn -0.7569 0.2175 -0.6163
vn -0.9412 0.3068 -0.1414
vn -0.8740 0.3142 0.3707
vn -0.5732 0.2375 0.7843
vn -0.1180 0.0970 0.9883
vn 0.3693 -0.0697 0.9267
vn 0.7569 -0.2175 0.6163
vn 0.9412 -0.3068 0.1414
vn 0.9062 -0.1921 -0.3767
vn 0.5968 -0.1481 -0.7886
vn 0.1267 -0.0642 -0.9899
vn -0.3779 0.0369 -0.9251
vn -0.7805 0.1281 -0.6119
vn -0.9734 0.1848 -0.1355
vn -0.9062 0.1921 0.3767
vn -0.5967 0.1481 0.7886
vn -0.1267 0.0642 0.9899
vn 0.3779 -0.0369 0.9251
vn 0.7805 -0.1281 0.6119
vn 0.9734 -0.1848 0.1355
vn 0.9223 -0.0668 -0.3806
vn 0.6086 -0.0563 -0.7915
vn 0.1310 -0.0306 -0.9909
vn -0.3822 0.0033 -0.9241
vn -0.7923 0.0363 -0.6090
vn -0.9895 0.0595 -0.1316
vn -0.9223 0.0668 0.3806
vn -0.6086 0.0563 0.7915
vn -0.1310 0.0306 0.9909
vn 0.3822 -0.0033 0.9241
vn 0.7923 -0.0363 0.6090
vn 0.9895 -0.0595 0.1316
vn 0.9221 0.0595 -0.3824
vn 0.6084 0.0363 -0.7928
vn 0.1309 0.0033 -0.9914
vn -0.3822 -0.0306 -0.9236
vn -0.7921 -0.0563 -0.6078
vn -0.9893 -0.0668 -0.1298
vn -0.9221 -0.0595 0.3824
vn -0.6084 -0.0363 0.7928
vn -0.1309 -0.0033 0.9914
vn 0.3822 0.0306 0.9236
vn 0.7921 0.0563 0.6078
vn 0.9893 0.0668 0.1298
vn 0.9055 0.1848 -0.3820
vn 0.5962 0.1281 -0.7925
vn 0.1265 0.0369 -0.9913
vn -0.3777 -0.0642 -0.9237
vn -0.7800 -0.1481 -0.6080
vn -0.9727 -0.1921 -0.1302
vn -0.9055 -0.1848 0.3820
vn -0.5962 -0.1281 0.7925
vn -0.1265 -0.0369 0.9913
vn 0.3777 0.0642 0.9237
vn 0.7800 0.1481 0.6080
vn 0.9727 0.1921 0.1302
vn 0.8729 0.3068 -0.3794
vn 0.5723 0.2175 -0.7907
vn 0.1177 0.0697 -0.9906
vn -0.3689 -0.0970 -0.9244
vn -0.7561 -0.2375 -0.6099
vn -0.9400 -0.3142 -0.1327
vn -0.8729 -0.3068 0.3794
vn -0.5723 -0.2175 0.7907
vn -0.1177 -0.0697 0.9906
vn 0.3689 0.0970 0.9244
vn 0.7561 0.2375 0.6099
vn 0.9400 0.3142 0.1327
vn 0.8247 0.4236 -0.3748
vn 0.5370 0.3031 -0.7872
vn 0.1048 0.1010 -0.9893
vn -0.3560 -0.1283 -0.9256
vn -0.7208 -0.3230 -0.6133
vn -0.8919 -0.4309 -0.1374
vn -0.8247 -0.4236 0.3748
vn -0.5370 -0.3031 0.7872
vn -0.1048 -0.1010 0.9893
vn 0.3560 0.1283 0.9256
vn 0.7208 0.3230 0.6133
vn 0.8919 0.4309 0.1374
vn 0.7618 0.5330 -0.3681
vn 0.4910 0.3832 -0.7823
vn 0.0879 0.1304 -0.9876
vn -0.3391 -0.1577 -0.9274
vn -0.6747 -0.4032 -0.6182
vn -0.8290 -0.5403 -0.1441
vn -0.7618 -0.5330 0.3681
vn -0.4910 -0.3832 0.7823
vn -0.0879 -0.1304 0.9876
vn 0.3391 0.1577 0.9274
vn 0.6747 0.4032 0.6182
vn 0.8290 0.5403 0.1441
vn 0.6854 0.6333 -0.3595
vn 0.4350 0.4567 -0.7760
vn 0.0674 0.1573 -0.9852
vn -0.3186 -0.1846 -0.9297
vn -0.6187 -0.4767 -0.6245
vn -0.7526 -0.6406 -0.1527
vn -0.6854 -0.6333 0.3595
vn -0.4350 -0.4567 0.7760
vn -0.0674 -0.1573 0.9852
vn 0.3186 0.1846 0.9297
vn 0.6187 0.4767 0.6245
vn 0.7526 0.6406 0.1527
vn 0.5966 0.7226 -0.3491
vn 0.3699 0.5222 -0.7684
vn 0.0436 0.1813 -0.9825
vn -0.2948 -0.2086 -0.9325
vn -0.5537 -0.5421 -0.6321
vn -0.6638 -0.7299 -0.1631
vn -0.5966 -0.7226 0.3491
vn -0.3699 -0.5222 0.7684
vn -0.0436 -0.1813 0.9825
vn 0.2948 0.2086 0.9325
vn 0.5537 0.5421 0.6321
vn 0.6638 0.7299 0.1631
vn 0.4971 0.7995 -0.3372
vn 0.2970 0.5785 -0.7597
vn 0.0168 0.2020 -0.9792
vn -0.2681 -0.2293 -0.9357
vn -0.4807 -0.5985 -0.6409
vn -0.5643 -0.8068 -0.1750
vn -0.4971 -0.7995 0.3372
vn -0.2970 -0.5785 0.7597
vn -0.0168 -0.2020 0.9792
vn 0.2681 0.2293 0.9357
vn 0.4807 0.5985 0.6409
vn 0.5643 0.8068 0.1750
vn 0.3885 0.8627 -0.3238
vn 0.2174 0.6248 -0.7499
vn -0.0123 0.2189 -0.9757
vn -0.2389 -0.2462 -0.9393
vn -0.4011 -0.6448 -0.6507
vn -0.4557 -0.8700 -0.1884
vn -0.3885 -0.8627 0.3238
vn -0.2174 -0.6248 0.7499
vn 0.0123 -0.2189 0.9757
vn 0.2389 0.2462 0.9393
vn 0.4011 0.6448 0.6507
vn 0.4557 0.8700 0.1884
vn 0.2726 0.9111 -0.3093
vn 0.1325 0.6602 -0.7393
vn -0.0434 0.2319 -0.9718
vn -0.2078 -0.2592 -0.9432
vn -0.3162 -0.6802 -0.6613
vn -0.3398 -0.9184 -0.2029
vn -0.2726 -0.9111 0.3093
vn -0.1325 -0.6602 0.7393
vn 0.0434 -0.2319 0.9718
vn 0.2078 0.2592 0.9432
vn 0.3162 0.6802 0.6613
vn 0.3398 0.9184 0.2029
vn 0.1515 0.9438 -0.2939
vn 0.0438 0.6842 -0.7280
vn -0.0759 0.2407 -0.9676
vn -0.1753 -0.2680 -0.9473
vn -0.2275 -0.7042 -0.6726
vn -0.2187 -0.9511 -0.2183
vn -0.1515 -0.9438 0.2939
vn -0.0438 -0.6842 0.7280
vn 0.0759 -0.2407 0.9676
vn 0.1753 0.2680 0.9473
vn 0.2275 0.7042 0.6726
vn 0.2187 0.9511 0.2183
vn 0.0273 0.9602 -0.2778
vn -0.0473 0.6963 -0.7162
vn -0.1093 0.2451 -0.9633
vn -0.1420 -0.2724 -0.9517
vn -0.1365 -0.7163 -0.6844
vn -0.0945 -0.9676 -0.2344
vn -0.0273 -0.9602 0.2778
vn 0.0473 -0.6963 0.7162
vn 0.1093 -0.2451 0.9633
vn 0.1420 0.2724 0.9517
vn 0.1365 0.7163 0.6844
vn 0.0945 0.9676 0.2344
vn -0.5968 0.1481 0.7886
vt 0.500000 0.500000
vt 0.520833 0.500000
vt 0.520833 0.583333
vt 0.500000 0.583333
vt 0.520833 0.666667
vt 0.500000 0.666667
vt 0.520833 0.750000
vt 0.500000 0.750000
vt 0.520833 0.833333
vt 0.500000 0.833333
vt 0.520833 0.916667
vt 0.500000 0.916667
vt 0.520833 1.000000
vt 0.500000 1.000000
vt 0.500000 0.000000
vt 0.520833 0.000000
vt 0.520833 0.083333
vt 0.500000 0.083333
vt 0.520833 0.166667
vt 0.500000 0.166667
vt 0.520833 0.250000
vt 0.500000 0.250000
vt 0.520833 0.333333
vt 0.500000 0.333333
vt 0.520833 0.416667
vt 0.500000 0.416667
vt 0.541667 0.500000
vt 0.541667 0.583333
vt 0.541667 0.666667
vt 0.541667 0.750000
vt 0.541667 0.833333
vt 0.541667 0.916667
vt 0.541667 1.000000
vt 0.541667 0.000000
vt 0.541667 0.083333
vt 0.541667 0.166667
vt 0.541667 0.250000
vt 0.541667 0.333333
vt 0.541667 0.416667
vt 0.562500 0.500000
vt 0.562500 0.583333
vt 0.562500 0.666667
vt 0.562500 0.750000
vt 0.562500 0.833333
vt 0.562500 0.916667
vt 0.562500 1.000000
vt 0.562500 0.000000
vt 0.562500 0.083333
vt 0.562500 0.166667
vt 0.562500 0.250000
vt 0.562500 0.333333
vt 0.562500 0.416667
vt 0.583333 0.500000
vt 0.583333 0.583333
vt 0.583333 0.666667
vt 0.583333 0.750000
vt 0.583333 0.833333
vt 0.583333 0.916667
vt 0.583333 1.000000
vt 0.583333 0.000000
vt 0.583333 0.083333
vt 0.583333 0.166667
vt 0.583333 0.250000
vt 0.583333 0.333333
vt 0.583333 0.416667
vt 0.604167 0.500000
vt 0.604167 0.583333
vt 0.604167 0.666667
vt 0.604167 0.750000
vt 0.604167 0.833333
vt 0.604167 0.916667
vt 0.604167 1.000000
vt 0.604167 0.000000
vt 0.604167 0.083333
vt 0.604167 0.166667
vt 0.604167 0.250000
vt 0.604167 0.333333
vt 0.604167 0.416667
vt 0.625000 0.500000
vt 0.625000 0.583333
vt 0.625000 0.666667
vt 0.625000 0.750000
vt 0.625000 0.833333
vt 0.625000 0.916667
vt 0.625000 1.000000
vt 0.625000 0.000000
vt 0.625000 0.083333
vt 0.625000 0.166667
vt 0.625000 0.250000
vt 0.625000 0.333333
vt 0.625000 0.416667
vt 0.645833 0.500000
vt 0.645833 0.583333
vt 0.645833 0.666667
vt 0.645833 0.750000
vt 0.645833 0.833333
vt 0.645833 0.916667
vt 0.645833 1.000000
vt 0.645833 0.000000
vt 0.645833 0.083333
vt 0.645833 0.166667
vt 0.645833 0.250000
vt 0.645833 0.333333
vt 0.645833 0.416667
vt 0.666667 0.500000
vt 0.666667 0.583333
vt 0.666667 0.666667
vt 0.666667 0.750000
vt 0.666667 0.833333
vt 0.666667 0.916667
vt 0.666667 1.000000
vt 0.666667 0.000000
vt 0.666667 0.083333
vt 0.666667 0.166667
vt 0.666667 0.250000
vt 0.666667 0.333333
vt 0.666667 0.416667
vt 0.687500 0.500000
vt 0.687500 0.583333
vt 0.687500 0.666667
vt 0.687500 0.750000
vt 0.687500 0.833333
vt 0.687500 0.916667
vt 0.687500 1.000000
vt 0.687500 0.000000
vt 0.687500 0.083333
vt 0.687500 0.166667
vt 0.687500 0.250000
vt 0.687500 0.333333
vt 0.687500 0.416667
vt 0.708333 0.500000
vt 0.708333 0.583333
vt 0.708333 0.666667
vt 0.708333 0.750000
vt 0.708333 0.833333
vt 0.708333 0.916667
vt 0.708333 1.000000
vt 0.708333 0.000000
vt 0.708333 0.083333
vt 0.708333 0.166667
vt 0.708333 0.250000
vt 0.708333 0.333333
vt 0.708333 0.416667
vt 0.729167 0.500000
vt 0.729167 0.583333
vt 0.729167 0.666667
vt 0.729167 0.750000
vt 0.729167 0.833333
vt 0.729167 0.916667
vt 0.729167 1.000000
vt 0.729167 0.000000
vt 0.729167 0.083333
vt 0.729167 0.166667
vt 0.729167 0.250000
vt 0.729167 0.333333
vt 0.729167 0.416667
vt 0.750000 0.500000
vt 0.750000 0.583333
vt 0.750000 0.666667
vt 0.750000 0.750000
vt 0.750000 0.833333
vt 0.750000 0.916667
vt 0.750000 1.000000
vt 0.750000 0.000000
vt 0.750000 0.083333
vt 0.750000 0.166667
vt 0.750000 0.250000
vt 0.750000 0.333333
vt 0.750000 0.416667
vt 0.770833 0.500000
vt 0.770833 0.583333
vt 0.770833 0.666667
vt 0.770833 0.750000
vt 0.770833 0.833333
vt 0.770833 0.916667
vt 0.770833 1.000000
vt 0.770833 0.000000
vt 0.770833 0.083333
vt 0.770833 0.166667
vt 0.770833 0.250000
vt 0.770833 0.333333
vt 0.770833 0.416667
vt 0.791667 0.500000
vt 0.791667 0.583333
vt 0.791667 0.666667
vt 0.791667 0.750000
vt 0.791667 0.833333
vt 0.791667 0.916667
vt 0.791667 1.000000
vt 0.791667 0.000000
vt 0.791667 0.083333
vt 0.791667 0.166667
vt 0.791667 0.250000
vt 0.791667 0.333333
vt 0.791667 0.416667
vt 0.812500 0.500000
vt 0.812500 0.583333
vt 0.812500 0.666667
vt 0.812500 0.750000
vt 0.812500 0.833333
vt 0.812500 0.916667
vt 0.812500 1.000000
vt 0.812500 0.000000
vt 0.812500 0.083333
vt 0.812500 0.166667
vt 0.812500 0.250000
vt 0.812500 0.333333
vt 0.812500 0.416667
vt 0.833333 0.500000
vt 0.833333 0.583333
vt 0.833333 0.666667
vt 0.833333 0.750000
vt 0.833333 0.833333
vt 0.833333 0.916667
vt 0.833333 1.000000
vt 0.833333 0.000000
vt 0.833333 0.083333
vt 0.833333 0.166667
vt 0.833333 0.250000
vt 0.833333 0.333333
vt 0.833333 0.416667
vt 0.854167 0.500000
vt 0.854167 0.583333
vt 0.854167 0.666667
vt 0.854167 0.750000
vt 0.854167 0.833333
vt 0.854167 0.916667
vt 0.854167 1.000000
vt 0.854167 0.000000
vt 0.854167 0.083333
vt 0.854167 0.166667
vt 0.854167 0.250000
vt 0.854167 0.333333
vt 0.854167 0.416667
vt 0.875000 0.500000
vt 0.875000 0.583333
vt 0.875000 0.666667
vt 0.875000 0.750000
vt 0.875000 0.833333
vt 0.875000 0.916667
vt 0.875000 1.000000
vt 0.875000 0.000000
vt 0.875000 0.083333
vt 0.875000 0.166667
vt 0.875000 0.250000
vt 0.875000 0.333333
vt 0.875000 0.416667
vt 0.895833 0.500000
vt 0.895833 0.583333
vt 0.895833 0.666667
vt 0.895833 0.750000
vt 0.895833 0.833333
vt 0.895833 0.916667
vt 0.895833 1.000000
vt 0.895833 0.000000
vt 0.895833 0.083333
vt 0.895833 0.166667
vt 0.895833 0.250000
vt 0.895833 0.333333
vt 0.895833 0.416667
vt 0.916667 0.500000
vt 0.916667 0.583333
vt 0.916667 0.666667
vt 0.916667 0.750000
vt 0.916667 0.833333
vt 0.916667 0.916667
vt 0.916667 1.000000
vt 0.916667 0.000000
vt 0.916667 0.083333
vt 0.916667 0.166667
vt 0.916667 0.250000
vt 0.916667 0.333333
vt 0.916667 0.416667
vt 0.937500 0.500000
vt 0.937500 0.583333
vt 0.937500 0.666667
vt 0.937500 0.750000
vt 0.937500 0.833333
vt 0.937500 0.916667
vt 0.937500 1.000000
vt 0.937500 0.000000
vt 0.937500 0.083333
vt 0.937500 0.166667
vt 0.937500 0.250000
vt 0.937500 0.333333
vt 0.937500 0.416667
vt 0.958333 0.500000
vt 0.958333 0.583333
vt 0.958333 0.666667
vt 0.958333 0.750000
vt 0.958333 0.833333
vt 0.958333 0.916667
vt 0.958333 1.000000
vt 0.958333 0.000000
vt 0.958333 0.083333
vt 0.958333 0.166667
vt 0.958333 0.250000
vt 0.958333 0.333333
vt 0.958333 0.416667
vt 0.979167 0.500000
vt 0.979167 0.583333
vt 0.979167 0.666667
vt 0.979167 0.750000
vt 0.979167 0.833333
vt 0.979167 0.916667
vt 0.979167 1.000000
vt 0.979167 0.000000
vt 0.979167 0.083333
vt 0.979167 0.166667
vt 0.979167 0.250000
vt 0.979167 0.333333
vt 0.979167 0.416667
vt 1.000000 0.500000
vt 1.000000 0.583333
vt 1.000000 0.666667
vt 1.000000 0.750000
vt 1.000000 0.833333
vt 1.000000 0.916667
vt 1.000000 1.000000
vt 1.000000 0.000000
vt 1.000000 0.083333
vt 1.000000 0.166667
vt 1.000000 0.250000
vt 1.000000 0.333333
vt 1.000000 0.416667
vt 0.000000 0.500000
vt 0.020833 0.500000
vt 0.020833 0.583333
vt 0.000000 0.583333
vt 0.020833 0.666667
vt 0.000000 0.666667
vt 0.020833 0.750000
vt 0.000000 0.750000
vt 0.020833 0.833333
vt 0.000000 0.833333
vt 0.020833 0.916667
vt 0.000000 0.916667
vt 0.020833 1.000000
vt 0.000000 1.000000
vt 0.000000 0.000000
vt 0.020833 0.000000
vt 0.020833 0.083333
vt 0.000000 0.083333
vt 0.020833 0.166667
vt 0.000000 0.166667
vt 0.020833 0.250000
vt 0.000000 0.250000
vt 0.020833 0.333333
vt 0.000000 0.333333
vt 0.020833 0.416667
vt 0.000000 0.416667
vt 0.041667 0.500000
vt 0.041667 0.583333
vt 0.041667 0.666667
vt 0.041667 0.750000
vt 0.041667 0.833333
vt 0.041667 0.916667
vt 0.041667 1.000000
vt 0.041667 0.000000
vt 0.041667 0.083333
vt 0.041667 0.166667
vt 0.041667 0.250000
vt 0.041667 0.333333
vt 0.041667 0.416667
vt 0.062500 0.500000
vt 0.062500 0.583333
vt 0.062500 0.666667
vt 0.062500 0.750000
vt 0.062500 0.833333
vt 0.062500 0.916667
vt 0.062500 1.000000
vt 0.062500 0.000000
vt 0.062500 0.083333
vt 0.062500 0.166667
vt 0.062500 0.250000
vt 0.062500 0.333333
vt 0.062500 0.416667
vt 0.083333 0.500000
vt 0.083333 0.583333
vt 0.083333 0.666667
vt 0.083333 0.750000
vt 0.083333 0.833333
vt 0.083333 0.916667
vt 0.083333 1.000000
vt 0.083333 0.000000
vt 0.083333 0.083333
vt 0.083333 0.166667
vt 0.083333 0.250000
vt 0.083333 0.333333
vt 0.083333 0.416667
vt 0.104167 0.500000
vt 0.104167 0.583333
vt 0.104167 0.666667
vt 0.104167 0.750000
vt 0.104167 0.833333
vt 0.104167 0.916667
vt 0.104167 1.000000
vt 0.104167 0.000000
vt 0.104167 0.083333
vt 0.104167 0.166667
vt 0.104167 0.250000
vt 0.104167 0.333333
vt 0.104167 0.416667
vt 0.125000 0.500000
vt 0.125000 0.583333
vt 0.125000 0.666667
vt 0.125000 0.750000
vt 0.125000 0.833333
vt 0.125000 0.916667
vt 0.125000 1.000000
vt 0.125000 0.000000
vt 0.125000 0.083333
vt 0.125000 0.166667
vt 0.125000 0.250000
vt 0.125000 0.333333
vt 0.125000 0.416667
vt 0.145833 0.500000
vt 0.145833 0.583333
vt 0.145833 0.666667
vt 0.145833 0.750000
vt 0.145833 0.833333
vt 0.145833 0.916667
vt 0.145833 1.000000
vt 0.145833 0.000000
vt 0.145833 0.083333
vt 0.145833 0.166667
vt 0.145833 0.250000
vt 0.145833 0.333333
vt 0.145833 0.416667
vt 0.166667 0.500000
vt 0.166667 0.583333
vt 0.166667 0.666667
vt 0.166667 0.750000
vt 0.166667 0.833333
vt 0.166667 0.916667
vt 0.166667 1.000000
vt 0.166667 0.000000
vt 0.166667 0.083333
vt 0.166667 0.166667
vt 0.166667 0.250000
vt 0.166667 0.333333
vt 0.166667 0.416667
vt 0.187500 0.500000
vt 0.187500 0.583333
vt 0.187500 0.666667
vt 0.187500 0.750000
vt 0.187500 0.833333
vt 0.187500 0.916667
vt 0.187500 1.000000
vt 0.187500 0.000000
vt 0.187500 0.083333
vt 0.187500 0.166667
vt 0.187500 0.250000
vt 0.187500 0.333333
vt 0.187500 0.416667
vt 0.208333 0.500000
vt 0.208333 0.583333
vt 0.208333 0.666667
vt 0.208333 0.750000
vt 0.208333 0.833333
vt 0.208333 0.916667
vt 0.208333 1.000000
vt 0.208333 0.000000
vt 0.208333 0.083333
vt 0.208333 0.166667
vt 0.208333 0.250000
vt 0.208333 0.333333
vt 0.208333 0.416667
vt 0.229167 0.500000
vt 0.229167 0.583333
vt 0.229167 0.666667
vt 0.229167 0.750000
vt 0.229167 0.833333
vt 0.229167 0.916667
vt 0.229167 1.000000
vt 0.229167 0.000000
vt 0.229167 0.083333
vt 0.229167 0.166667
vt 0.229167 0.250000
vt 0.229167 0.333333
vt 0.229167 0.416667
vt 0.250000 0.500000
vt 0.250000 0.583333
vt 0.250000 0.666667
vt 0.250000 0.750000
vt 0.250000 0.833333
vt 0.250000 0.916667
vt 0.250000 1.000000
vt 0.250000 0.000000
vt 0.250000 0.083333
vt 0.250000 0.166667
vt 0.250000 0.250000
vt 0.250000 0.333333
vt 0.250000 0.416667
vt 0.270833 0.500000
vt 0.270833 0.583333
vt 0.270833 0.666667
vt 0.270833 0.750000
vt 0.270833 0.833333
vt 0.270833 0.916667
vt 0.270833 1.000000
vt 0.270833 0.000000
vt 0.270833 0.083333
vt 0.270833 0.166667
vt 0.270833 0.250000
vt 0.270833 0.333333
vt 0.270833 0.416667
vt 0.291667 0.500000
vt 0.291667 0.583333
vt 0.291667 0.666667
vt 0.291667 0.750000
vt 0.291667 0.833333
vt 0.291667 0.916667
vt 0.291667 1.000000
vt 0.291667 0.000000
vt 0.291667 0.083333
vt 0.291667 0.166667
vt 0.291667 0.250000
vt 0.291667 0.333333
vt 0.291667 0.416667
vt 0.312500 0.500000
vt 0.312500 0.583333
vt 0.312500 0.666667
vt 0.312500 0.750000
vt 0.312500 0.833333
vt 0.312500 0.916667
vt 0.312500 1.000000
vt 0.312500 0.000000
vt 0.312500 0.083333
vt 0.312500 0.166667
vt 0.312500 0.250000
vt 0.312500 0.333333
vt 0.312500 0.416667
vt 0.333333 0.500000
vt 0.333333 0.583333
vt 0.333333 0.666667
vt 0.333333 0.750000
vt 0.333333 0.833333
vt 0.333333 0.916667
vt 0.333333 1.000000
vt 0.333333 0.000000
vt 0.333333 0.083333
vt 0.333333 0.166667
vt 0.333333 0.250000
vt 0.333333 0.333333
vt 0.333333 0.416667
vt 0.354167 0.500000
vt 0.354167 0.583333
vt 0.354167 0.666667
vt 0.354167 0.750000
vt 0.354167 0.833333
vt 0.354167 0.916667
vt 0.354167 1.000000
vt 0.354167 0.000000
vt 0.354167 0.083333
vt 0.354167 0.166667
vt 0.354167 0.250000
vt 0.354167 0.333333
vt 0.354167 0.416667
vt 0.375000 0.500000
vt 0.375000 0.583333
vt 0.375000 0.666667
vt 0.375000 0.750000
vt 0.375000 0.833333
vt 0.375000 0.916667
vt 0.375000 1.000000
vt 0.375000 0.000000
vt 0.375000 0.083333
vt 0.375000 0.166667
vt 0.375000 0.250000
vt 0.375000 0.333333
vt 0.375000 0.416667
vt 0.395833 0.500000
vt 0.395833 0.583333
vt 0.395833 0.666667
vt 0.395833 0.750000
vt 0.395833 0.833333
vt 0.395833 0.916667
vt 0.395833 1.000000
vt 0.395833 0.000000
vt 0.395833 0.083333
vt 0.395833 0.166667
vt 0.395833 0.250000
vt 0.395833 0.333333
vt 0.395833 0.416667
vt 0.416667 0.500000
vt 0.416667 0.583333
vt 0.416667 0.666667
vt 0.416667 0.750000
vt 0.416667 0.833333
vt 0.416667 0.916667
vt 0.416667 1.000000
vt 0.416667 0.000000
vt 0.416667 0.083333
vt 0.416667 0.166667
vt 0.416667 0.250000
vt 0.416667 0.333333
vt 0.416667 0.416667
vt 0.437500 0.500000
vt 0.437500 0.583333
vt 0.437500 0.666667
vt 0.437500 0.750000
vt 0.437500 0.833333
vt 0.437500 0.916667
vt 0.437500 1.000000
vt 0.437500 0.000000
vt 0.437500 0.083333
vt 0.437500 0.166667
vt 0.437500 0.250000
vt 0.437500 0.333333
vt 0.437500 0.416667
vt 0.458333 0.500000
vt 0.458333 0.583333
vt 0.458333 0.666667
vt 0.458333 0.750000
vt 0.458333 0.833333
vt 0.458333 0.916667
vt 0.458333 1.000000
vt 0.458333 0.000000
vt 0.458333 0.083333
vt 0.458333 0.166667
vt 0.458333 0.250000
vt 0.458333 0.333333
vt 0.458333 0.416667
vt 0.479167 0.500000
vt 0.479167 0.583333
vt 0.479167 0.666667
vt 0.479167 0.750000
vt 0.479167 0.833333
vt 0.479167 0.916667
vt 0.479167 1.000000
vt 0.479167 0.000000
vt 0.479167 0.083333
vt 0.479167 0.166667
vt 0.479167 0.250000
vt 0.479167 0.333333
vt 0.479167 0.416667
s 0
f 3784/90/235 3785/93/235 3797/92/235 3796/91/235
f 3785/93/236 3786/95/236 3798/94/236 3797/92/236
f 3786/95/237 3787/97/237 3799/96/237 3798/94/237
f 3787/97/238 3788/99/238 3800/98/238 3799/96/238
f 3788/99/239 3789/101/239 3801/100/239 3800/98/239
f 3789/101/240 3790/103/240 3802/102/240 3801/100/240
f 3790/104/241 3791/107/241 3803/106/241 3802/105/241
f 3791/107/242 3792/109/242 3804/108/242 3803/106/242
f 3792/109/243 3793/111/243 3805/110/243 3804/108/243
f 3793/111/244 3794/113/244 3806/112/244 3805/110/244
f 3794/113/245 3795/115/245 3807/114/245 3806/112/245
f 3795/115/246 3784/90/246 3796/91/246 3807/114/246
f 3796/91/247 3797/92/247 3809/117/247 3808/116/247
f 3797/92/248 3798/94/248 3810/118/248 3809/117/248
f 3798/94/249 3799/96/249 3811/119/249 3810/118/249
f 3799/96/250 3800/98/250 3812/120/250 3811/119/250
f 3800/98/251 3801/100/251 3813/121/251 3812/120/251
f 3801/100/252 3802/102/252 3814/122/252 3813/121/252
f 3802/105/253 3803/106/253 3815/124/253 3814/123/253
f 3803/106/254 3804/108/254 3816/125/254 3815/124/254
f 3804/108/255 3805/110/255 3817/126/255 3816/125/255
f 3805/110/256 3806/112/256 3818/127/256 3817/126/256
f 3806/112/257 3807/114/257 3819/128/257 3818/127/257
f 3807/114/258 3796/91/258 3808/116/258 3819/128/258
f 3808/116/259 3809/117/259 3821/130/259 3820/129/259
f 3809/117/260 3810/118/260 3822/131/260 3821/130/260
f 3810/118/261 3811/119/261 3823/132/261 3822/131/261
f 3811/119/262 3812/120/262 3824/133/262 3823/132/262
f 3812/120/263 3813/121/263 3825/134/263 3824/133/263
f 3813/121/264 3814/122/264 3826/135/264 3825/134/264
f 3814/123/265 3815/124/265 3827/137/265 3826/136/265
f 3815/124/266 3816/125/266 3828/138/266 3827/137/266
f 3816/125/267 3817/126/267 3829/139/267 3828/138/267
f 3817/126/268 3818/127/268 3830/140/268 3829/139/268
f 3818/127/269 3819/128/269 3831/141/269 3830/140/269
f 3819/128/270 3808/116/270 3820/129/270 3831/141/270
f 3820/129/271 3821/130/271 3833/143/271 3832/142/271
f 3821/130/272 3822/131/272 3834/144/272 3833/143/272
f 3822/131/273 3823/132/273 3835/145/273 3834/144/273
f 3823/132/274 3824/133/274 3836/146/274 3835/145/274
f 3824/133/275 3825/134/275 3837/147/275 3836/146/275
f 3825/134/276 3826/135/276 3838/148/276 3837/147/276
f 3826/136/277 3827/137/277 3839/150/277 3838/149/277
f 3827/137/278 3828/138/278 3840/151/278 3839/150/278
f 3828/138/279 3829/139/279 3841/152/279 3840/151/279
f 3829/139/280 3830/140/280 3842/153/280 3841/152/280
f 3830/140/281 3831/141/281 3843/154/281 3842/153/281
f 3831/141/282 3820/129/282 3832/142/282 3843/154/282
f 3832/142/283 3833/143/283 3845/156/283 3844/155/283
f 3833/143/284 3834/144/284 3846/157/284 3845/156/284
f 3834/144/285 3835/145/285 3847/158/285 3846/157/285
f 3835/145/286 3836/146/286 3848/159/286 3847/158/286
f 3836/146/287 3837/147/287 3849/160/287 3848/159/287
f 3837/147/288 3838/148/288 3850/161/288 3849/160/288
f 3838/149/289 3839/150/289 3851/163/289 3850/162/289
f 3839/150/290 3840/151/290 3852/164/290 3851/163/290
f 3840/151/291 3841/152/291 3853/165/291 3852/164/291
f 3841/152/292 3842/153/292 3854/166/292 3853/165/292
f 3842/153/293 3843/154/293 3855/167/293 3854/166/293
f 3843/154/294 3832/142/294 3844/155/294 3855/167/294
f 3844/155/295 3845/156/295 3857/169/295 3856/168/295
f 3845/156/296 3846/157/296 3858/170/296 3857/169/296
f 3846/157/297 3847/158/297 3859/171/297 3858/170/297
f 3847/158/298 3848/159/298 3860/172/298 3859/171/298
f 3848/159/299 3849/160/299 3861/173/299 3860/172/299
f 3849/160/300 3850/161/300 3862/174/300 3861/173/300
f 3850/162/301 3851/163/301 3863/176/301 3862/175/301
f 3851/163/302 3852/164/302 3864/177/302 3863/176/302
f 3852/164/303 3853/165/303 3865/178/303 3864/177/303
f 3853/165/304 3854/166/304 3866/179/304 3865/178/304
f 3854/166/305 3855/167/305 3867/180/305 3866/179/305
f 3855/167/306 3844/155/306 3856/168/306 3867/180/306
f 3856/168/307 3857/169/307 3869/182/307 3868/181/307
f 3857/169/308 3858/170/308 3870/183/308 3869/182/308
f 3858/170/309 3859/171/309 3871/184/309 3870/183/309
f 3859/171/310 3860/172/310 3872/185/310 3871/184/310
f 3860/172/311 3861/173/311 3873/186/311 3872/185/311
f 3861/173/312 3862/174/312 3874/187/312 3873/186/312
f 3862/175/313 3863/176/313 3875/189/313 3874/188/313
f 3863/176/314 3864/177/314 3876/190/314 3875/189/314
f 3864/177/315 3865/178/315 3877/191/315 3876/190/315
f 3865/178/316 3866/179/316 3878/192/316 3877/191/316
f 3866/179/317 3867/180/317 3879/193/317 3878/192/317
f 3867/180/318 3856/168/318 3868/181/318 3879/193/318
f 3868/181/319 3869/182/319 3881/195/319 3880/194/319
f 3869/182/320 3870/183/320 3882/196/320 3881/195/320
f 3870/183/321 3871/184/321 3883/197/321 3882/196/321
f 3871/184/322 3872/185/322 3884/198/322 3883/197/322
f 3872/185/323 3873/186/323 3885/199/323 3884/198/323
f 3873/186/324 3874/187/324 3886/200/324 3885/199/324
f 3874/188/325 3875/189/325 3887/202/325 3886/201/325
f 3875/189/326 3876/190/326 3888/203/326 3887/202/326
f 3876/190/327 3877/191/327 3889/204/327 3888/203/327
f 3877/191/328 3878/192/328 3890/205/328 3889/204/328
f 3878/192/329 3879/193/329 3891/206/329 3890/205/329
f 3879/193/330 3868/181/330 3880/194/330 3891/206/330
f 3880/194/331 3881/195/331 3893/208/331 3892/207/331
f 3881/195/332 3882/196/332 3894/209/332 3893/208/332
f 3882/196/333 3883/197/333 3895/210/333 3894/209/333
f 3883/197/334 3884/198/334 3896/211/334 3895/210/334
f 3884/198/335 3885/199/335 3897/212/335 3896/211/335
f 3885/199/336 3886/200/336 3898/213/336 3897/212/336
f 3886/201/337 3887/202/337 3899/215/337 3898/214/337
f 3887/202/338 3888/203/338 3900/216/338 3899/215/338
f 3888/203/339 3889/204/339 3901/217/339 3900/216/339
f 3889/204/340 3890/205/340 3902/218/340 3901/217/340
f 3890/205/341 3891/206/341 3903/219/341 3902/218/341
f 3891/206/342 3880/194/342 3892/207/342 3903/219/342
f 3892/207/343 3893/208/343 3905/221/343 3904/220/343
f 3893/208/344 3894/209/344 3906/222/344 3905/221/344
f 3894/209/345 3895/210/345 3907/223/345 3906/222/345
f 3895/210/346 3896/211/346 3908/224/346 3907/223/346
f 3896/211/347 3897/212/347 3909/225/347 3908/224/347
f 3897/212/348 3898/213/348 3910/226/348 3909/225/348
f 3898/214/349 3899/215/349 3911/228/349 3910/227/349
f 3899/215/350 3900/216/350 3912/229/350 3911/228/350
f 3900/216/351 3901/217/351 3913/230/351 3912/229/351
f 3901/217/352 3902/218/352 3914/231/352 3913/230/352
f 3902/218/353 3903/219/353 3915/232/353 3914/231/353
f 3903/219/354 3892/207/354 3904/220/354 3915/232/354
f 3904/220/355 3905/221/355 3917/234/355 3916/233/355
f 3905/221/356 3906/222/356 3918/235/356 3917/234/356
f 3906/222/357 3907/223/357 3919/236/357 3918/235/357
f 3907/223/358 3908/224/358 3920/237/358 3919/236/358
f 3908/224/359 3909/225/359 3921/238/359 3920/237/359
f 3909/225/360 3910/226/360 3922/239/360 3921/238/360
f 3910/227/361 3911/228/361 3923/241/361 3922/240/361
f 3911/228/362 3912/229/362 3924/242/362 3923/241/362
f 3912/229/363 3913/230/363 3925/243/363 3924/242/363
f 3913/230/364 3914/231/364 3926/244/364 3925/243/364
f 3914/231/365 3915/232/365 3927/245/365 3926/244/365
f 3915/232/366 3904/220/366 3916/233/366 3927/245/366
f 3916/233/367 3917/234/367 3929/247/367 3928/246/367
f 3917/234/368 3918/235/368 3930/248/368 3929/247/368
f 3918/235/369 3919/236/369 3931/249/369 3930/248/369
f 3919/236/370 3920/237/370 3932/250/370 3931/249/370
f 3920/237/371 3921/238/371 3933/251/371 3932/250/371
f 3921/238/372 3922/239/372 3934/252/372 3933/251/372
f 3922/240/373 3923/241/373 3935/254/373 3934/253/373
f 3923/241/374 3924/242/374 3936/255/374 3935/254/374
f 3924/242/375 3925/243/375 3937/256/375 3936/255/375
f 3925/243/376 3926/244/376 3938/257/376 3937/256/376
f 3926/244/377 3927/245/377 3939/258/377 3938/257/377
f 3927/245/378 3916/233/378 3928/246/378 3939/258/378
f 3928/246/379 3929/247/379 3941/260/379 3940/259/379
f 3929/247/380 3930/248/380 3942/261/380 3941/260/380
f 3930/248/381 3931/249/381 3943/262/381 3942/261/381
f 3931/249/382 3932/250/382 3944/263/382 3943/262/382
f 3932/250/383 3933/251/383 3945/264/383 3944/263/383
f 3933/251/384 3934/252/384 3946/265/384 3945/264/384
f 3934/253/385 3935/254/385 3947/267/385 3946/266/385
f 3935/254/386 3936/255/386 3948/268/386 3947/267/386
f 3936/255/387 3937/256/387 3949/269/387 3948/268/387
f 3937/256/388 3938/257/388 3950/270/388 3949/269/388
f 3938/257/389 3939/258/389 3951/271/389 3950/270/389
f 3939/258/390 3928/246/390 3940/259/390 3951/271/390
f 3940/259/391 3941/260/391 3953/273/391 3952/272/391
f 3941/260/392 3942/261/392 3954/274/392 3953/273/392
f 3942/261/393 3943/262/393 3955/275/393 3954/274/393
f 3943/262/394 3944/263/394 3956/276/394 3955/275/394
f 3944/263/395 3945/264/395 3957/277/395 3956/276/395
f 3945/264/396 3946/265/396 3958/278/396 3957/277/396
f 3946/266/397 3947/267/397 3959/280/397 3958/279/397
f 3947/267/398 3948/268/398 3960/281/398 3959/280/398
f 3948/268/399 3949/269/399 3961/282/399 3960/281/399
f 3949/269/400 3950/270/400 3962/283/400 3961/282/400
f 3950/270/401 3951/271/401 3963/284/401 3962/283/401
f 3951/271/402 3940/259/402 3952/272/402 3963/284/402
f 3952/272/403 3953/273/403 3965/286/403 3964/285/403
f 3953/273/404 3954/274/404 3966/287/404 3965/286/404
f 3954/274/405 3955/275/405 3967/288/405 3966/287/405
f 3955/275/406 3956/276/406 3968/289/406 3967/288/406
f 3956/276/407 3957/277/407 3969/290/407 3968/289/407
f 3957/277/408 3958/278/408 3970/291/408 3969/290/408
f 3958/279/409 3959/280/409 3971/293/409 3970/292/409
f 3959/280/410 3960/281/410 3972/294/410 3971/293/410
f 3960/281/411 3961/282/411 3973/295/411 3972/294/411
f 3961/282/412 3962/283/412 3974/296/412 3973/295/412
f 3962/283/413 3963/284/413 3975/297/413 3974/296/413
f 3963/284/414 3952/272/414 3964/285/414 3975/297/414
f 3964/285/415 3965/286/415 3977/299/415 3976/298/415
f 3965/286/416 3966/287/416 3978/300/416 3977/299/416
f 3966/287/417 3967/288/417 3979/301/417 3978/300/417
f 3967/288/418 3968/289/418 3980/302/418 3979/301/418
f 3968/289/419 3969/290/419 3981/303/419 3980/302/419
f 3969/290/420 3970/291/420 3982/304/420 3981/303/420
f 3970/292/421 3971/293/421 3983/306/421 3982/305/421
f 3971/293/422 3972/294/422 3984/307/422 3983/306/422
f 3972/294/423 3973/295/423 3985/308/423 3984/307/423
f 3973/295/424 3974/296/424 3986/309/424 3985/308/424
f 3974/296/425 3975/297/425 3987/310/425 3986/309/425
f 3975/297/426 3964/285/426 3976/298/426 3987/310/426
f 3976/298/427 3977/299/427 3989/312/427 3988/311/427
f 3977/299/428 3978/300/428 3990/313/428 3989/312/428
f 3978/300/429 3979/301/429 3991/314/429 3990/313/429
f 3979/301/430 3980/302/430 3992/315/430 3991/314/430
f 3980/302/431 3981/303/431 3993/316/431 3992/315/431
f 3981/303/432 3982/304/432 3994/317/432 3993/316/432
f 3982/305/433 3983/306/433 3995/319/433 3994/318/433
f 3983/306/434 3984/307/434 3996/320/434 3995/319/434
f 3984/307/435 3985/308/435 3997/321/435 3996/320/435
f 3985/308/436 3986/309/436 3998/322/436 3997/321/436
f 3986/309/437 3987/310/437 3999/323/437 3998/322/437
f 3987/310/438 3976/298/438 3988/311/438 3999/323/438
f 3988/311/439 3989/312/439 4001/325/439 4000/324/439
f 3989/312/440 3990/313/440 4002/326/440 4001/325/440
f 3990/313/441 3991/314/441 4003/327/441 4002/326/441
f 3991/314/442 3992/315/442 4004/328/442 4003/327/442
f 3992/315/443 3993/316/443 4005/329/443 4004/328/443
f 3993/316/444 3994/317/444 4006/330/444 4005/329/444
f 3994/318/445 3995/319/445 4007/332/445 4006/331/445
f 3995/319/446 3996/320/446 4008/333/446 4007/332/446
f 3996/320/447 3997/321/447 4009/334/447 4008/333/447
f 3997/321/448 3998/322/448 4010/335/448 4009/334/448
f 3998/322/449 3999/323/449 4011/336/449 4010/335/449
f 3999/323/450 3988/311/450 4000/324/450 4011/336/450
f 4000/324/451 4001/325/451 4013/338/451 4012/337/451
f 4001/325/452 4002/326/452 4014/339/452 4013/338/452
f 4002/326/453 4003/327/453 4015/340/453 4014/339/453
f 4003/327/454 4004/328/454 4016/341/454 4015/340/454
f 4004/328/455 4005/329/455 4017/342/455 4016/341/455
f 4005/329/456 4006/330/456 4018/343/456 4017/342/456
f 4006/331/457 4007/332/457 4019/345/457 4018/344/457
f 4007/332/458 4008/333/458 4020/346/458 4019/345/458
f 4008/333/459 4009/334/459 4021/347/459 4020/346/459
f 4009/334/460 4010/335/460 4022/348/460 4021/347/460
f 4010/335/461 4011/336/461 4023/349/461 4022/348/461
f 4011/336/462 4000/324/462 4012/337/462 4023/349/462
f 4012/337/463 4013/338/463 4025/351/463 4024/350/463
f 4013/338/464 4014/339/464 4026/352/464 4025/351/464
f 4014/339/465 4015/340/465 4027/353/465 4026/352/465
f 4015/340/466 4016/341/466 4028/354/466 4027/353/466
f 4016/341/467 4017/342/467 4029/355/467 4028/354/467
f 4017/342/468 4018/343/468 4030/356/468 4029/355/468
f 4018/344/469 4019/345/469 4031/358/469 4030/357/469
f 4019/345/470 4020/346/470 4032/359/470 4031/358/470
f 4020/346/471 4021/347/471 4033/360/471 4032/359/471
f 4021/347/472 4022/348/472 4034/361/472 4033/360/472
f 4022/348/473 4023/349/473 4035/362/473 4034/361/473
f 4023/349/474 4012/337/474 4024/350/474 4035/362/474
f 4024/350/475 4025/351/475 4037/364/475 4036/363/475
f 4025/351/476 4026/352/476 4038/365/476 4037/364/476
f 4026/352/477 4027/353/477 4039/366/477 4038/365/477
f 4027/353/478 4028/354/478 4040/367/478 4039/366/478
f 4028/354/479 4029/355/479 4041/368/479 4040/367/479
f 4029/355/480 4030/356/480 4042/369/480 4041/368/480
f 4030/357/481 4031/358/481 4043/371/481 4042/370/481
f 4031/358/482 4032/359/482 4044/372/482 4043/371/482
f 4032/359/483 4033/360/483 4045/373/483 4044/372/483
f 4033/360/484 4034/361/484 4046/374/484 4045/373/484
f 4034/361/485 4035/362/485 4047/375/485 4046/374/485
f 4035/362/486 4024/350/486 4036/363/486 4047/375/486
f 4036/363/487 4037/364/487 4049/377/487 4048/376/487
f 4037/364/488 4038/365/488 4050/378/488 4049/377/488
f 4038/365/489 4039/366/489 4051/379/489 4050/378/489
f 4039/366/490 4040/367/490 4052/380/490 4051/379/490
f 4040/367/491 4041/368/491 4053/381/491 4052/380/491
f 4041/368/492 4042/369/492 4054/382/492 4053/381/492
f 4042/370/493 4043/371/493 4055/384/493 4054/383/493
f 4043/371/494 4044/372/494 4056/385/494 4055/384/494
f 4044/372/495 4045/373/495 4057/386/495 4056/385/495
f 4045/373/496 4046/374/496 4058/387/496 4057/386/496
f 4046/374/497 4047/375/497 4059/388/497 4058/387/497
f 4047/375/498 4036/363/498 4048/376/498 4059/388/498
f 4048/376/499 4049/377/499 4061/390/499 4060/389/499
f 4049/377/500 4050/378/500 4062/391/500 4061/390/500
f 4050/378/501 4051/379/501 4063/392/501 4062/391/501
f 4051/379/502 4052/380/502 4064/393/502 4063/392/502
f 4052/380/503 4053/381/503 4065/394/503 4064/393/503
f 4053/381/504 4054/382/504 4066/395/504 4065/394/504
f 4054/383/505 4055/384/505 4067/397/505 4066/396/505
f 4055/384/506 4056/385/506 4068/398/506 4067/397/506
f 4056/385/507 4057/386/507 4069/399/507 4068/398/507
f 4057/386/508 4058/387/508 4070/400/508 4069/399/508
f 4058/387/509 4059/388/509 4071/401/509 4070/400/509
f 4059/388/510 4048/376/510 4060/389/510 4071/401/510
f 4060/389/511 4061/390/511 4073/403/511 4072/402/511
f 4061/390/512 4062/391/512 4074/404/512 4073/403/512
f 4062/391/513 4063/392/513 4075/405/513 4074/404/513
f 4063/392/514 4064/393/514 4076/406/514 4075/405/514
f 4064/393/515 4065/394/515 4077/407/515 4076/406/515
f 4065/394/516 4066/395/516 4078/408/516 4077/407/516
f 4066/396/517 4067/397/517 4079/410/517 4078/409/517
f 4067/397/518 4068/398/518 4080/411/518 4079/410/518
f 4068/398/519 4069/399/519 4081/412/519 4080/411/519
f 4069/399/520 4070/400/520 4082/413/520 4081/412/520
f 4070/400/521 4071/401/521 4083/414/521 4082/413/521
f 4071/401/522 4060/389/522 4072/402/522 4083/414/522
f 4072/415/240 4073/418/240 4085/417/240 4084/416/240
f 4073/418/239 4074/420/239 4086/419/239 4085/417/239
f 4074/420/238 4075/422/238 4087/421/238 4086/419/238
f 4075/422/237 4076/424/237 4088/423/237 4087/421/237
f 4076/424/236 4077/426/236 4089/425/236 4088/423/236
f 4077/426/235 4078/428/235 4090/427/235 4089/425/235
f 4078/429/246 4079/432/246 4091/431/246 4090/430/246
f 4079/432/245 4080/434/245 4092/433/245 4091/431/245
f 4080/434/244 4081/436/244 4093/435/244 4092/433/244
f 4081/436/243 4082/438/243 4094/437/243 4093/435/243
f 4082/438/242 4083/440/242 4095/439/242 4094/437/242
f 4083/440/241 4072/415/241 4084/416/241 4095/439/241
f 4084/416/252 4085/417/252 4097/442/252 4096/441/252
f 4085/417/251 4086/419/251 4098/443/251 4097/442/251
f 4086/419/250 4087/421/250 4099/444/250 4098/443/250
f 4087/421/249 4088/423/249 4100/445/249 4099/444/249
f 4088/423/248 4089/425/248 4101/446/248 4100/445/248
f 4089/425/247 4090/427/247 4102/447/247 4101/446/247
f 4090/430/258 4091/431/258 4103/449/258 4102/448/258
f 4091/431/257 4092/433/257 4104/450/257 4103/449/257
f 4092/433/256 4093/435/256 4105/451/256 4104/450/256
f 4093/435/255 4094/437/255 4106/452/255 4105/451/255
f 4094/437/254 4095/439/254 4107/453/254 4106/452/254
f 4095/439/253 4084/416/253 4096/441/253 4107/453/253
f 4096/441/264 4097/442/264 4109/455/264 4108/454/264
f 4097/442/263 4098/443/263 4110/456/263 4109/455/263
f 4098/443/262 4099/444/262 4111/457/262 4110/456/262
f 4099/444/261 4100/445/261 4112/458/261 4111/457/261
f 4100/445/260 4101/446/260 4113/459/260 4112/458/260
f 4101/446/259 4102/447/259 4114/460/259 4113/459/259
f 4102/448/270 4103/449/270 4115/462/270 4114/461/270
f 4103/449/269 4104/450/269 4116/463/269 4115/462/269
f 4104/450/268 4105/451/268 4117/464/268 4116/463/268
f 4105/451/267 4106/452/267 4118/465/267 4117/464/267
f 4106/452/266 4107/453/266 4119/466/266 4118/465/266
f 4107/453/265 4096/441/265 4108/454/265 4119/466/265
f 4108/454/276 4109/455/276 4121/468/276 4120/467/276
f 4109/455/275 4110/456/275 4122/469/275 4121/468/275
f 4110/456/274 4111/457/274 4123/470/274 4122/469/274
f 4111/457/273 4112/458/273 4124/471/273 4123/470/273
f 4112/458/272 4113/459/272 4125/472/272 4124/471/272
f 4113/459/271 4114/460/271 4126/473/271 4125/472/271
f 4114/461/282 4115/462/282 4127/475/282 4126/474/282
f 4115/462/281 4116/463/281 4128/476/281 4127/475/281
f 4116/463/280 4117/464/280 4129/477/280 4128/476/280
f 4117/464/279 4118/465/279 4130/478/279 4129/477/279
f 4118/465/278 4119/466/278 4131/479/278 4130/478/278
f 4119/466/277 4108/454/277 4120/467/277 4131/479/277
f 4120/467/288 4121/468/288 4133/481/288 4132/480/288
f 4121/468/287 4122/469/287 4134/482/287 4133/481/287
f 4122/469/286 4123/470/286 4135/483/286 4134/482/286
f 4123/470/285 4124/471/285 4136/484/285 4135/483/285
f 4124/471/284 4125/472/284 4137/485/284 4136/484/284
f 4125/472/283 4126/473/283 4138/486/283 4137/485/283
f 4126/474/294 4127/475/294 4139/488/294 4138/487/294
f 4127/475/293 4128/476/293 4140/489/293 4139/488/293
f 4128/476/292 4129/477/292 4141/490/292 4140/489/292
f 4129/477/291 4130/478/291 4142/491/291 4141/490/291
f 4130/478/290 4131/479/290 4143/492/290 4142/491/290
f 4131/479/289 4120/467/289 4132/480/289 4143/492/289
f 4132/480/300 4133/481/300 4145/494/300 4144/493/300
f 4133/481/299 4134/482/299 4146/495/299 4145/494/299
f 4134/482/298 4135/483/298 4147/496/298 4146/495/298
f 4135/483/297 4136/484/297 4148/497/297 4147/496/297
f 4136/484/296 4137/485/296 4149/498/296 4148/497/296
f 4137/485/295 4138/486/295 4150/499/295 4149/498/295
f 4138/487/306 4139/488/306 4151/501/306 4150/500/306
f 4139/488/305 4140/489/305 4152/502/305 4151/501/305
f 4140/489/304 4141/490/304 4153/503/304 4152/502/304
f 4141/490/303 4142/491/303 4154/504/303 4153/503/303
f 4142/491/302 4143/492/302 4155/505/302 4154/504/302
f 4143/492/301 4132/480/301 4144/493/301 4155/505/301
f 4144/493/312 4145/494/312 4157/507/312 4156/506/312
f 4145/494/311 4146/495/311 4158/508/311 4157/507/311
f 4146/495/310 4147/496/310 4159/509/310 4158/508/310
f 4147/496/309 4148/497/309 4160/510/309 4159/509/309
f 4148/497/308 4149/498/308 4161/511/308 4160/510/308
f 4149/498/307 4150/499/307 4162/512/307 4161/511/307
f 4150/500/318 4151/501/318 4163/514/318 4162/513/318
f 4151/501/317 4152/502/317 4164/515/317 4163/514/317
f 4152/502/316 4153/503/316 4165/516/316 4164/515/316
f 4153/503/315 4154/504/315 4166/517/315 4165/516/315
f 4154/504/314 4155/505/314 4167/518/314 4166/517/314
f 4155/505/313 4144/493/313 4156/506/313 4167/518/313
f 4156/506/324 4157/507/324 4169/520/324 4168/519/324
f 4157/507/323 4158/508/323 4170/521/323 4169/520/323
f 4158/508/322 4159/509/322 4171/522/322 4170/521/322
f 4159/509/321 4160/510/321 4172/523/321 4171/522/321
f 4160/510/320 4161/511/320 4173/524/320 4172/523/320
f 4161/511/319 4162/512/319 4174/525/319 4173/524/319
f 4162/513/330 4163/514/330 4175/527/330 4174/526/330
f 4163/514/329 4164/515/329 4176/528/329 4175/527/329
f 4164/515/328 4165/516/328 4177/529/328 4176/528/328
f 4165/516/327 4166/517/327 4178/530/327 4177/529/327
f 4166/517/326 4167/518/326 4179/531/326 4178/530/326
f 4167/518/325 4156/506/325 4168/519/325 4179/531/325
f 4168/519/336 4169/520/336 4181/533/336 4180/532/336
f 4169/520/335 4170/521/335 4182/534/335 4181/533/335
f 4170/521/334 4171/522/334 4183/535/334 4182/534/334
f 4171/522/333 4172/523/333 4184/536/333 4183/535/333
f 4172/523/332 4173/524/332 4185/537/332 4184/536/332
f 4173/524/331 4174/525/331 4186/538/331 4185/537/331
f 4174/526/342 4175/527/342 4187/540/342 4186/539/342
f 4175/527/341 4176/528/341 4188/541/341 4187/540/341
f 4176/528/340 4177/529/340 4189/542/340 4188/541/340
f 4177/529/339 4178/530/339 4190/543/339 4189/542/339
f 4178/530/338 4179/531/338 4191/544/338 4190/543/338
f 4179/531/337 4168/519/337 4180/532/337 4191/544/337
f 4180/532/348 4181/533/348 4193/546/348 4192/545/348
f 4181/533/347 4182/534/347 4194/547/347 4193/546/347
f 4182/534/346 4183/535/346 4195/548/346 4194/547/346
f 4183/535/345 4184/536/345 4196/549/345 4195/548/345
f 4184/536/344 4185/537/344 4197/550/344 4196/549/344
f 4185/537/343 4186/538/343 4198/551/343 4197/550/343
f 4186/539/354 4187/540/354 4199/553/354 4198/552/354
f 4187/540/353 4188/541/353 4200/554/353 4199/553/353
f 4188/541/352 4189/542/352 4201/555/352 4200/554/352
f 4189/542/351 4190/543/351 4202/556/351 4201/555/351
f 4190/543/350 4191/544/350 4203/557/350 4202/556/350
f 4191/544/349 4180/532/349 4192/545/349 4203/557/349
f 4192/545/360 4193/546/360 4205/559/360 4204/558/360
f 4193/546/359 4194/547/359 4206/560/359 4205/559/359
f 4194/547/358 4195/548/358 4207/561/358 4206/560/358
f 4195/548/357 4196/549/357 4208/562/357 4207/561/357
f 4196/549/356 4197/550/356 4209/563/356 4208/562/356
f 4197/550/355 4198/551/355 4210/564/355 4209/563/355
f 4198/552/366 4199/553/366 4211/566/366 4210/565/366
f 4199/553/365 4200/554/365 4212/567/365 4211/566/365
f 4200/554/364 4201/555/364 4213/568/364 4212/567/364
f 4201/555/363 4202/556/363 4214/569/363 4213/568/363
f 4202/556/523 4203/557/523 4215/570/523 4214/569/523
f 4203/557/361 4192/545/361 4204/558/361 4215/570/361
f 4204/558/372 4205/559/372 4217/572/372 4216/571/372
f 4205/559/371 4206/560/371 4218/573/371 4217/572/371
f 4206/560/370 4207/561/370 4219/574/370 4218/573/370
f 4207/561/369 4208/562/369 4220/575/369 4219/574/369
f 4208/562/368 4209/563/368 4221/576/368 4220/575/368
f 4209/563/367 4210/564/367 4222/577/367 4221/576/367
f 4210/565/378 4211/566/378 4223/579/378 4222/578/378
f 4211/566/377 4212/567/377 4224/580/377 4223/579/377
f 4212/567/376 4213/568/376 4225/581/376 4224/580/376
f 4213/568/375 4214/569/375 4226/582/375 4225/581/375
f 4214/569/374 4215/570/374 4227/583/374 4226/582/374
f 4215/570/373 4204/558/373 4216/571/373 4227/583/373
f 4216/571/384 4217/572/384 4229/585/384 4228/584/384
f 4217/572/383 4218/573/383 4230/586/383 4229/585/383
f 4218/573/382 4219/574/382 4231/587/382 4230/586/382
f 4219/574/381 4220/575/381 4232/588/381 4231/587/381
f 4220/575/380 4221/576/380 4233/589/380 4232/588/380
f 4221/576/379 4222/577/379 4234/590/379 4233/589/379
f 4222/578/390 4223/579/390 4235/592/390 4234/591/390
f 4223/579/389 4224/580/389 4236/593/389 4235/592/389
f 4224/580/388 4225/581/388 4237/594/388 4236/593/388
f 4225/581/387 4226/582/387 4238/595/387 4237/594/387
f 4226/582/386 4227/583/386 4239/596/386 4238/595/386
f 4227/583/385 4216/571/385 4228/584/385 4239/596/385
f 4228/584/396 4229/585/396 4241/598/396 4240/597/396
f 4229/585/395 4230/586/395 4242/599/395 4241/598/395
f 4230/586/394 4231/587/394 4243/600/394 4242/599/394
f 4231/587/393 4232/588/393 4244/601/393 4243/600/393
f 4232/588/392 4233/589/392 4245/602/392 4244/601/392
f 4233/589/391 4234/590/391 4246/603/391 4245/602/391
f 4234/591/402 4235/592/402 4247/605/402 4246/604/402
f 4235/592/401 4236/593/401 4248/606/401 4247/605/401
f 4236/593/400 4237/594/400 4249/607/400 4248/606/400
f 4237/594/399 4238/595/399 4250/608/399 4249/607/399
f 4238/595/398 4239/596/398 4251/609/398 4250/608/398
f 4239/596/397 4228/584/397 4240/597/397 4251/609/397
f 4240/597/408 4241/598/408 4253/611/408 4252/610/408
f 4241/598/407 4242/599/407 4254/612/407 4253/611/407
f 4242/599/406 4243/600/406 4255/613/406 4254/612/406
f 4243/600/405 4244/601/405 4256/614/405 4255/613/405
f 4244/601/404 4245/602/404 4257/615/404 4256/614/404
f 4245/602/403 4246/603/403 4258/616/403 4257/615/403
f 4246/604/414 4247/605/414 4259/618/414 4258/617/414
f 4247/605/413 4248/606/413 4260/619/413 4259/618/413
f 4248/606/412 4249/607/412 4261/620/412 4260/619/412
f 4249/607/411 4250/608/411 4262/621/411 4261/620/411
f 4250/608/410 4251/609/410 4263/622/410 4262/621/410
f 4251/609/409 4240/597/409 4252/610/409 4263/622/409
f 4252/610/420 4253/611/420 4265/624/420 4264/623/420
f 4253/611/419 4254/612/419 4266/625/419 4265/624/419
f 4254/612/418 4255/613/418 4267/626/418 4266/625/418
f 4255/613/417 4256/614/417 4268/627/417 4267/626/417
f 4256/614/416 4257/615/416 4269/628/416 4268/627/416
f 4257/615/415 4258/616/415 4270/629/415 4269/628/415
f 4258/617/426 4259/618/426 4271/631/426 4270/630/426
f 4259/618/425 4260/619/425 4272/632/425 4271/631/425
f 4260/619/424 4261/620/424 4273/633/424 4272/632/424
f 4261/620/423 4262/621/423 4274/634/423 4273/633/423
f 4262/621/422 4263/622/422 4275/635/422 4274/634/422
f 4263/622/421 4252/610/421 4264/623/421 4275/635/421
f 4264/623/432 4265/624/432 4277/637/432 4276/636/432
f 4265/624/431 4266/625/431 4278/638/431 4277/637/431
f 4266/625/430 4267/626/430 4279/639/430 4278/638/430
f 4267/626/429 4268/627/429 4280/640/429 4279/639/429
f 4268/627/428 4269/628/428 4281/641/428 4280/640/428
f 4269/628/427 4270/629/427 4282/642/427 4281/641/427
f 4270/630/438 4271/631/438 4283/644/438 4282/643/438
f 4271/631/437 4272/632/437 4284/645/437 4283/644/437
f 4272/632/436 4273/633/436 4285/646/436 4284/645/436
f 4273/633/435 4274/634/435 4286/647/435 4285/646/435
f 4274/634/434 4275/635/434 4287/648/434 4286/647/434
f 4275/635/433 4264/623/433 4276/636/433 4287/648/433
f 4276/636/444 4277/637/444 4289/650/444 4288/649/444
f 4277/637/443 4278/638/443 4290/651/443 4289/650/443
f 4278/638/442 4279/639/442 4291/652/442 4290/651/442
f 4279/639/441 4280/640/441 4292/653/441 4291/652/441
f 4280/640/440 4281/641/440 4293/654/440 4292/653/440
f 4281/641/439 4282/642/439 4294/655/439 4293/654/439
f 4282/643/450 4283/644/450 4295/657/450 4294/656/450
f 4283/644/449 4284/645/449 4296/658/449 4295/657/449
f 4284/645/448 4285/646/448 4297/659/448 4296/658/448
f 4285/646/447 4286/647/447 4298/660/447 4297/659/447
f 4286/647/446 4287/648/446 4299/661/446 4298/660/446
f 4287/648/445 4276/636/445 4288/649/445 4299/661/445
f 4288/649/456 4289/650/456 4301/663/456 4300/662/456
f 4289/650/455 4290/651/455 4302/664/455 4301/663/455
f 4290/651/454 4291/652/454 4303/665/454 4302/664/454
f 4291/652/453 4292/653/453 4304/666/453 4303/665/453
f 4292/653/452 4293/654/452 4305/667/452 4304/666/452
f 4293/654/451 4294/655/451 4306/668/451 4305/667/451
f 4294/656/462 4295/657/462 4307/670/462 4306/669/462
f 4295/657/461 4296/658/461 4308/671/461 4307/670/461
f 4296/658/460 4297/659/460 4309/672/460 4308/671/460
f 4297/659/459 4298/660/459 4310/673/459 4309/672/459
f 4298/660/458 4299/661/458 4311/674/458 4310/673/458
f 4299/661/457 4288/649/457 4300/662/457 4311/674/457
f 4300/662/468 4301/663/468 4313/676/468 4312/675/468
f 4301/663/467 4302/664/467 4314/677/467 4313/676/467
f 4302/664/466 4303/665/466 4315/678/466 4314/677/466
f 4303/665/465 4304/666/465 4316/679/465 4315/678/465
f 4304/666/464 4305/667/464 4317/680/464 4316/679/464
f 4305/667/463 4306/668/463 4318/681/463 4317/680/463
f 4306/669/474 4307/670/474 4319/683/474 4318/682/474
f 4307/670/473 4308/671/473 4320/684/473 4319/683/473
f 4308/671/472 4309/672/472 4321/685/472 4320/684/472
f 4309/672/471 4310/673/471 4322/686/471 4321/685/471
f 4310/673/470 4311/674/470 4323/687/470 4322/686/470
f 4311/674/469 4300/662/469 4312/675/469 4323/687/469
f 4312/675/480 4313/676/480 4325/689/480 4324/688/480
f 4313/676/479 4314/677/479 4326/690/479 4325/689/479
f 4314/677/478 4315/678/478 4327/691/478 4326/690/478
f 4315/678/477 4316/679/477 4328/692/477 4327/691/477
f 4316/679/476 4317/680/476 4329/693/476 4328/692/476
f 4317/680/475 4318/681/475 4330/694/475 4329/693/475
f 4318/682/486 4319/683/486 4331/696/486 4330/695/486
f 4319/683/485 4320/684/485 4332/697/485 4331/696/485
f 4320/684/484 4321/685/484 4333/698/484 4332/697/484
f 4321/685/483 4322/686/483 4334/699/483 4333/698/483
f 4322/686/482 4323/687/482 4335/700/482 4334/699/482
f 4323/687/481 4312/675/481 4324/688/481 4335/700/481
f 4324/688/492 4325/689/492 4337/702/492 4336/701/492
f 4325/689/491 4326/690/491 4338/703/491 4337/702/491
f 4326/690/490 4327/691/490 4339/704/490 4338/703/490
f 4327/691/489 4328/692/489 4340/705/489 4339/704/489
f 4328/692/488 4329/693/488 4341/706/488 4340/705/488
f 4329/693/487 4330/694/487 4342/707/487 4341/706/487
f 4330/695/498 4331/696/498 4343/709/498 4342/708/498
f 4331/696/497 4332/697/497 4344/710/497 4343/709/497
f 4332/697/496 4333/698/496 4345/711/496 4344/710/496
f 4333/698/495 4334/699/495 4346/712/495 4345/711/495
f 4334/699/494 4335/700/494 4347/713/494 4346/712/494
f 4335/700/493 4324/688/493 4336/701/493 4347/713/493
f 4336/701/504 4337/702/504 4349/715/504 4348/714/504
f 4337/702/503 4338/703/503 4350/716/503 4349/715/503
f 4338/703/502 4339/704/502 4351/717/502 4350/716/502
f 4339/704/501 4340/705/501 4352/718/501 4351/717/501
f 4340/705/500 4341/706/500 4353/719/500 4352/718/500
f 4341/706/499 4342/707/499 4354/720/499 4353/719/499
f 4342/708/510 4343/709/510 4355/722/510 4354/721/510
f 4343/709/509 4344/710/509 4356/723/509 4355/722/509
f 4344/710/508 4345/711/508 4357/724/508 4356/723/508
f 4345/711/507 4346/712/507 4358/725/507 4357/724/507
f 4346/712/506 4347/713/506 4359/726/506 4358/725/506
f 4347/713/505 4336/701/505 4348/714/505 4359/726/505
f 4348/714/516 4349/715/516 3785/93/516 3784/90/516
f 4349/715/515 4350/716/515 3786/95/515 3785/93/515
f 4350/716/514 4351/717/514 3787/97/514 3786/95/514
f 4351/717/513 4352/718/513 3788/99/513 3787/97/513
f 4352/718/512 4353/719/512 3789/101/512 3788/99/512
f 4353/719/511 4354/720/511 3790/103/511 3789/101/511
f 4354/721/522 4355/722/522 3791/107/522 3790/104/522
f 4355/722/521 4356/723/521 3792/109/521 3791/107/521
f 4356/723/520 4357/724/520 3793/111/520 3792/109/520
f 4357/724/519 4358/725/519 3794/113/519 3793/111/519
f 4358/725/518 4359/726/518 3795/115/518 3794/113/518
f 4359/726/517 4348/714/517 3784/90/517 3795/115/517
o Torus.004
v -1.806629 -0.032643 -1.056346
v -1.806117 -0.018757 -1.003649
v -1.805741 0.019618 -0.964954
v -1.805601 0.072200 -0.950630
v -1.805736 0.124900 -0.964515
v -1.806109 0.163597 -1.002889
v -1.806621 0.177921 -1.055468
v -1.807133 0.164035 -1.108166
v -1.807510 0.125660 -1.146860
v -1.807649 0.073078 -1.161184
v -1.807514 0.020378 -1.147299
v -1.807141 -0.018318 -1.108926
v -1.737922 -0.028139 -1.056995
v -1.739250 -0.014374 -1.004281
v -1.743904 0.023671 -0.965539
v -1.750635 0.075803 -0.951150
v -1.757641 0.128053 -0.964970
v -1.763044 0.166419 -1.003296
v -1.765396 0.180623 -1.055858
v -1.764068 0.166858 -1.108573
v -1.759414 0.128813 -1.147315
v -1.752683 0.076681 -1.161704
v -1.745677 0.024431 -1.147884
v -1.740274 -0.013935 -1.109558
v -1.670389 -0.014706 -1.057596
v -1.673527 -0.001301 -1.004865
v -1.683124 0.035762 -0.966079
v -1.696609 0.086550 -0.951630
v -1.710368 0.137456 -0.965390
v -1.720715 0.174839 -1.003672
v -1.724877 0.188683 -1.056219
v -1.721739 0.175278 -1.108949
v -1.712141 0.138216 -1.147735
v -1.698657 0.087428 -1.162184
v -1.684898 0.036522 -1.148424
v -1.674551 -0.000862 -1.110142
v -1.605187 0.007428 -1.058138
v -1.610073 0.020240 -1.005393
v -1.624443 0.055682 -0.966567
v -1.644448 0.104257 -0.952064
v -1.664727 0.152949 -0.965770
v -1.679847 0.188713 -1.004012
v -1.685756 0.201963 -1.056544
v -1.680870 0.189151 -1.109289
v -1.666500 0.153710 -1.148115
v -1.646495 0.105134 -1.162618
v -1.626216 0.056442 -1.148912
v -1.611096 0.020679 -1.110669
v -1.543432 0.037883 -1.058612
v -1.549972 0.049879 -1.005854
v -1.568863 0.083091 -0.966993
v -1.595043 0.128621 -0.952443
v -1.621498 0.174268 -0.966101
v -1.641139 0.207802 -1.004309
v -1.648702 0.220236 -1.056828
v -1.642162 0.208240 -1.109586
v -1.623271 0.175028 -1.148446
v -1.597091 0.129498 -1.162997
v -1.570636 0.083851 -1.149338
v -1.550996 0.050318 -1.111130
v -1.486180 0.076138 -1.059009
v -1.494254 0.087109 -1.006240
v -1.517336 0.117521 -0.967351
v -1.549242 0.159225 -0.952761
v -1.581422 0.201047 -0.966379
v -1.605253 0.231780 -1.004558
v -1.614351 0.243189 -1.057066
v -1.606277 0.232219 -1.109835
v -1.583195 0.201807 -1.148724
v -1.551289 0.160103 -1.163314
v -1.519109 0.118281 -1.149696
v -1.495277 0.087548 -1.111517
v -1.434410 0.121539 -1.059323
v -1.443871 0.131294 -1.006546
v -1.470743 0.158382 -0.967633
v -1.507826 0.195546 -0.953012
v -1.545183 0.232827 -0.966599
v -1.572804 0.260237 -1.004755
v -1.583289 0.270430 -1.057255
v -1.573828 0.260676 -1.110032
v -1.546956 0.233587 -1.148944
v -1.509873 0.196423 -1.163566
v -1.472516 0.159142 -1.149978
v -1.444895 0.131732 -1.111823
v -1.389009 0.173309 -1.059549
v -1.399686 0.181676 -1.006766
v -1.429882 0.204975 -0.967837
v -1.471505 0.236962 -0.953192
v -1.513402 0.269066 -0.966757
v -1.544347 0.292686 -1.004896
v -1.556048 0.301492 -1.057390
v -1.545371 0.293125 -1.110173
v -1.515175 0.269826 -1.149102
v -1.473552 0.237839 -1.163746
v -1.431655 0.205735 -1.150181
v -1.400710 0.182115 -1.112043
v -1.350752 0.230562 -1.059682
v -1.362455 0.237395 -1.006895
v -1.395451 0.256502 -0.967957
v -1.440900 0.282764 -0.953299
v -1.486623 0.309143 -0.966851
v -1.520368 0.328572 -1.004980
v -1.533095 0.335844 -1.057470
v -1.521392 0.329011 -1.110257
v -1.488396 0.309903 -1.149195
v -1.442947 0.283642 -1.163853
v -1.397225 0.257263 -1.150301
v -1.363479 0.237834 -1.112172
v -1.320296 0.292318 -1.059721
v -1.332815 0.297497 -1.006933
v -1.368041 0.312083 -0.967991
v -1.416535 0.332169 -0.953330
v -1.465303 0.352373 -0.966878
v -1.501278 0.367280 -1.005004
v -1.514821 0.372898 -1.057493
v -1.502302 0.367719 -1.110281
v -1.467076 0.353133 -1.149223
v -1.418582 0.333047 -1.163884
v -1.369814 0.312843 -1.150336
v -1.333839 0.297936 -1.112210
v -1.298161 0.357522 -1.059664
v -1.311273 0.360953 -1.006878
v -1.348119 0.370766 -0.967941
v -1.398826 0.384332 -0.953285
v -1.449808 0.398015 -0.966838
v -1.487404 0.408150 -1.004969
v -1.501540 0.412020 -1.057459
v -1.488428 0.408589 -1.110245
v -1.451582 0.398775 -1.149183
v -1.400874 0.385210 -1.163839
v -1.349892 0.371526 -1.150285
v -1.312297 0.361392 -1.112155
v -1.284725 0.425057 -1.059513
v -1.298197 0.426678 -1.006731
v -1.336027 0.431547 -0.967805
v -1.388078 0.438360 -0.953164
v -1.440403 0.445289 -0.966733
v -1.478983 0.450480 -1.004874
v -1.493478 0.452541 -1.057369
v -1.480006 0.450919 -1.110151
v -1.442177 0.446050 -1.149077
v -1.390126 0.439237 -1.163718
v -1.337800 0.432308 -1.150150
v -1.299221 0.427117 -1.112008
v -1.280219 0.493767 -1.059271
v -1.293812 0.493547 -1.006495
v -1.331971 0.493387 -0.967587
v -1.384473 0.493328 -0.952970
v -1.437249 0.493387 -0.966563
v -1.476158 0.493547 -1.004722
v -1.490775 0.493767 -1.057223
v -1.477182 0.493986 -1.109999
v -1.439022 0.494147 -1.148908
v -1.386521 0.494205 -1.163524
v -1.333745 0.494147 -1.149931
v -1.294836 0.493986 -1.111772
v -1.284720 0.562477 -1.058941
v -1.298192 0.560416 -1.006174
v -1.336022 0.555226 -0.967289
v -1.388074 0.548296 -0.952706
v -1.440400 0.541484 -0.966332
v -1.478979 0.536614 -1.004515
v -1.493475 0.534993 -1.057025
v -1.480003 0.537053 -1.109792
v -1.442173 0.542244 -1.148677
v -1.390121 0.549174 -1.163260
v -1.337795 0.555986 -1.149634
v -1.299216 0.560855 -1.111451
v -1.298150 0.630011 -1.058529
v -1.311262 0.626141 -1.005773
v -1.348109 0.616007 -0.966918
v -1.398818 0.602324 -0.952376
v -1.449801 0.588758 -0.966043
v -1.487397 0.578945 -1.004257
v -1.501533 0.575513 -1.056778
v -1.488421 0.579383 -1.109534
v -1.451574 0.589518 -1.148388
v -1.400865 0.603201 -1.162930
v -1.349882 0.616767 -1.149263
v -1.312286 0.626580 -1.111050
v -1.320280 0.695215 -1.058042
v -1.332799 0.689597 -1.005299
v -1.368026 0.674690 -0.966480
v -1.416522 0.654486 -0.951987
v -1.465292 0.634400 -0.965702
v -1.501268 0.619814 -1.003952
v -1.514811 0.614635 -1.056486
v -1.502292 0.620253 -1.109228
v -1.467065 0.635160 -1.148047
v -1.418569 0.655364 -1.162541
v -1.369799 0.675450 -1.148825
v -1.333823 0.690036 -1.110576
v -1.350731 0.756971 -1.057488
v -1.362434 0.749699 -1.004760
v -1.395432 0.730271 -0.965982
v -1.440883 0.703891 -0.951544
v -1.486608 0.677630 -0.965315
v -1.520355 0.658522 -1.003605
v -1.533082 0.651689 -1.056154
v -1.521379 0.658961 -1.108881
v -1.488381 0.678390 -1.147660
v -1.442930 0.704769 -1.162098
v -1.397205 0.731031 -1.148327
v -1.363458 0.750138 -1.110037
v -1.388983 0.814224 -1.056877
v -1.399661 0.805418 -1.004166
v -1.429859 0.781798 -0.965432
v -1.471484 0.749694 -0.951055
v -1.513384 0.717707 -0.964887
v -1.544331 0.694408 -1.003222
v -1.556033 0.686041 -1.055787
v -1.545354 0.694847 -1.108499
v -1.515157 0.718467 -1.147232
v -1.473531 0.750571 -1.161609
v -1.431632 0.782559 -1.147777
v -1.400685 0.805857 -1.109443
v -1.434380 0.865994 -1.056220
v -1.443842 0.855801 -1.003526
v -1.470716 0.828391 -0.964841
v -1.507802 0.791110 -0.950530
v -1.545162 0.753946 -0.964427
v -1.572785 0.726858 -1.002810
v -1.583271 0.717103 -1.055393
v -1.573809 0.727296 -1.108087
v -1.546935 0.754706 -1.146772
v -1.509849 0.791988 -1.161083
v -1.472489 0.829152 -1.147186
v -1.444865 0.856240 -1.108803
v -1.486146 0.911395 -1.055528
v -1.494221 0.899985 -1.002852
v -1.517305 0.869252 -0.964218
v -1.549214 0.827431 -0.949976
v -1.581398 0.785727 -0.963942
v -1.605232 0.755315 -1.002376
v -1.614331 0.744344 -1.054977
v -1.606256 0.755753 -1.107653
v -1.583171 0.786487 -1.146287
v -1.551262 0.828308 -1.160529
v -1.519079 0.870012 -1.146562
v -1.495244 0.900424 -1.108129
v -1.543395 0.949650 -1.054811
v -1.549936 0.937215 -1.002155
v -1.568830 0.903682 -0.963573
v -1.595014 0.858035 -0.949403
v -1.621472 0.812505 -0.963441
v -1.641115 0.779293 -1.001927
v -1.648680 0.767297 -1.054548
v -1.642139 0.779732 -1.107204
v -1.623245 0.813265 -1.145786
v -1.597061 0.858912 -1.159956
v -1.570603 0.904442 -1.145918
v -1.550960 0.937654 -1.107432
v -1.605148 0.980105 -1.054084
v -1.610034 0.966854 -1.001447
v -1.624407 0.931091 -0.962918
v -1.644416 0.882399 -0.948821
v -1.664699 0.833824 -0.962932
v -1.679822 0.798382 -1.001471
v -1.685732 0.785570 -1.054111
v -1.680846 0.798821 -1.106748
v -1.666473 0.834584 -1.145277
v -1.646464 0.883276 -1.159374
v -1.626181 0.931851 -1.145263
v -1.611058 0.967293 -1.106724
v -1.670348 1.002239 -1.053358
v -1.673487 0.988395 -1.000740
v -1.683087 0.951012 -0.962265
v -1.696576 0.900106 -0.948240
v -1.710339 0.849317 -0.962424
v -1.720689 0.812255 -1.001016
v -1.724852 0.798850 -1.053675
v -1.721713 0.812694 -1.106292
v -1.712113 0.850077 -1.144768
v -1.698624 0.900983 -1.158793
v -1.684861 0.951772 -1.144609
v -1.674511 0.988834 -1.106017
v -1.737879 1.015672 -1.052645
v -1.739209 1.001468 -1.000047
v -1.743865 0.963102 -0.961623
v -1.750601 0.910852 -0.947669
v -1.757611 0.858721 -0.961925
v -1.763017 0.820675 -1.000569
v -1.765371 0.806910 -1.053248
v -1.764041 0.821114 -1.105846
v -1.759384 0.859481 -1.144269
v -1.752649 0.911730 -1.158223
v -1.745639 0.963862 -1.143968
v -1.740233 1.001907 -1.105324
v -1.806587 1.020176 -1.051958
v -1.806075 1.005851 -0.999378
v -1.805702 0.967155 -0.961005
v -1.805567 0.914455 -0.947120
v -1.805706 0.861873 -0.961444
v -1.806083 0.823498 -1.000138
v -1.806595 0.809612 -1.052836
v -1.807106 0.823937 -1.105415
v -1.807480 0.862633 -1.143789
v -1.807615 0.915333 -1.157674
v -1.807475 0.967915 -1.143350
v -1.807099 1.006290 -1.104655
v -1.875294 1.015672 -1.051309
v -1.872942 1.001468 -0.998746
v -1.867539 0.963102 -0.960420
v -1.860533 0.910852 -0.946600
v -1.853802 0.858721 -0.960989
v -1.849148 0.820675 -0.999731
v -1.847820 0.806910 -1.052446
v -1.850172 0.821114 -1.105008
v -1.855575 0.859481 -1.143334
v -1.862581 0.911730 -1.157154
v -1.869312 0.963862 -1.142765
v -1.873966 1.001907 -1.104023
v -1.942827 1.002239 -1.050708
v -1.938665 0.988395 -0.998162
v -1.928318 0.951012 -0.959880
v -1.914559 0.900106 -0.946120
v -1.901075 0.849317 -0.960569
v -1.891477 0.812255 -0.999355
v -1.888339 0.798850 -1.052086
v -1.892501 0.812694 -1.104632
v -1.902848 0.850077 -1.142914
v -1.916607 0.900983 -1.156674
v -1.930092 0.951772 -1.142225
v -1.939689 0.988834 -1.103439
v -2.008028 0.980105 -1.050166
v -2.002120 0.966855 -0.997634
v -1.987000 0.931091 -0.959392
v -1.966721 0.882399 -0.945686
v -1.946716 0.833824 -0.960189
v -1.932345 0.798382 -0.999015
v -1.927460 0.785570 -1.051760
v -1.933369 0.798821 -1.104292
v -1.948489 0.834584 -1.142534
v -1.968768 0.883276 -1.156240
v -1.988773 0.931852 -1.141737
v -2.003143 0.967293 -1.102911
v -2.069784 0.949650 -1.049693
v -2.062220 0.937216 -0.997174
v -2.042580 0.903682 -0.958966
v -2.016125 0.858035 -0.945308
v -1.989944 0.812505 -0.959858
v -1.971053 0.779293 -0.998718
v -1.964514 0.767297 -1.051476
v -1.972077 0.779732 -1.103995
v -1.991718 0.813265 -1.142203
v -2.018173 0.858912 -1.155861
v -2.044353 0.904442 -1.141311
v -2.063244 0.937654 -1.102450
v -2.127036 0.911395 -1.049295
v -2.117939 0.899985 -0.996787
v -2.094107 0.869252 -0.958608
v -2.061927 0.827431 -0.944990
v -2.030021 0.785727 -0.959580
v -2.006939 0.755315 -0.998469
v -1.998865 0.744344 -1.051238
v -2.007963 0.755753 -1.103746
v -2.031794 0.786487 -1.141925
v -2.063974 0.828308 -1.155543
v -2.095880 0.870012 -1.140953
v -2.118962 0.900424 -1.102064
v -2.178806 0.865994 -1.048981
v -2.168321 0.855801 -0.996481
v -2.140700 0.828391 -0.958326
v -2.103343 0.791110 -0.944738
v -2.066260 0.753946 -0.959360
v -2.039388 0.726858 -0.998272
v -2.029927 0.717103 -1.051049
v -2.040412 0.727296 -1.103549
v -2.068033 0.754706 -1.141705
v -2.105390 0.791988 -1.155292
v -2.142473 0.829152 -1.140671
v -2.169345 0.856240 -1.101758
v -2.224207 0.814224 -1.048755
v -2.212506 0.805418 -0.996262
v -2.181561 0.781799 -0.958123
v -2.139663 0.749694 -0.944558
v -2.098041 0.717707 -0.959202
v -2.067845 0.694409 -0.998131
v -2.057168 0.686041 -1.050914
v -2.068869 0.694847 -1.103408
v -2.099814 0.718467 -1.141547
v -2.141711 0.750572 -1.155112
v -2.183334 0.782559 -1.140467
v -2.213530 0.805857 -1.101538
v -2.262464 0.756971 -1.048622
v -2.249737 0.749699 -0.996132
v -2.215991 0.730271 -0.958003
v -2.170269 0.703891 -0.944451
v -2.124820 0.677630 -0.959109
v -2.091824 0.658522 -0.998047
v -2.080121 0.651689 -1.050834
v -2.092848 0.658961 -1.103324
v -2.126593 0.678390 -1.141453
v -2.172316 0.704769 -1.155005
v -2.217765 0.731031 -1.140347
v -2.250761 0.750138 -1.101409
v -2.292920 0.695215 -1.048583
v -2.279377 0.689597 -0.996094
v -2.243402 0.674690 -0.957968
v -2.194633 0.654486 -0.944420
v -2.146140 0.634400 -0.959081
v -2.110914 0.619814 -0.998023
v -2.098395 0.614635 -1.050811
v -2.111938 0.620253 -1.103300
v -2.147913 0.635160 -1.141426
v -2.196681 0.655364 -1.154974
v -2.245175 0.675450 -1.140313
v -2.280401 0.690036 -1.101371
v -2.315055 0.630011 -1.048640
v -2.300919 0.626141 -0.996149
v -2.263324 0.616007 -0.958019
v -2.212342 0.602324 -0.944465
v -2.161634 0.588758 -0.959121
v -2.124788 0.578945 -0.998058
v -2.111676 0.575514 -1.050845
v -2.125812 0.579384 -1.103335
v -2.163408 0.589518 -1.141466
v -2.214389 0.603201 -1.155019
v -2.265097 0.616767 -1.140363
v -2.301943 0.626580 -1.101426
v -2.328491 0.562477 -1.048791
v -2.313995 0.560417 -0.996296
v -2.275416 0.555226 -0.958154
v -2.223090 0.548296 -0.944586
v -2.171039 0.541484 -0.959227
v -2.133209 0.536615 -0.998153
v -2.119738 0.534993 -1.050935
v -2.134233 0.537053 -1.103430
v -2.172812 0.542244 -1.141572
v -2.225138 0.549174 -1.155140
v -2.277189 0.555986 -1.140499
v -2.315019 0.560855 -1.101573
v -2.332997 0.493767 -1.049033
v -2.318380 0.493547 -0.996532
v -2.279471 0.493387 -0.958373
v -2.226695 0.493328 -0.944780
v -2.174194 0.493387 -0.959396
v -2.136034 0.493547 -0.998305
v -2.122441 0.493767 -1.051081
v -2.137058 0.493986 -1.103582
v -2.175967 0.494147 -1.141741
v -2.228743 0.494205 -1.155334
v -2.281245 0.494147 -1.140718
v -2.319404 0.493986 -1.101809
v -2.328496 0.425057 -1.049363
v -2.314001 0.426678 -0.996853
v -2.275421 0.431547 -0.958670
v -2.223095 0.438360 -0.945044
v -2.171043 0.445289 -0.959628
v -2.133213 0.450480 -0.998512
v -2.119741 0.452541 -1.051279
v -2.134237 0.450919 -1.103789
v -2.172816 0.446050 -1.141972
v -2.225142 0.439237 -1.155598
v -2.277194 0.432308 -1.141015
v -2.315024 0.427117 -1.102130
v -2.315066 0.357522 -1.049775
v -2.300930 0.360953 -0.997254
v -2.263334 0.370767 -0.959041
v -2.212351 0.384332 -0.945374
v -2.161642 0.398015 -0.959916
v -2.124795 0.408150 -0.998770
v -2.111683 0.412020 -1.051526
v -2.125819 0.408589 -1.104047
v -2.163415 0.398775 -1.142261
v -2.214398 0.385210 -1.155928
v -2.265107 0.371527 -1.141386
v -2.301954 0.361392 -1.102531
v -2.292936 0.292318 -1.050262
v -2.279393 0.297497 -0.997728
v -2.243417 0.312083 -0.959479
v -2.194647 0.332169 -0.945763
v -2.146151 0.352373 -0.960257
v -2.110924 0.367280 -0.999076
v -2.098405 0.372898 -1.051818
v -2.111948 0.367719 -1.104352
v -2.147924 0.353133 -1.142602
v -2.196694 0.333047 -1.156317
v -2.245190 0.312843 -1.141824
v -2.280417 0.297936 -1.103005
v -2.262485 0.230562 -1.050816
v -2.249758 0.237395 -0.998267
v -2.216011 0.256502 -0.959977
v -2.170286 0.282764 -0.946206
v -2.124835 0.309143 -0.960644
v -2.091837 0.328572 -0.999423
v -2.080134 0.335844 -1.052150
v -2.092861 0.329011 -1.104699
v -2.126608 0.309903 -1.142989
v -2.172333 0.283642 -1.156760
v -2.217784 0.257263 -1.142322
v -2.250782 0.237834 -1.103544
v -2.224233 0.173309 -1.051427
v -2.212531 0.181676 -0.998861
v -2.181584 0.204975 -0.960527
v -2.139685 0.236962 -0.946695
v -2.098059 0.269066 -0.961072
v -2.067862 0.292686 -0.999805
v -2.057183 0.301492 -1.052517
v -2.068885 0.293125 -1.105082
v -2.099832 0.269826 -1.143417
v -2.141732 0.237839 -1.157249
v -2.183357 0.205735 -1.142872
v -2.213555 0.182115 -1.104138
v -2.178836 0.121539 -1.052084
v -2.168351 0.131294 -0.999501
v -2.140727 0.158382 -0.961118
v -2.103367 0.195546 -0.947221
v -2.066281 0.232827 -0.961532
v -2.039407 0.260237 -1.000217
v -2.029945 0.270430 -1.052911
v -2.040431 0.260676 -1.105494
v -2.068054 0.233588 -1.143877
v -2.105414 0.196424 -1.157774
v -2.142500 0.159142 -1.143463
v -2.169374 0.131732 -1.104778
v -2.127070 0.076138 -1.052776
v -2.117971 0.087109 -1.000175
v -2.094137 0.117521 -0.961742
v -2.061954 0.159225 -0.947775
v -2.030045 0.201047 -0.962017
v -2.006960 0.231780 -1.000651
v -1.998885 0.243189 -1.053327
v -2.007984 0.232219 -1.105928
v -2.031818 0.201807 -1.144362
v -2.064001 0.160103 -1.158329
v -2.095911 0.118281 -1.144086
v -2.118995 0.087548 -1.105452
v -2.069821 0.037883 -1.053493
v -2.062256 0.049879 -1.000872
v -2.042613 0.083091 -0.962386
v -2.016155 0.128621 -0.948348
v -1.989970 0.174268 -0.962518
v -1.971077 0.207802 -1.001100
v -1.964536 0.220236 -1.053756
v -1.972100 0.208240 -1.106377
v -1.991744 0.175028 -1.144863
v -2.018202 0.129498 -1.158901
v -2.044386 0.083851 -1.144731
v -2.063280 0.050318 -1.106149
v -2.008068 0.007428 -1.054220
v -2.002158 0.020240 -1.001580
v -1.987036 0.055682 -0.963041
v -1.966752 0.104257 -0.948930
v -1.946743 0.152950 -0.963027
v -1.932370 0.188713 -1.001556
v -1.927484 0.201963 -1.054193
v -1.933394 0.189151 -1.106833
v -1.948517 0.153710 -1.145372
v -1.968800 0.105135 -1.159483
v -1.988809 0.056442 -1.145386
v -2.003182 0.020679 -1.106857
v -1.942868 -0.014706 -1.054946
v -1.938705 -0.001301 -1.002287
v -1.928355 0.035762 -0.963695
v -1.914592 0.086550 -0.949511
v -1.901103 0.137456 -0.963536
v -1.891503 0.174839 -1.002012
v -1.888364 0.188683 -1.054629
v -1.892527 0.175278 -1.107288
v -1.902876 0.138216 -1.145881
v -1.916640 0.087428 -1.160064
v -1.930128 0.036522 -1.146039
v -1.939729 -0.000862 -1.107564
v -1.875337 -0.028139 -1.055659
v -1.872983 -0.014374 -1.002980
v -1.867577 0.023671 -0.964336
v -1.860567 0.075803 -0.950081
v -1.853831 0.128053 -0.964035
v -1.849175 0.166419 -1.002458
v -1.847845 0.180623 -1.055056
v -1.850199 0.166858 -1.107735
v -1.855605 0.128813 -1.146379
v -1.862615 0.076681 -1.160635
v -1.869350 0.024431 -1.146681
v -1.874007 -0.013935 -1.108257
vn 0.0657 -0.9651 0.2537
vn 0.0531 -0.7093 0.7029
vn 0.0263 -0.2628 0.9645
vn -0.0076 0.2548 0.9670
vn -0.0394 0.7034 0.7097
vn -0.0606 0.9629 0.2629
vn -0.0657 0.9651 -0.2537
vn -0.0531 0.7093 -0.7029
vn -0.0263 0.2628 -0.9645
vn 0.0076 -0.2548 -0.9670
vn 0.0394 -0.7034 -0.7097
vn 0.0606 -0.9629 -0.2629
vn 0.1909 -0.9486 0.2525
vn 0.1449 -0.6972 0.7021
vn 0.0600 -0.2584 0.9642
vn -0.0412 0.2503 0.9673
vn -0.1312 0.6913 0.7105
vn -0.1859 0.9464 0.2641
vn -0.1909 0.9486 -0.2525
vn -0.1449 0.6972 -0.7021
vn -0.0600 0.2584 -0.9642
vn 0.0412 -0.2503 -0.9673
vn 0.1312 -0.6913 -0.7105
vn 0.1859 -0.9464 -0.2641
vn 0.3130 -0.9159 0.2515
vn 0.2344 -0.6732 0.7013
vn 0.0927 -0.2496 0.9639
vn -0.0740 0.2415 0.9676
vn -0.2206 0.6673 0.7113
vn -0.3080 0.9137 0.2651
vn -0.3130 0.9159 -0.2515
vn -0.2344 0.6732 -0.7013
vn -0.0927 0.2496 -0.9639
vn 0.0740 -0.2415 -0.9676
vn 0.2206 -0.6673 -0.7113
vn 0.3080 -0.9137 -0.2651
vn 0.4297 -0.8675 0.2505
vn 0.3199 -0.6378 0.7006
vn 0.1241 -0.2366 0.9636
vn -0.1053 0.2286 0.9678
vn -0.3062 0.6319 0.7120
vn -0.4247 0.8654 0.2661
vn -0.4297 0.8675 -0.2505
vn -0.3199 0.6378 -0.7006
vn -0.1241 0.2366 -0.9636
vn 0.1053 -0.2286 -0.9678
vn 0.3062 -0.6319 -0.7120
vn 0.4247 -0.8654 -0.2661
vn 0.5392 -0.8043 0.2497
vn 0.4001 -0.5915 0.7000
vn 0.1535 -0.2197 0.9634
vn -0.1347 0.2116 0.9680
vn -0.3864 0.5856 0.7126
vn -0.5341 0.8022 0.2669
vn -0.5392 0.8043 -0.2497
vn -0.4001 0.5915 -0.7000
vn -0.1535 0.2197 -0.9634
vn 0.1347 -0.2116 -0.9680
vn 0.3864 -0.5856 -0.7126
vn 0.5341 -0.8022 -0.2669
vn 0.6394 -0.7274 0.2491
vn 0.4736 -0.5351 0.6996
vn 0.1804 -0.1990 0.9633
vn -0.1616 0.1910 0.9682
vn -0.4598 0.5293 0.7131
vn -0.6344 0.7252 0.2675
vn -0.6394 0.7274 -0.2491
vn -0.4736 0.5351 -0.6996
vn -0.1804 0.1990 -0.9633
vn 0.1616 -0.1910 -0.9682
vn 0.4598 -0.5293 -0.7131
vn 0.6344 -0.7252 -0.2675
vn 0.7288 -0.6380 0.2486
vn 0.5390 -0.4697 0.6992
vn 0.2044 -0.1750 0.9631
vn -0.1856 0.1670 0.9683
vn -0.5253 0.4638 0.7134
vn -0.7238 0.6359 0.2680
vn -0.7288 0.6380 -0.2486
vn -0.5390 0.4697 -0.6992
vn -0.2044 0.1750 -0.9631
vn 0.1856 -0.1670 -0.9683
vn 0.5253 -0.4638 -0.7134
vn 0.7238 -0.6359 -0.2680
vn 0.8057 -0.5378 0.2482
vn 0.5954 -0.3962 0.6989
vn 0.2250 -0.1481 0.9630
vn -0.2062 0.1401 0.9684
vn -0.5817 0.3903 0.7137
vn -0.8007 0.5356 0.2683
vn -0.8057 0.5378 -0.2482
vn -0.5954 0.3962 -0.6989
vn -0.2250 0.1481 -0.9630
vn 0.2062 -0.1401 -0.9684
vn 0.5817 -0.3903 -0.7137
vn 0.8007 -0.5356 -0.2683
vn 0.8689 -0.4284 0.2481
vn 0.6417 -0.3160 0.6988
vn 0.2420 -0.1187 0.9630
vn -0.2232 0.1107 0.9685
vn -0.6280 0.3101 0.7138
vn -0.8639 0.4262 0.2685
vn -0.8689 0.4284 -0.2481
vn -0.6417 0.3160 -0.6988
vn -0.2420 0.1187 -0.9630
vn 0.2232 -0.1107 -0.9685
vn 0.6280 -0.3101 -0.7138
vn 0.8639 -0.4262 -0.2685
vn 0.9173 -0.3116 0.2481
vn 0.6771 -0.2305 0.6988
vn 0.2550 -0.0874 0.9630
vn -0.2362 0.0793 0.9685
vn -0.6634 0.2246 0.7138
vn -0.9122 0.3095 0.2685
vn -0.9173 0.3116 -0.2481
vn -0.6771 0.2305 -0.6988
vn -0.2550 0.0874 -0.9630
vn 0.2362 -0.0793 -0.9685
vn 0.6634 -0.2246 -0.7138
vn 0.9122 -0.3095 -0.2685
vn 0.9500 -0.1895 0.2483
vn 0.7011 -0.1410 0.6990
vn 0.2637 -0.0546 0.9630
vn -0.2449 0.0466 0.9684
vn -0.6874 0.1352 0.7136
vn -0.9449 0.1874 0.2683
vn -0.9500 0.1895 -0.2483
vn -0.7011 0.1410 -0.6990
vn -0.2637 0.0546 -0.9630
vn 0.2449 -0.0466 -0.9684
vn 0.6874 -0.1352 -0.7136
vn 0.9449 -0.1874 -0.2683
vn 0.9665 -0.0643 0.2486
vn 0.7132 -0.0492 0.6992
vn 0.2682 -0.0210 0.9631
vn -0.2494 0.0129 0.9683
vn -0.6994 0.0434 0.7134
vn -0.9614 0.0621 0.2679
vn -0.9665 0.0643 -0.2486
vn -0.7132 0.0492 -0.6992
vn -0.2682 0.0210 -0.9631
vn 0.2494 -0.0129 -0.9683
vn 0.6994 -0.0434 -0.7134
vn 0.9614 -0.0621 -0.2679
vn 0.9665 0.0621 0.2492
vn 0.7132 0.0434 0.6996
vn 0.2682 0.0129 0.9633
vn -0.2494 -0.0210 0.9682
vn -0.6994 -0.0492 0.7130
vn -0.9614 -0.0643 0.2674
vn -0.9665 -0.0621 -0.2492
vn -0.7132 -0.0434 -0.6996
vn -0.2682 -0.0129 -0.9633
vn 0.2494 0.0210 -0.9682
vn 0.6994 0.0492 -0.7130
vn 0.9614 0.0643 -0.2674
vn 0.9500 0.1874 0.2499
vn 0.7011 0.1352 0.7001
vn 0.2637 0.0466 0.9635
vn -0.2450 -0.0546 0.9680
vn -0.6874 -0.1410 0.7125
vn -0.9450 -0.1895 0.2667
vn -0.9500 -0.1874 -0.2499
vn -0.7011 -0.1352 -0.7001
vn -0.2637 -0.0466 -0.9635
vn 0.2450 0.0546 -0.9680
vn 0.6874 0.1410 -0.7125
vn 0.9450 0.1895 -0.2667
vn 0.9173 0.3095 0.2507
vn 0.6771 0.2246 0.7007
vn 0.2550 0.0793 0.9637
vn -0.2362 -0.0874 0.9678
vn -0.6634 -0.2305 0.7119
vn -0.9123 -0.3116 0.2659
vn -0.9173 -0.3095 -0.2507
vn -0.6771 -0.2246 -0.7007
vn -0.2550 -0.0793 -0.9637
vn 0.2362 0.0874 -0.9678
vn 0.6634 0.2305 -0.7119
vn 0.9123 0.3116 -0.2659
vn 0.8689 0.4262 0.2516
vn 0.6417 0.3101 0.7014
vn 0.2420 0.1107 0.9639
vn -0.2232 -0.1187 0.9675
vn -0.6280 -0.3160 0.7112
vn -0.8639 -0.4284 0.2649
vn -0.8689 -0.4262 -0.2516
vn -0.6417 -0.3101 -0.7014
vn -0.2420 -0.1107 -0.9639
vn 0.2232 0.1187 -0.9675
vn 0.6280 0.3160 -0.7112
vn 0.8639 0.4284 -0.2649
vn 0.8057 0.5356 0.2527
vn 0.5954 0.3903 0.7022
vn 0.2250 0.1401 0.9642
vn -0.2062 -0.1481 0.9672
vn -0.5817 -0.3962 0.7104
vn -0.8007 -0.5378 0.2639
vn -0.8057 -0.5356 -0.2527
vn -0.5954 -0.3903 -0.7022
vn -0.2250 -0.1401 -0.9642
vn 0.2062 0.1481 -0.9672
vn 0.5817 0.3962 -0.7104
vn 0.8007 0.5378 -0.2639
vn 0.7288 0.6359 0.2539
vn 0.5391 0.4638 0.7031
vn 0.2044 0.1670 0.9645
vn -0.1856 -0.1750 0.9669
vn -0.5253 -0.4697 0.7095
vn -0.7238 -0.6380 0.2627
vn -0.7288 -0.6359 -0.2539
vn -0.5391 -0.4638 -0.7031
vn -0.2044 -0.1670 -0.9645
vn 0.1856 0.1750 -0.9669
vn 0.5253 0.4697 -0.7095
vn 0.7238 0.6380 -0.2627
vn 0.6395 0.7252 0.2551
vn 0.4736 0.5293 0.7040
vn 0.1804 0.1910 0.9649
vn -0.1616 -0.1990 0.9666
vn -0.4599 -0.5351 0.7086
vn -0.6345 -0.7274 0.2615
vn -0.6395 -0.7252 -0.2551
vn -0.4736 -0.5293 -0.7040
vn -0.1804 -0.1910 -0.9649
vn 0.1616 0.1990 -0.9666
vn 0.4599 0.5351 -0.7086
vn 0.6345 0.7274 -0.2615
vn 0.5392 0.8022 0.2564
vn 0.4001 0.5856 0.7049
vn 0.1535 0.2116 0.9652
vn -0.1347 -0.2197 0.9662
vn -0.3864 -0.5915 0.7077
vn -0.5342 -0.8043 0.2602
vn -0.5392 -0.8022 -0.2564
vn -0.4001 -0.5856 -0.7049
vn -0.1535 -0.2116 -0.9652
vn 0.1347 0.2197 -0.9662
vn 0.3864 0.5915 -0.7077
vn 0.5342 0.8043 -0.2602
vn 0.4298 0.8654 0.2577
vn 0.3200 0.6319 0.7059
vn 0.1241 0.2286 0.9656
vn -0.1053 -0.2366 0.9659
vn -0.3062 -0.6378 0.7067
vn -0.4248 -0.8675 0.2588
vn -0.4298 -0.8654 -0.2577
vn -0.3200 -0.6319 -0.7059
vn -0.1241 -0.2286 -0.9656
vn 0.1053 0.2366 -0.9659
vn 0.3062 0.6378 -0.7067
vn 0.4248 0.8675 -0.2588
vn 0.3131 0.9137 0.2591
vn 0.2344 0.6673 0.7069
vn 0.0928 0.2415 0.9659
vn -0.0740 -0.2496 0.9655
vn -0.2207 -0.6732 0.7057
vn -0.3080 -0.9159 0.2575
vn -0.3131 -0.9137 -0.2591
vn -0.2344 -0.6673 -0.7069
vn -0.0928 -0.2415 -0.9659
vn 0.0740 0.2496 -0.9655
vn 0.2207 0.6732 -0.7057
vn 0.3080 0.9159 -0.2575
vn 0.1910 0.9464 0.2604
vn 0.1450 0.6913 0.7079
vn 0.0600 0.2503 0.9663
vn -0.0412 -0.2584 0.9652
vn -0.1313 -0.6972 0.7048
vn -0.1860 -0.9486 0.2562
vn -0.1910 -0.9464 -0.2604
vn -0.1450 -0.6913 -0.7079
vn -0.0600 -0.2503 -0.9663
vn 0.0412 0.2584 -0.9652
vn 0.1312 0.6972 -0.7048
vn 0.1860 0.9486 -0.2562
vn 0.0657 0.9629 0.2617
vn 0.0532 0.7034 0.7088
vn 0.0264 0.2548 0.9666
vn -0.0076 -0.2628 0.9648
vn -0.0395 -0.7093 0.7038
vn -0.0607 -0.9651 0.2549
vn -0.0657 -0.9629 -0.2617
vn -0.0532 -0.7034 -0.7088
vn -0.0264 -0.2548 -0.9666
vn 0.0076 0.2628 -0.9648
vn 0.0395 0.7093 -0.7038
vn 0.0607 0.9651 -0.2549
vn 0.9665 -0.0643 0.2487
vn 0.1313 0.6972 -0.7048
vt 0.500000 0.500000
vt 0.520833 0.500000
vt 0.520833 0.583333
vt 0.500000 0.583333
vt 0.520833 0.666667
vt 0.500000 0.666667
vt 0.520833 0.750000
vt 0.500000 0.750000
vt 0.520833 0.833333
vt 0.500000 0.833333
vt 0.520833 0.916667
vt 0.500000 0.916667
vt 0.520833 1.000000
vt 0.500000 1.000000
vt 0.500000 0.000000
vt 0.520833 0.000000
vt 0.520833 0.083333
vt 0.500000 0.083333
vt 0.520833 0.166667
vt 0.500000 0.166667
vt 0.520833 0.250000
vt 0.500000 0.250000
vt 0.520833 0.333333
vt 0.500000 0.333333
vt 0.520833 0.416667
vt 0.500000 0.416667
vt 0.541667 0.500000
vt 0.541667 0.583333
vt 0.541667 0.666667
vt 0.541667 0.750000
vt 0.541667 0.833333
vt 0.541667 0.916667
vt 0.541667 1.000000
vt 0.541667 0.000000
vt 0.541667 0.083333
vt 0.541667 0.166667
vt 0.541667 0.250000
vt 0.541667 0.333333
vt 0.541667 0.416667
vt 0.562500 0.500000
vt 0.562500 0.583333
vt 0.562500 0.666667
vt 0.562500 0.750000
vt 0.562500 0.833333
vt 0.562500 0.916667
vt 0.562500 1.000000
vt 0.562500 0.000000
vt 0.562500 0.083333
vt 0.562500 0.166667
vt 0.562500 0.250000
vt 0.562500 0.333333
vt 0.562500 0.416667
vt 0.583333 0.500000
vt 0.583333 0.583333
vt 0.583333 0.666667
vt 0.583333 0.750000
vt 0.583333 0.833333
vt 0.583333 0.916667
vt 0.583333 1.000000
vt 0.583333 0.000000
vt 0.583333 0.083333
vt 0.583333 0.166667
vt 0.583333 0.250000
vt 0.583333 0.333333
vt 0.583333 0.416667
vt 0.604167 0.500000
vt 0.604167 0.583333
vt 0.604167 0.666667
vt 0.604167 0.750000
vt 0.604167 0.833333
vt 0.604167 0.916667
vt 0.604167 1.000000
vt 0.604167 0.000000
vt 0.604167 0.083333
vt 0.604167 0.166667
vt 0.604167 0.250000
vt 0.604167 0.333333
vt 0.604167 0.416667
vt 0.625000 0.500000
vt 0.625000 0.583333
vt 0.625000 0.666667
vt 0.625000 0.750000
vt 0.625000 0.833333
vt 0.625000 0.916667
vt 0.625000 1.000000
vt 0.625000 0.000000
vt 0.625000 0.083333
vt 0.625000 0.166667
vt 0.625000 0.250000
vt 0.625000 0.333333
vt 0.625000 0.416667
vt 0.645833 0.500000
vt 0.645833 0.583333
vt 0.645833 0.666667
vt 0.645833 0.750000
vt 0.645833 0.833333
vt 0.645833 0.916667
vt 0.645833 1.000000
vt 0.645833 0.000000
vt 0.645833 0.083333
vt 0.645833 0.166667
vt 0.645833 0.250000
vt 0.645833 0.333333
vt 0.645833 0.416667
vt 0.666667 0.500000
vt 0.666667 0.583333
vt 0.666667 0.666667
vt 0.666667 0.750000
vt 0.666667 0.833333
vt 0.666667 0.916667
vt 0.666667 1.000000
vt 0.666667 0.000000
vt 0.666667 0.083333
vt 0.666667 0.166667
vt 0.666667 0.250000
vt 0.666667 0.333333
vt 0.666667 0.416667
vt 0.687500 0.500000
vt 0.687500 0.583333
vt 0.687500 0.666667
vt 0.687500 0.750000
vt 0.687500 0.833333
vt 0.687500 0.916667
vt 0.687500 1.000000
vt 0.687500 0.000000
vt 0.687500 0.083333
vt 0.687500 0.166667
vt 0.687500 0.250000
vt 0.687500 0.333333
vt 0.687500 0.416667
vt 0.708333 0.500000
vt 0.708333 0.583333
vt 0.708333 0.666667
vt 0.708333 0.750000
vt 0.708333 0.833333
vt 0.708333 0.916667
vt 0.708333 1.000000
vt 0.708333 0.000000
vt 0.708333 0.083333
vt 0.708333 0.166667
vt 0.708333 0.250000
vt 0.708333 0.333333
vt 0.708333 0.416667
vt 0.729167 0.500000
vt 0.729167 0.583333
vt 0.729167 0.666667
vt 0.729167 0.750000
vt 0.729167 0.833333
vt 0.729167 0.916667
vt 0.729167 1.000000
vt 0.729167 0.000000
vt 0.729167 0.083333
vt 0.729167 0.166667
vt 0.729167 0.250000
vt 0.729167 0.333333
vt 0.729167 0.416667
vt 0.750000 0.500000
vt 0.750000 0.583333
vt 0.750000 0.666667
vt 0.750000 0.750000
vt 0.750000 0.833333
vt 0.750000 0.916667
vt 0.750000 1.000000
vt 0.750000 0.000000
vt 0.750000 0.083333
vt 0.750000 0.166667
vt 0.750000 0.250000
vt 0.750000 0.333333
vt 0.750000 0.416667
vt 0.770833 0.500000
vt 0.770833 0.583333
vt 0.770833 0.666667
vt 0.770833 0.750000
vt 0.770833 0.833333
vt 0.770833 0.916667
vt 0.770833 1.000000
vt 0.770833 0.000000
vt 0.770833 0.083333
vt 0.770833 0.166667
vt 0.770833 0.250000
vt 0.770833 0.333333
vt 0.770833 0.416667
vt 0.791667 0.500000
vt 0.791667 0.583333
vt 0.791667 0.666667
vt 0.791667 0.750000
vt 0.791667 0.833333
vt 0.791667 0.916667
vt 0.791667 1.000000
vt 0.791667 0.000000
vt 0.791667 0.083333
vt 0.791667 0.166667
vt 0.791667 0.250000
vt 0.791667 0.333333
vt 0.791667 0.416667
vt 0.812500 0.500000
vt 0.812500 0.583333
vt 0.812500 0.666667
vt 0.812500 0.750000
vt 0.812500 0.833333
vt 0.812500 0.916667
vt 0.812500 1.000000
vt 0.812500 0.000000
vt 0.812500 0.083333
vt 0.812500 0.166667
vt 0.812500 0.250000
vt 0.812500 0.333333
vt 0.812500 0.416667
vt 0.833333 0.500000
vt 0.833333 0.583333
vt 0.833333 0.666667
vt 0.833333 0.750000
vt 0.833333 0.833333
vt 0.833333 0.916667
vt 0.833333 1.000000
vt 0.833333 0.000000
vt 0.833333 0.083333
vt 0.833333 0.166667
vt 0.833333 0.250000
vt 0.833333 0.333333
vt 0.833333 0.416667
vt 0.854167 0.500000
vt 0.854167 0.583333
vt 0.854167 0.666667
vt 0.854167 0.750000
vt 0.854167 0.833333
vt 0.854167 0.916667
vt 0.854167 1.000000
vt 0.854167 0.000000
vt 0.854167 0.083333
vt 0.854167 0.166667
vt 0.854167 0.250000
vt 0.854167 0.333333
vt 0.854167 0.416667
vt 0.875000 0.500000
vt 0.875000 0.583333
vt 0.875000 0.666667
vt 0.875000 0.750000
vt 0.875000 0.833333
vt 0.875000 0.916667
vt 0.875000 1.000000
vt 0.875000 0.000000
vt 0.875000 0.083333
vt 0.875000 0.166667
vt 0.875000 0.250000
vt 0.875000 0.333333
vt 0.875000 0.416667
vt 0.895833 0.500000
vt 0.895833 0.583333
vt 0.895833 0.666667
vt 0.895833 0.750000
vt 0.895833 0.833333
vt 0.895833 0.916667
vt 0.895833 1.000000
vt 0.895833 0.000000
vt 0.895833 0.083333
vt 0.895833 0.166667
vt 0.895833 0.250000
vt 0.895833 0.333333
vt 0.895833 0.416667
vt 0.916667 0.500000
vt 0.916667 0.583333
vt 0.916667 0.666667
vt 0.916667 0.750000
vt 0.916667 0.833333
vt 0.916667 0.916667
vt 0.916667 1.000000
vt 0.916667 0.000000
vt 0.916667 0.083333
vt 0.916667 0.166667
vt 0.916667 0.250000
vt 0.916667 0.333333
vt 0.916667 0.416667
vt 0.937500 0.500000
vt 0.937500 0.583333
vt 0.937500 0.666667
vt 0.937500 0.750000
vt 0.937500 0.833333
vt 0.937500 0.916667
vt 0.937500 1.000000
vt 0.937500 0.000000
vt 0.937500 0.083333
vt 0.937500 0.166667
vt 0.937500 0.250000
vt 0.937500 0.333333
vt 0.937500 0.416667
vt 0.958333 0.500000
vt 0.958333 0.583333
vt 0.958333 0.666667
vt 0.958333 0.750000
vt 0.958333 0.833333
vt 0.958333 0.916667
vt 0.958333 1.000000
vt 0.958333 0.000000
vt 0.958333 0.083333
vt 0.958333 0.166667
vt 0.958333 0.250000
vt 0.958333 0.333333
vt 0.958333 0.416667
vt 0.979167 0.500000
vt 0.979167 0.583333
vt 0.979167 0.666667
vt 0.979167 0.750000
vt 0.979167 0.833333
vt 0.979167 0.916667
vt 0.979167 1.000000
vt 0.979167 0.000000
vt 0.979167 0.083333
vt 0.979167 0.166667
vt 0.979167 0.250000
vt 0.979167 0.333333
vt 0.979167 0.416667
vt 1.000000 0.500000
vt 1.000000 0.583333
vt 1.000000 0.666667
vt 1.000000 0.750000
vt 1.000000 0.833333
vt 1.000000 0.916667
vt 1.000000 1.000000
vt 1.000000 0.000000
vt 1.000000 0.083333
vt 1.000000 0.166667
vt 1.000000 0.250000
vt 1.000000 0.333333
vt 1.000000 0.416667
vt 0.000000 0.500000
vt 0.020833 0.500000
vt 0.020833 0.583333
vt 0.000000 0.583333
vt 0.020833 0.666667
vt 0.000000 0.666667
vt 0.020833 0.750000
vt 0.000000 0.750000
vt 0.020833 0.833333
vt 0.000000 0.833333
vt 0.020833 0.916667
vt 0.000000 0.916667
vt 0.020833 1.000000
vt 0.000000 1.000000
vt 0.000000 0.000000
vt 0.020833 0.000000
vt 0.020833 0.083333
vt 0.000000 0.083333
vt 0.020833 0.166667
vt 0.000000 0.166667
vt 0.020833 0.250000
vt 0.000000 0.250000
vt 0.020833 0.333333
vt 0.000000 0.333333
vt 0.020833 0.416667
vt 0.000000 0.416667
vt 0.041667 0.500000
vt 0.041667 0.583333
vt 0.041667 0.666667
vt 0.041667 0.750000
vt 0.041667 0.833333
vt 0.041667 0.916667
vt 0.041667 1.000000
vt 0.041667 0.000000
vt 0.041667 0.083333
vt 0.041667 0.166667
vt 0.041667 0.250000
vt 0.041667 0.333333
vt 0.041667 0.416667
vt 0.062500 0.500000
vt 0.062500 0.583333
vt 0.062500 0.666667
vt 0.062500 0.750000
vt 0.062500 0.833333
vt 0.062500 0.916667
vt 0.062500 1.000000
vt 0.062500 0.000000
vt 0.062500 0.083333
vt 0.062500 0.166667
vt 0.062500 0.250000
vt 0.062500 0.333333
vt 0.062500 0.416667
vt 0.083333 0.500000
vt 0.083333 0.583333
vt 0.083333 0.666667
vt 0.083333 0.750000
vt 0.083333 0.833333
vt 0.083333 0.916667
vt 0.083333 1.000000
vt 0.083333 0.000000
vt 0.083333 0.083333
vt 0.083333 0.166667
vt 0.083333 0.250000
vt 0.083333 0.333333
vt 0.083333 0.416667
vt 0.104167 0.500000
vt 0.104167 0.583333
vt 0.104167 0.666667
vt 0.104167 0.750000
vt 0.104167 0.833333
vt 0.104167 0.916667
vt 0.104167 1.000000
vt 0.104167 0.000000
vt 0.104167 0.083333
vt 0.104167 0.166667
vt 0.104167 0.250000
vt 0.104167 0.333333
vt 0.104167 0.416667
vt 0.125000 0.500000
vt 0.125000 0.583333
vt 0.125000 0.666667
vt 0.125000 0.750000
vt 0.125000 0.833333
vt 0.125000 0.916667
vt 0.125000 1.000000
vt 0.125000 0.000000
vt 0.125000 0.083333
vt 0.125000 0.166667
vt 0.125000 0.250000
vt 0.125000 0.333333
vt 0.125000 0.416667
vt 0.145833 0.500000
vt 0.145833 0.583333
vt 0.145833 0.666667
vt 0.145833 0.750000
vt 0.145833 0.833333
vt 0.145833 0.916667
vt 0.145833 1.000000
vt 0.145833 0.000000
vt 0.145833 0.083333
vt 0.145833 0.166667
vt 0.145833 0.250000
vt 0.145833 0.333333
vt 0.145833 0.416667
vt 0.166667 0.500000
vt 0.166667 0.583333
vt 0.166667 0.666667
vt 0.166667 0.750000
vt 0.166667 0.833333
vt 0.166667 0.916667
vt 0.166667 1.000000
vt 0.166667 0.000000
vt 0.166667 0.083333
vt 0.166667 0.166667
vt 0.166667 0.250000
vt 0.166667 0.333333
vt 0.166667 0.416667
vt 0.187500 0.500000
vt 0.187500 0.583333
vt 0.187500 0.666667
vt 0.187500 0.750000
vt 0.187500 0.833333
vt 0.187500 0.916667
vt 0.187500 1.000000
vt 0.187500 0.000000
vt 0.187500 0.083333
vt 0.187500 0.166667
vt 0.187500 0.250000
vt 0.187500 0.333333
vt 0.187500 0.416667
vt 0.208333 0.500000
vt 0.208333 0.583333
vt 0.208333 0.666667
vt 0.208333 0.750000
vt 0.208333 0.833333
vt 0.208333 0.916667
vt 0.208333 1.000000
vt 0.208333 0.000000
vt 0.208333 0.083333
vt 0.208333 0.166667
vt 0.208333 0.250000
vt 0.208333 0.333333
vt 0.208333 0.416667
vt 0.229167 0.500000
vt 0.229167 0.583333
vt 0.229167 0.666667
vt 0.229167 0.750000
vt 0.229167 0.833333
vt 0.229167 0.916667
vt 0.229167 1.000000
vt 0.229167 0.000000
vt 0.229167 0.083333
vt 0.229167 0.166667
vt 0.229167 0.250000
vt 0.229167 0.333333
vt 0.229167 0.416667
vt 0.250000 0.500000
vt 0.250000 0.583333
vt 0.250000 0.666667
vt 0.250000 0.750000
vt 0.250000 0.833333
vt 0.250000 0.916667
vt 0.250000 1.000000
vt 0.250000 0.000000
vt 0.250000 0.083333
vt 0.250000 0.166667
vt 0.250000 0.250000
vt 0.250000 0.333333
vt 0.250000 0.416667
vt 0.270833 0.500000
vt 0.270833 0.583333
vt 0.270833 0.666667
vt 0.270833 0.750000
vt 0.270833 0.833333
vt 0.270833 0.916667
vt 0.270833 1.000000
vt 0.270833 0.000000
vt 0.270833 0.083333
vt 0.270833 0.166667
vt 0.270833 0.250000
vt 0.270833 0.333333
vt 0.270833 0.416667
vt 0.291667 0.500000
vt 0.291667 0.583333
vt 0.291667 0.666667
vt 0.291667 0.750000
vt 0.291667 0.833333
vt 0.291667 0.916667
vt 0.291667 1.000000
vt 0.291667 0.000000
vt 0.291667 0.083333
vt 0.291667 0.166667
vt 0.291667 0.250000
vt 0.291667 0.333333
vt 0.291667 0.416667
vt 0.312500 0.500000
vt 0.312500 0.583333
vt 0.312500 0.666667
vt 0.312500 0.750000
vt 0.312500 0.833333
vt 0.312500 0.916667
vt 0.312500 1.000000
vt 0.312500 0.000000
vt 0.312500 0.083333
vt 0.312500 0.166667
vt 0.312500 0.250000
vt 0.312500 0.333333
vt 0.312500 0.416667
vt 0.333333 0.500000
vt 0.333333 0.583333
vt 0.333333 0.666667
vt 0.333333 0.750000
vt 0.333333 0.833333
vt 0.333333 0.916667
vt 0.333333 1.000000
vt 0.333333 0.000000
vt 0.333333 0.083333
vt 0.333333 0.166667
vt 0.333333 0.250000
vt 0.333333 0.333333
vt 0.333333 0.416667
vt 0.354167 0.500000
vt 0.354167 0.583333
vt 0.354167 0.666667
vt 0.354167 0.750000
vt 0.354167 0.833333
vt 0.354167 0.916667
vt 0.354167 1.000000
vt 0.354167 0.000000
vt 0.354167 0.083333
vt 0.354167 0.166667
vt 0.354167 0.250000
vt 0.354167 0.333333
vt 0.354167 0.416667
vt 0.375000 0.500000
vt 0.375000 0.583333
vt 0.375000 0.666667
vt 0.375000 0.750000
vt 0.375000 0.833333
vt 0.375000 0.916667
vt 0.375000 1.000000
vt 0.375000 0.000000
vt 0.375000 0.083333
vt 0.375000 0.166667
vt 0.375000 0.250000
vt 0.375000 0.333333
vt 0.375000 0.416667
vt 0.395833 0.500000
vt 0.395833 0.583333
vt 0.395833 0.666667
vt 0.395833 0.750000
vt 0.395833 0.833333
vt 0.395833 0.916667
vt 0.395833 1.000000
vt 0.395833 0.000000
vt 0.395833 0.083333
vt 0.395833 0.166667
vt 0.395833 0.250000
vt 0.395833 0.333333
vt 0.395833 0.416667
vt 0.416667 0.500000
vt 0.416667 0.583333
vt 0.416667 0.666667
vt 0.416667 0.750000
vt 0.416667 0.833333
vt 0.416667 0.916667
vt 0.416667 1.000000
vt 0.416667 0.000000
vt 0.416667 0.083333
vt 0.416667 0.166667
vt 0.416667 0.250000
vt 0.416667 0.333333
vt 0.416667 0.416667
vt 0.437500 0.500000
vt 0.437500 0.583333
vt 0.437500 0.666667
vt 0.437500 0.750000
vt 0.437500 0.833333
vt 0.437500 0.916667
vt 0.437500 1.000000
vt 0.437500 0.000000
vt 0.437500 0.083333
vt 0.437500 0.166667
vt 0.437500 0.250000
vt 0.437500 0.333333
vt 0.437500 0.416667
vt 0.458333 0.500000
vt 0.458333 0.583333
vt 0.458333 0.666667
vt 0.458333 0.750000
vt 0.458333 0.833333
vt 0.458333 0.916667
vt 0.458333 1.000000
vt 0.458333 0.000000
vt 0.458333 0.083333
vt 0.458333 0.166667
vt 0.458333 0.250000
vt 0.458333 0.333333
vt 0.458333 0.416667
vt 0.479167 0.500000
vt 0.479167 0.583333
vt 0.479167 0.666667
vt 0.479167 0.750000
vt 0.479167 0.833333
vt 0.479167 0.916667
vt 0.479167 1.000000
vt 0.479167 0.000000
vt 0.479167 0.083333
vt 0.479167 0.166667
vt 0.479167 0.250000
vt 0.479167 0.333333
vt 0.479167 0.416667
s 0
f 4360/727/524 4372/728/524 4373/729/524 4361/730/524
f 4361/730/525 4373/729/525 4374/731/525 4362/732/525
f 4362/732/526 4374/731/526 4375/733/526 4363/734/526
f 4363/734/527 4375/733/527 4376/735/527 4364/736/527
f 4364/736/528 4376/735/528 4377/737/528 4365/738/528
f 4365/738/529 4377/737/529 4378/739/529 4366/740/529
f 4366/741/530 4378/742/530 4379/743/530 4367/744/530
f 4367/744/531 4379/743/531 4380/745/531 4368/746/531
f 4368/746/532 4380/745/532 4381/747/532 4369/748/532
f 4369/748/533 4381/747/533 4382/749/533 4370/750/533
f 4370/750/534 4382/749/534 4383/751/534 4371/752/534
f 4371/752/535 4383/751/535 4372/728/535 4360/727/535
f 4372/728/536 4384/753/536 4385/754/536 4373/729/536
f 4373/729/537 4385/754/537 4386/755/537 4374/731/537
f 4374/731/538 4386/755/538 4387/756/538 4375/733/538
f 4375/733/539 4387/756/539 4388/757/539 4376/735/539
f 4376/735/540 4388/757/540 4389/758/540 4377/737/540
f 4377/737/541 4389/758/541 4390/759/541 4378/739/541
f 4378/742/542 4390/760/542 4391/761/542 4379/743/542
f 4379/743/543 4391/761/543 4392/762/543 4380/745/543
f 4380/745/544 4392/762/544 4393/763/544 4381/747/544
f 4381/747/545 4393/763/545 4394/764/545 4382/749/545
f 4382/749/546 4394/764/546 4395/765/546 4383/751/546
f 4383/751/547 4395/765/547 4384/753/547 4372/728/547
f 4384/753/548 4396/766/548 4397/767/548 4385/754/548
f 4385/754/549 4397/767/549 4398/768/549 4386/755/549
f 4386/755/550 4398/768/550 4399/769/550 4387/756/550
f 4387/756/551 4399/769/551 4400/770/551 4388/757/551
f 4388/757/552 4400/770/552 4401/771/552 4389/758/552
f 4389/758/553 4401/771/553 4402/772/553 4390/759/553
f 4390/760/554 4402/773/554 4403/774/554 4391/761/554
f 4391/761/555 4403/774/555 4404/775/555 4392/762/555
f 4392/762/556 4404/775/556 4405/776/556 4393/763/556
f 4393/763/557 4405/776/557 4406/777/557 4394/764/557
f 4394/764/558 4406/777/558 4407/778/558 4395/765/558
f 4395/765/559 4407/778/559 4396/766/559 4384/753/559
f 4396/766/560 4408/779/560 4409/780/560 4397/767/560
f 4397/767/561 4409/780/561 4410/781/561 4398/768/561
f 4398/768/562 4410/781/562 4411/782/562 4399/769/562
f 4399/769/563 4411/782/563 4412/783/563 4400/770/563
f 4400/770/564 4412/783/564 4413/784/564 4401/771/564
f 4401/771/565 4413/784/565 4414/785/565 4402/772/565
f 4402/773/566 4414/786/566 4415/787/566 4403/774/566
f 4403/774/567 4415/787/567 4416/788/567 4404/775/567
f 4404/775/568 4416/788/568 4417/789/568 4405/776/568
f 4405/776/569 4417/789/569 4418/790/569 4406/777/569
f 4406/777/570 4418/790/570 4419/791/570 4407/778/570
f 4407/778/571 4419/791/571 4408/779/571 4396/766/571
f 4408/779/572 4420/792/572 4421/793/572 4409/780/572
f 4409/780/573 4421/793/573 4422/794/573 4410/781/573
f 4410/781/574 4422/794/574 4423/795/574 4411/782/574
f 4411/782/575 4423/795/575 4424/796/575 4412/783/575
f 4412/783/576 4424/796/576 4425/797/576 4413/784/576
f 4413/784/577 4425/797/577 4426/798/577 4414/785/577
f 4414/786/578 4426/799/578 4427/800/578 4415/787/578
f 4415/787/579 4427/800/579 4428/801/579 4416/788/579
f 4416/788/580 4428/801/580 4429/802/580 4417/789/580
f 4417/789/581 4429/802/581 4430/803/581 4418/790/581
f 4418/790/582 4430/803/582 4431/804/582 4419/791/582
f 4419/791/583 4431/804/583 4420/792/583 4408/779/583
f 4420/792/584 4432/805/584 4433/806/584 4421/793/584
f 4421/793/585 4433/806/585 4434/807/585 4422/794/585
f 4422/794/586 4434/807/586 4435/808/586 4423/795/586
f 4423/795/587 4435/808/587 4436/809/587 4424/796/587
f 4424/796/588 4436/809/588 4437/810/588 4425/797/588
f 4425/797/589 4437/810/589 4438/811/589 4426/798/589
f 4426/799/590 4438/812/590 4439/813/590 4427/800/590
f 4427/800/591 4439/813/591 4440/814/591 4428/801/591
f 4428/801/592 4440/814/592 4441/815/592 4429/802/592
f 4429/802/593 4441/815/593 4442/816/593 4430/803/593
f 4430/803/594 4442/816/594 4443/817/594 4431/804/594
f 4431/804/595 4443/817/595 4432/805/595 4420/792/595
f 4432/805/596 4444/818/596 4445/819/596 4433/806/596
f 4433/806/597 4445/819/597 4446/820/597 4434/807/597
f 4434/807/598 4446/820/598 4447/821/598 4435/808/598
f 4435/808/599 4447/821/599 4448/822/599 4436/809/599
f 4436/809/600 4448/822/600 4449/823/600 4437/810/600
f 4437/810/601 4449/823/601 4450/824/601 4438/811/601
f 4438/812/602 4450/825/602 4451/826/602 4439/813/602
f 4439/813/603 4451/826/603 4452/827/603 4440/814/603
f 4440/814/604 4452/827/604 4453/828/604 4441/815/604
f 4441/815/605 4453/828/605 4454/829/605 4442/816/605
f 4442/816/606 4454/829/606 4455/830/606 4443/817/606
f 4443/817/607 4455/830/607 4444/818/607 4432/805/607
f 4444/818/608 4456/831/608 4457/832/608 4445/819/608
f 4445/819/609 4457/832/609 4458/833/609 4446/820/609
f 4446/820/610 4458/833/610 4459/834/610 4447/821/610
f 4447/821/611 4459/834/611 4460/835/611 4448/822/611
f 4448/822/612 4460/835/612 4461/836/612 4449/823/612
f 4449/823/613 4461/836/613 4462/837/613 4450/824/613
f 4450/825/614 4462/838/614 4463/839/614 4451/826/614
f 4451/826/615 4463/839/615 4464/840/615 4452/827/615
f 4452/827/616 4464/840/616 4465/841/616 4453/828/616
f 4453/828/617 4465/841/617 4466/842/617 4454/829/617
f 4454/829/618 4466/842/618 4467/843/618 4455/830/618
f 4455/830/619 4467/843/619 4456/831/619 4444/818/619
f 4456/831/620 4468/844/620 4469/845/620 4457/832/620
f 4457/832/621 4469/845/621 4470/846/621 4458/833/621
f 4458/833/622 4470/846/622 4471/847/622 4459/834/622
f 4459/834/623 4471/847/623 4472/848/623 4460/835/623
f 4460/835/624 4472/848/624 4473/849/624 4461/836/624
f 4461/836/625 4473/849/625 4474/850/625 4462/837/625
f 4462/838/626 4474/851/626 4475/852/626 4463/839/626
f 4463/839/627 4475/852/627 4476/853/627 4464/840/627
f 4464/840/628 4476/853/628 4477/854/628 4465/841/628
f 4465/841/629 4477/854/629 4478/855/629 4466/842/629
f 4466/842/630 4478/855/630 4479/856/630 4467/843/630
f 4467/843/631 4479/856/631 4468/844/631 4456/831/631
f 4468/844/632 4480/857/632 4481/858/632 4469/845/632
f 4469/845/633 4481/858/633 4482/859/633 4470/846/633
f 4470/846/634 4482/859/634 4483/860/634 4471/847/634
f 4471/847/635 4483/860/635 4484/861/635 4472/848/635
f 4472/848/636 4484/861/636 4485/862/636 4473/849/636
f 4473/849/637 4485/862/637 4486/863/637 4474/850/637
f 4474/851/638 4486/864/638 4487/865/638 4475/852/638
f 4475/852/639 4487/865/639 4488/866/639 4476/853/639
f 4476/853/640 4488/866/640 4489/867/640 4477/854/640
f 4477/854/641 4489/867/641 4490/868/641 4478/855/641
f 4478/855/642 4490/868/642 4491/869/642 4479/856/642
f 4479/856/643 4491/869/643 4480/857/643 4468/844/643
f 4480/857/644 4492/870/644 4493/871/644 4481/858/644
f 4481/858/645 4493/871/645 4494/872/645 4482/859/645
f 4482/859/646 4494/872/646 4495/873/646 4483/860/646
f 4483/860/647 4495/873/647 4496/874/647 4484/861/647
f 4484/861/648 4496/874/648 4497/875/648 4485/862/648
f 4485/862/649 4497/875/649 4498/876/649 4486/863/649
f 4486/864/650 4498/877/650 4499/878/650 4487/865/650
f 4487/865/651 4499/878/651 4500/879/651 4488/866/651
f 4488/866/652 4500/879/652 4501/880/652 4489/867/652
f 4489/867/653 4501/880/653 4502/881/653 4490/868/653
f 4490/868/654 4502/881/654 4503/882/654 4491/869/654
f 4491/869/655 4503/882/655 4492/870/655 4480/857/655
f 4492/870/656 4504/883/656 4505/884/656 4493/871/656
f 4493/871/657 4505/884/657 4506/885/657 4494/872/657
f 4494/872/658 4506/885/658 4507/886/658 4495/873/658
f 4495/873/659 4507/886/659 4508/887/659 4496/874/659
f 4496/874/660 4508/887/660 4509/888/660 4497/875/660
f 4497/875/661 4509/888/661 4510/889/661 4498/876/661
f 4498/877/662 4510/890/662 4511/891/662 4499/878/662
f 4499/878/663 4511/891/663 4512/892/663 4500/879/663
f 4500/879/664 4512/892/664 4513/893/664 4501/880/664
f 4501/880/665 4513/893/665 4514/894/665 4502/881/665
f 4502/881/666 4514/894/666 4515/895/666 4503/882/666
f 4503/882/667 4515/895/667 4504/883/667 4492/870/667
f 4504/883/668 4516/896/668 4517/897/668 4505/884/668
f 4505/884/669 4517/897/669 4518/898/669 4506/885/669
f 4506/885/670 4518/898/670 4519/899/670 4507/886/670
f 4507/886/671 4519/899/671 4520/900/671 4508/887/671
f 4508/887/672 4520/900/672 4521/901/672 4509/888/672
f 4509/888/673 4521/901/673 4522/902/673 4510/889/673
f 4510/890/674 4522/903/674 4523/904/674 4511/891/674
f 4511/891/675 4523/904/675 4524/905/675 4512/892/675
f 4512/892/676 4524/905/676 4525/906/676 4513/893/676
f 4513/893/677 4525/906/677 4526/907/677 4514/894/677
f 4514/894/678 4526/907/678 4527/908/678 4515/895/678
f 4515/895/679 4527/908/679 4516/896/679 4504/883/679
f 4516/896/680 4528/909/680 4529/910/680 4517/897/680
f 4517/897/681 4529/910/681 4530/911/681 4518/898/681
f 4518/898/682 4530/911/682 4531/912/682 4519/899/682
f 4519/899/683 4531/912/683 4532/913/683 4520/900/683
f 4520/900/684 4532/913/684 4533/914/684 4521/901/684
f 4521/901/685 4533/914/685 4534/915/685 4522/902/685
f 4522/903/686 4534/916/686 4535/917/686 4523/904/686
f 4523/904/687 4535/917/687 4536/918/687 4524/905/687
f 4524/905/688 4536/918/688 4537/919/688 4525/906/688
f 4525/906/689 4537/919/689 4538/920/689 4526/907/689
f 4526/907/690 4538/920/690 4539/921/690 4527/908/690
f 4527/908/691 4539/921/691 4528/909/691 4516/896/691
f 4528/909/692 4540/922/692 4541/923/692 4529/910/692
f 4529/910/693 4541/923/693 4542/924/693 4530/911/693
f 4530/911/694 4542/924/694 4543/925/694 4531/912/694
f 4531/912/695 4543/925/695 4544/926/695 4532/913/695
f 4532/913/696 4544/926/696 4545/927/696 4533/914/696
f 4533/914/697 4545/927/697 4546/928/697 4534/915/697
f 4534/916/698 4546/929/698 4547/930/698 4535/917/698
f 4535/917/699 4547/930/699 4548/931/699 4536/918/699
f 4536/918/700 4548/931/700 4549/932/700 4537/919/700
f 4537/919/701 4549/932/701 4550/933/701 4538/920/701
f 4538/920/702 4550/933/702 4551/934/702 4539/921/702
f 4539/921/703 4551/934/703 4540/922/703 4528/909/703
f 4540/922/704 4552/935/704 4553/936/704 4541/923/704
f 4541/923/705 4553/936/705 4554/937/705 4542/924/705
f 4542/924/706 4554/937/706 4555/938/706 4543/925/706
f 4543/925/707 4555/938/707 4556/939/707 4544/926/707
f 4544/926/708 4556/939/708 4557/940/708 4545/927/708
f 4545/927/709 4557/940/709 4558/941/709 4546/928/709
f 4546/929/710 4558/942/710 4559/943/710 4547/930/710
f 4547/930/711 4559/943/711 4560/944/711 4548/931/711
f 4548/931/712 4560/944/712 4561/945/712 4549/932/712
f 4549/932/713 4561/945/713 4562/946/713 4550/933/713
f 4550/933/714 4562/946/714 4563/947/714 4551/934/714
f 4551/934/715 4563/947/715 4552/935/715 4540/922/715
f 4552/935/716 4564/948/716 4565/949/716 4553/936/716
f 4553/936/717 4565/949/717 4566/950/717 4554/937/717
f 4554/937/718 4566/950/718 4567/951/718 4555/938/718
f 4555/938/719 4567/951/719 4568/952/719 4556/939/719
f 4556/939/720 4568/952/720 4569/953/720 4557/940/720
f 4557/940/721 4569/953/721 4570/954/721 4558/941/721
f 4558/942/722 4570/955/722 4571/956/722 4559/943/722
f 4559/943/723 4571/956/723 4572/957/723 4560/944/723
f 4560/944/724 4572/957/724 4573/958/724 4561/945/724
f 4561/945/725 4573/958/725 4574/959/725 4562/946/725
f 4562/946/726 4574/959/726 4575/960/726 4563/947/726
f 4563/947/727 4575/960/727 4564/948/727 4552/935/727
f 4564/948/728 4576/961/728 4577/962/728 4565/949/728
f 4565/949/729 4577/962/729 4578/963/729 4566/950/729
f 4566/950/730 4578/963/730 4579/964/730 4567/951/730
f 4567/951/731 4579/964/731 4580/965/731 4568/952/731
f 4568/952/732 4580/965/732 4581/966/732 4569/953/732
f 4569/953/733 4581/966/733 4582/967/733 4570/954/733
f 4570/955/734 4582/968/734 4583/969/734 4571/956/734
f 4571/956/735 4583/969/735 4584/970/735 4572/957/735
f 4572/957/736 4584/970/736 4585/971/736 4573/958/736
f 4573/958/737 4585/971/737 4586/972/737 4574/959/737
f 4574/959/738 4586/972/738 4587/973/738 4575/960/738
f 4575/960/739 4587/973/739 4576/961/739 4564/948/739
f 4576/961/740 4588/974/740 4589/975/740 4577/962/740
f 4577/962/741 4589/975/741 4590/976/741 4578/963/741
f 4578/963/742 4590/976/742 4591/977/742 4579/964/742
f 4579/964/743 4591/977/743 4592/978/743 4580/965/743
f 4580/965/744 4592/978/744 4593/979/744 4581/966/744
f 4581/966/745 4593/979/745 4594/980/745 4582/967/745
f 4582/968/746 4594/981/746 4595/982/746 4583/969/746
f 4583/969/747 4595/982/747 4596/983/747 4584/970/747
f 4584/970/748 4596/983/748 4597/984/748 4585/971/748
f 4585/971/749 4597/984/749 4598/985/749 4586/972/749
f 4586/972/750 4598/985/750 4599/986/750 4587/973/750
f 4587/973/751 4599/986/751 4588/974/751 4576/961/751
f 4588/974/752 4600/987/752 4601/988/752 4589/975/752
f 4589/975/753 4601/988/753 4602/989/753 4590/976/753
f 4590/976/754 4602/989/754 4603/990/754 4591/977/754
f 4591/977/755 4603/990/755 4604/991/755 4592/978/755
f 4592/978/756 4604/991/756 4605/992/756 4593/979/756
f 4593/979/757 4605/992/757 4606/993/757 4594/980/757
f 4594/981/758 4606/994/758 4607/995/758 4595/982/758
f 4595/982/759 4607/995/759 4608/996/759 4596/983/759
f 4596/983/760 4608/996/760 4609/997/760 4597/984/760
f 4597/984/761 4609/997/761 4610/998/761 4598/985/761
f 4598/985/762 4610/998/762 4611/999/762 4599/986/762
f 4599/986/763 4611/999/763 4600/987/763 4588/974/763
f 4600/987/764 4612/1000/764 4613/1001/764 4601/988/764
f 4601/988/765 4613/1001/765 4614/1002/765 4602/989/765
f 4602/989/766 4614/1002/766 4615/1003/766 4603/990/766
f 4603/990/767 4615/1003/767 4616/1004/767 4604/991/767
f 4604/991/768 4616/1004/768 4617/1005/768 4605/992/768
f 4605/992/769 4617/1005/769 4618/1006/769 4606/993/769
f 4606/994/770 4618/1007/770 4619/1008/770 4607/995/770
f 4607/995/771 4619/1008/771 4620/1009/771 4608/996/771
f 4608/996/772 4620/1009/772 4621/1010/772 4609/997/772
f 4609/997/773 4621/1010/773 4622/1011/773 4610/998/773
f 4610/998/774 4622/1011/774 4623/1012/774 4611/999/774
f 4611/999/775 4623/1012/775 4612/1000/775 4600/987/775
f 4612/1000/776 4624/1013/776 4625/1014/776 4613/1001/776
f 4613/1001/777 4625/1014/777 4626/1015/777 4614/1002/777
f 4614/1002/778 4626/1015/778 4627/1016/778 4615/1003/778
f 4615/1003/779 4627/1016/779 4628/1017/779 4616/1004/779
f 4616/1004/780 4628/1017/780 4629/1018/780 4617/1005/780
f 4617/1005/781 4629/1018/781 4630/1019/781 4618/1006/781
f 4618/1007/782 4630/1020/782 4631/1021/782 4619/1008/782
f 4619/1008/783 4631/1021/783 4632/1022/783 4620/1009/783
f 4620/1009/784 4632/1022/784 4633/1023/784 4621/1010/784
f 4621/1010/785 4633/1023/785 4634/1024/785 4622/1011/785
f 4622/1011/786 4634/1024/786 4635/1025/786 4623/1012/786
f 4623/1012/787 4635/1025/787 4624/1013/787 4612/1000/787
f 4624/1013/788 4636/1026/788 4637/1027/788 4625/1014/788
f 4625/1014/789 4637/1027/789 4638/1028/789 4626/1015/789
f 4626/1015/790 4638/1028/790 4639/1029/790 4627/1016/790
f 4627/1016/791 4639/1029/791 4640/1030/791 4628/1017/791
f 4628/1017/792 4640/1030/792 4641/1031/792 4629/1018/792
f 4629/1018/793 4641/1031/793 4642/1032/793 4630/1019/793
f 4630/1020/794 4642/1033/794 4643/1034/794 4631/1021/794
f 4631/1021/795 4643/1034/795 4644/1035/795 4632/1022/795
f 4632/1022/796 4644/1035/796 4645/1036/796 4633/1023/796
f 4633/1023/797 4645/1036/797 4646/1037/797 4634/1024/797
f 4634/1024/798 4646/1037/798 4647/1038/798 4635/1025/798
f 4635/1025/799 4647/1038/799 4636/1026/799 4624/1013/799
f 4636/1026/800 4648/1039/800 4649/1040/800 4637/1027/800
f 4637/1027/801 4649/1040/801 4650/1041/801 4638/1028/801
f 4638/1028/802 4650/1041/802 4651/1042/802 4639/1029/802
f 4639/1029/803 4651/1042/803 4652/1043/803 4640/1030/803
f 4640/1030/804 4652/1043/804 4653/1044/804 4641/1031/804
f 4641/1031/805 4653/1044/805 4654/1045/805 4642/1032/805
f 4642/1033/806 4654/1046/806 4655/1047/806 4643/1034/806
f 4643/1034/807 4655/1047/807 4656/1048/807 4644/1035/807
f 4644/1035/808 4656/1048/808 4657/1049/808 4645/1036/808
f 4645/1036/809 4657/1049/809 4658/1050/809 4646/1037/809
f 4646/1037/810 4658/1050/810 4659/1051/810 4647/1038/810
f 4647/1038/811 4659/1051/811 4648/1039/811 4636/1026/811
f 4648/1052/529 4660/1053/529 4661/1054/529 4649/1055/529
f 4649/1055/528 4661/1054/528 4662/1056/528 4650/1057/528
f 4650/1057/527 4662/1056/527 4663/1058/527 4651/1059/527
f 4651/1059/526 4663/1058/526 4664/1060/526 4652/1061/526
f 4652/1061/525 4664/1060/525 4665/1062/525 4653/1063/525
f 4653/1063/524 4665/1062/524 4666/1064/524 4654/1065/524
f 4654/1066/535 4666/1067/535 4667/1068/535 4655/1069/535
f 4655/1069/534 4667/1068/534 4668/1070/534 4656/1071/534
f 4656/1071/533 4668/1070/533 4669/1072/533 4657/1073/533
f 4657/1073/532 4669/1072/532 4670/1074/532 4658/1075/532
f 4658/1075/531 4670/1074/531 4671/1076/531 4659/1077/531
f 4659/1077/530 4671/1076/530 4660/1053/530 4648/1052/530
f 4660/1053/541 4672/1078/541 4673/1079/541 4661/1054/541
f 4661/1054/540 4673/1079/540 4674/1080/540 4662/1056/540
f 4662/1056/539 4674/1080/539 4675/1081/539 4663/1058/539
f 4663/1058/538 4675/1081/538 4676/1082/538 4664/1060/538
f 4664/1060/537 4676/1082/537 4677/1083/537 4665/1062/537
f 4665/1062/536 4677/1083/536 4678/1084/536 4666/1064/536
f 4666/1067/547 4678/1085/547 4679/1086/547 4667/1068/547
f 4667/1068/546 4679/1086/546 4680/1087/546 4668/1070/546
f 4668/1070/545 4680/1087/545 4681/1088/545 4669/1072/545
f 4669/1072/544 4681/1088/544 4682/1089/544 4670/1074/544
f 4670/1074/543 4682/1089/543 4683/1090/543 4671/1076/543
f 4671/1076/542 4683/1090/542 4672/1078/542 4660/1053/542
f 4672/1078/553 4684/1091/553 4685/1092/553 4673/1079/553
f 4673/1079/552 4685/1092/552 4686/1093/552 4674/1080/552
f 4674/1080/551 4686/1093/551 4687/1094/551 4675/1081/551
f 4675/1081/550 4687/1094/550 4688/1095/550 4676/1082/550
f 4676/1082/549 4688/1095/549 4689/1096/549 4677/1083/549
f 4677/1083/548 4689/1096/548 4690/1097/548 4678/1084/548
f 4678/1085/559 4690/1098/559 4691/1099/559 4679/1086/559
f 4679/1086/558 4691/1099/558 4692/1100/558 4680/1087/558
f 4680/1087/557 4692/1100/557 4693/1101/557 4681/1088/557
f 4681/1088/556 4693/1101/556 4694/1102/556 4682/1089/556
f 4682/1089/555 4694/1102/555 4695/1103/555 4683/1090/555
f 4683/1090/554 4695/1103/554 4684/1091/554 4672/1078/554
f 4684/1091/565 4696/1104/565 4697/1105/565 4685/1092/565
f 4685/1092/564 4697/1105/564 4698/1106/564 4686/1093/564
f 4686/1093/563 4698/1106/563 4699/1107/563 4687/1094/563
f 4687/1094/562 4699/1107/562 4700/1108/562 4688/1095/562
f 4688/1095/561 4700/1108/561 4701/1109/561 4689/1096/561
f 4689/1096/560 4701/1109/560 4702/1110/560 4690/1097/560
f 4690/1098/571 4702/1111/571 4703/1112/571 4691/1099/571
f 4691/1099/570 4703/1112/570 4704/1113/570 4692/1100/570
f 4692/1100/569 4704/1113/569 4705/1114/569 4693/1101/569
f 4693/1101/568 4705/1114/568 4706/1115/568 4694/1102/568
f 4694/1102/567 4706/1115/567 4707/1116/567 4695/1103/567
f 4695/1103/566 4707/1116/566 4696/1104/566 4684/1091/566
f 4696/1104/577 4708/1117/577 4709/1118/577 4697/1105/577
f 4697/1105/576 4709/1118/576 4710/1119/576 4698/1106/576
f 4698/1106/575 4710/1119/575 4711/1120/575 4699/1107/575
f 4699/1107/574 4711/1120/574 4712/1121/574 4700/1108/574
f 4700/1108/573 4712/1121/573 4713/1122/573 4701/1109/573
f 4701/1109/572 4713/1122/572 4714/1123/572 4702/1110/572
f 4702/1111/583 4714/1124/583 4715/1125/583 4703/1112/583
f 4703/1112/582 4715/1125/582 4716/1126/582 4704/1113/582
f 4704/1113/581 4716/1126/581 4717/1127/581 4705/1114/581
f 4705/1114/580 4717/1127/580 4718/1128/580 4706/1115/580
f 4706/1115/579 4718/1128/579 4719/1129/579 4707/1116/579
f 4707/1116/578 4719/1129/578 4708/1117/578 4696/1104/578
f 4708/1117/589 4720/1130/589 4721/1131/589 4709/1118/589
f 4709/1118/588 4721/1131/588 4722/1132/588 4710/1119/588
f 4710/1119/587 4722/1132/587 4723/1133/587 4711/1120/587
f 4711/1120/586 4723/1133/586 4724/1134/586 4712/1121/586
f 4712/1121/585 4724/1134/585 4725/1135/585 4713/1122/585
f 4713/1122/584 4725/1135/584 4726/1136/584 4714/1123/584
f 4714/1124/595 4726/1137/595 4727/1138/595 4715/1125/595
f 4715/1125/594 4727/1138/594 4728/1139/594 4716/1126/594
f 4716/1126/593 4728/1139/593 4729/1140/593 4717/1127/593
f 4717/1127/592 4729/1140/592 4730/1141/592 4718/1128/592
f 4718/1128/591 4730/1141/591 4731/1142/591 4719/1129/591
f 4719/1129/590 4731/1142/590 4720/1130/590 4708/1117/590
f 4720/1130/601 4732/1143/601 4733/1144/601 4721/1131/601
f 4721/1131/600 4733/1144/600 4734/1145/600 4722/1132/600
f 4722/1132/599 4734/1145/599 4735/1146/599 4723/1133/599
f 4723/1133/598 4735/1146/598 4736/1147/598 4724/1134/598
f 4724/1134/597 4736/1147/597 4737/1148/597 4725/1135/597
f 4725/1135/596 4737/1148/596 4738/1149/596 4726/1136/596
f 4726/1137/607 4738/1150/607 4739/1151/607 4727/1138/607
f 4727/1138/606 4739/1151/606 4740/1152/606 4728/1139/606
f 4728/1139/605 4740/1152/605 4741/1153/605 4729/1140/605
f 4729/1140/604 4741/1153/604 4742/1154/604 4730/1141/604
f 4730/1141/603 4742/1154/603 4743/1155/603 4731/1142/603
f 4731/1142/602 4743/1155/602 4732/1143/602 4720/1130/602
f 4732/1143/613 4744/1156/613 4745/1157/613 4733/1144/613
f 4733/1144/612 4745/1157/612 4746/1158/612 4734/1145/612
f 4734/1145/611 4746/1158/611 4747/1159/611 4735/1146/611
f 4735/1146/610 4747/1159/610 4748/1160/610 4736/1147/610
f 4736/1147/609 4748/1160/609 4749/1161/609 4737/1148/609
f 4737/1148/608 4749/1161/608 4750/1162/608 4738/1149/608
f 4738/1150/619 4750/1163/619 4751/1164/619 4739/1151/619
f 4739/1151/618 4751/1164/618 4752/1165/618 4740/1152/618
f 4740/1152/617 4752/1165/617 4753/1166/617 4741/1153/617
f 4741/1153/616 4753/1166/616 4754/1167/616 4742/1154/616
f 4742/1154/615 4754/1167/615 4755/1168/615 4743/1155/615
f 4743/1155/614 4755/1168/614 4744/1156/614 4732/1143/614
f 4744/1156/625 4756/1169/625 4757/1170/625 4745/1157/625
f 4745/1157/624 4757/1170/624 4758/1171/624 4746/1158/624
f 4746/1158/623 4758/1171/623 4759/1172/623 4747/1159/623
f 4747/1159/622 4759/1172/622 4760/1173/622 4748/1160/622
f 4748/1160/621 4760/1173/621 4761/1174/621 4749/1161/621
f 4749/1161/620 4761/1174/620 4762/1175/620 4750/1162/620
f 4750/1163/631 4762/1176/631 4763/1177/631 4751/1164/631
f 4751/1164/630 4763/1177/630 4764/1178/630 4752/1165/630
f 4752/1165/629 4764/1178/629 4765/1179/629 4753/1166/629
f 4753/1166/628 4765/1179/628 4766/1180/628 4754/1167/628
f 4754/1167/627 4766/1180/627 4767/1181/627 4755/1168/627
f 4755/1168/626 4767/1181/626 4756/1169/626 4744/1156/626
f 4756/1169/637 4768/1182/637 4769/1183/637 4757/1170/637
f 4757/1170/636 4769/1183/636 4770/1184/636 4758/1171/636
f 4758/1171/635 4770/1184/635 4771/1185/635 4759/1172/635
f 4759/1172/634 4771/1185/634 4772/1186/634 4760/1173/634
f 4760/1173/633 4772/1186/633 4773/1187/633 4761/1174/633
f 4761/1174/632 4773/1187/632 4774/1188/632 4762/1175/632
f 4762/1176/643 4774/1189/643 4775/1190/643 4763/1177/643
f 4763/1177/642 4775/1190/642 4776/1191/642 4764/1178/642
f 4764/1178/641 4776/1191/641 4777/1192/641 4765/1179/641
f 4765/1179/640 4777/1192/640 4778/1193/640 4766/1180/640
f 4766/1180/639 4778/1193/639 4779/1194/639 4767/1181/639
f 4767/1181/638 4779/1194/638 4768/1182/638 4756/1169/638
f 4768/1182/649 4780/1195/649 4781/1196/649 4769/1183/649
f 4769/1183/648 4781/1196/648 4782/1197/648 4770/1184/648
f 4770/1184/647 4782/1197/647 4783/1198/647 4771/1185/647
f 4771/1185/646 4783/1198/646 4784/1199/646 4772/1186/646
f 4772/1186/645 4784/1199/645 4785/1200/645 4773/1187/645
f 4773/1187/644 4785/1200/644 4786/1201/644 4774/1188/644
f 4774/1189/655 4786/1202/655 4787/1203/655 4775/1190/655
f 4775/1190/654 4787/1203/654 4788/1204/654 4776/1191/654
f 4776/1191/653 4788/1204/653 4789/1205/653 4777/1192/653
f 4777/1192/652 4789/1205/652 4790/1206/652 4778/1193/652
f 4778/1193/651 4790/1206/651 4791/1207/651 4779/1194/651
f 4779/1194/650 4791/1207/650 4780/1195/650 4768/1182/650
f 4780/1195/661 4792/1208/661 4793/1209/661 4781/1196/661
f 4781/1196/660 4793/1209/660 4794/1210/660 4782/1197/660
f 4782/1197/659 4794/1210/659 4795/1211/659 4783/1198/659
f 4783/1198/658 4795/1211/658 4796/1212/658 4784/1199/658
f 4784/1199/657 4796/1212/657 4797/1213/657 4785/1200/657
f 4785/1200/812 4797/1213/812 4798/1214/812 4786/1201/812
f 4786/1202/667 4798/1215/667 4799/1216/667 4787/1203/667
f 4787/1203/666 4799/1216/666 4800/1217/666 4788/1204/666
f 4788/1204/665 4800/1217/665 4801/1218/665 4789/1205/665
f 4789/1205/664 4801/1218/664 4802/1219/664 4790/1206/664
f 4790/1206/663 4802/1219/663 4803/1220/663 4791/1207/663
f 4791/1207/662 4803/1220/662 4792/1208/662 4780/1195/662
f 4792/1208/673 4804/1221/673 4805/1222/673 4793/1209/673
f 4793/1209/672 4805/1222/672 4806/1223/672 4794/1210/672
f 4794/1210/671 4806/1223/671 4807/1224/671 4795/1211/671
f 4795/1211/670 4807/1224/670 4808/1225/670 4796/1212/670
f 4796/1212/669 4808/1225/669 4809/1226/669 4797/1213/669
f 4797/1213/668 4809/1226/668 4810/1227/668 4798/1214/668
f 4798/1215/679 4810/1228/679 4811/1229/679 4799/1216/679
f 4799/1216/678 4811/1229/678 4812/1230/678 4800/1217/678
f 4800/1217/677 4812/1230/677 4813/1231/677 4801/1218/677
f 4801/1218/676 4813/1231/676 4814/1232/676 4802/1219/676
f 4802/1219/675 4814/1232/675 4815/1233/675 4803/1220/675
f 4803/1220/674 4815/1233/674 4804/1221/674 4792/1208/674
f 4804/1221/685 4816/1234/685 4817/1235/685 4805/1222/685
f 4805/1222/684 4817/1235/684 4818/1236/684 4806/1223/684
f 4806/1223/683 4818/1236/683 4819/1237/683 4807/1224/683
f 4807/1224/682 4819/1237/682 4820/1238/682 4808/1225/682
f 4808/1225/681 4820/1238/681 4821/1239/681 4809/1226/681
f 4809/1226/680 4821/1239/680 4822/1240/680 4810/1227/680
f 4810/1228/691 4822/1241/691 4823/1242/691 4811/1229/691
f 4811/1229/690 4823/1242/690 4824/1243/690 4812/1230/690
f 4812/1230/689 4824/1243/689 4825/1244/689 4813/1231/689
f 4813/1231/688 4825/1244/688 4826/1245/688 4814/1232/688
f 4814/1232/687 4826/1245/687 4827/1246/687 4815/1233/687
f 4815/1233/686 4827/1246/686 4816/1234/686 4804/1221/686
f 4816/1234/697 4828/1247/697 4829/1248/697 4817/1235/697
f 4817/1235/696 4829/1248/696 4830/1249/696 4818/1236/696
f 4818/1236/695 4830/1249/695 4831/1250/695 4819/1237/695
f 4819/1237/694 4831/1250/694 4832/1251/694 4820/1238/694
f 4820/1238/693 4832/1251/693 4833/1252/693 4821/1239/693
f 4821/1239/692 4833/1252/692 4834/1253/692 4822/1240/692
f 4822/1241/703 4834/1254/703 4835/1255/703 4823/1242/703
f 4823/1242/702 4835/1255/702 4836/1256/702 4824/1243/702
f 4824/1243/701 4836/1256/701 4837/1257/701 4825/1244/701
f 4825/1244/700 4837/1257/700 4838/1258/700 4826/1245/700
f 4826/1245/699 4838/1258/699 4839/1259/699 4827/1246/699
f 4827/1246/698 4839/1259/698 4828/1247/698 4816/1234/698
f 4828/1247/709 4840/1260/709 4841/1261/709 4829/1248/709
f 4829/1248/708 4841/1261/708 4842/1262/708 4830/1249/708
f 4830/1249/707 4842/1262/707 4843/1263/707 4831/1250/707
f 4831/1250/706 4843/1263/706 4844/1264/706 4832/1251/706
f 4832/1251/705 4844/1264/705 4845/1265/705 4833/1252/705
f 4833/1252/704 4845/1265/704 4846/1266/704 4834/1253/704
f 4834/1254/715 4846/1267/715 4847/1268/715 4835/1255/715
f 4835/1255/714 4847/1268/714 4848/1269/714 4836/1256/714
f 4836/1256/713 4848/1269/713 4849/1270/713 4837/1257/713
f 4837/1257/712 4849/1270/712 4850/1271/712 4838/1258/712
f 4838/1258/711 4850/1271/711 4851/1272/711 4839/1259/711
f 4839/1259/710 4851/1272/710 4840/1260/710 4828/1247/710
f 4840/1260/721 4852/1273/721 4853/1274/721 4841/1261/721
f 4841/1261/720 4853/1274/720 4854/1275/720 4842/1262/720
f 4842/1262/719 4854/1275/719 4855/1276/719 4843/1263/719
f 4843/1263/718 4855/1276/718 4856/1277/718 4844/1264/718
f 4844/1264/717 4856/1277/717 4857/1278/717 4845/1265/717
f 4845/1265/716 4857/1278/716 4858/1279/716 4846/1266/716
f 4846/1267/727 4858/1280/727 4859/1281/727 4847/1268/727
f 4847/1268/726 4859/1281/726 4860/1282/726 4848/1269/726
f 4848/1269/725 4860/1282/725 4861/1283/725 4849/1270/725
f 4849/1270/724 4861/1283/724 4862/1284/724 4850/1271/724
f 4850/1271/723 4862/1284/723 4863/1285/723 4851/1272/723
f 4851/1272/722 4863/1285/722 4852/1273/722 4840/1260/722
f 4852/1273/733 4864/1286/733 4865/1287/733 4853/1274/733
f 4853/1274/732 4865/1287/732 4866/1288/732 4854/1275/732
f 4854/1275/731 4866/1288/731 4867/1289/731 4855/1276/731
f 4855/1276/730 4867/1289/730 4868/1290/730 4856/1277/730
f 4856/1277/729 4868/1290/729 4869/1291/729 4857/1278/729
f 4857/1278/728 4869/1291/728 4870/1292/728 4858/1279/728
f 4858/1280/739 4870/1293/739 4871/1294/739 4859/1281/739
f 4859/1281/738 4871/1294/738 4872/1295/738 4860/1282/738
f 4860/1282/737 4872/1295/737 4873/1296/737 4861/1283/737
f 4861/1283/736 4873/1296/736 4874/1297/736 4862/1284/736
f 4862/1284/735 4874/1297/735 4875/1298/735 4863/1285/735
f 4863/1285/734 4875/1298/734 4864/1286/734 4852/1273/734
f 4864/1286/745 4876/1299/745 4877/1300/745 4865/1287/745
f 4865/1287/744 4877/1300/744 4878/1301/744 4866/1288/744
f 4866/1288/743 4878/1301/743 4879/1302/743 4867/1289/743
f 4867/1289/742 4879/1302/742 4880/1303/742 4868/1290/742
f 4868/1290/741 4880/1303/741 4881/1304/741 4869/1291/741
f 4869/1291/740 4881/1304/740 4882/1305/740 4870/1292/740
f 4870/1293/751 4882/1306/751 4883/1307/751 4871/1294/751
f 4871/1294/750 4883/1307/750 4884/1308/750 4872/1295/750
f 4872/1295/749 4884/1308/749 4885/1309/749 4873/1296/749
f 4873/1296/748 4885/1309/748 4886/1310/748 4874/1297/748
f 4874/1297/747 4886/1310/747 4887/1311/747 4875/1298/747
f 4875/1298/746 4887/1311/746 4876/1299/746 4864/1286/746
f 4876/1299/757 4888/1312/757 4889/1313/757 4877/1300/757
f 4877/1300/756 4889/1313/756 4890/1314/756 4878/1301/756
f 4878/1301/755 4890/1314/755 4891/1315/755 4879/1302/755
f 4879/1302/754 4891/1315/754 4892/1316/754 4880/1303/754
f 4880/1303/753 4892/1316/753 4893/1317/753 4881/1304/753
f 4881/1304/752 4893/1317/752 4894/1318/752 4882/1305/752
f 4882/1306/763 4894/1319/763 4895/1320/763 4883/1307/763
f 4883/1307/762 4895/1320/762 4896/1321/762 4884/1308/762
f 4884/1308/761 4896/1321/761 4897/1322/761 4885/1309/761
f 4885/1309/760 4897/1322/760 4898/1323/760 4886/1310/760
f 4886/1310/759 4898/1323/759 4899/1324/759 4887/1311/759
f 4887/1311/758 4899/1324/758 4888/1312/758 4876/1299/758
f 4888/1312/769 4900/1325/769 4901/1326/769 4889/1313/769
f 4889/1313/768 4901/1326/768 4902/1327/768 4890/1314/768
f 4890/1314/767 4902/1327/767 4903/1328/767 4891/1315/767
f 4891/1315/766 4903/1328/766 4904/1329/766 4892/1316/766
f 4892/1316/765 4904/1329/765 4905/1330/765 4893/1317/765
f 4893/1317/764 4905/1330/764 4906/1331/764 4894/1318/764
f 4894/1319/775 4906/1332/775 4907/1333/775 4895/1320/775
f 4895/1320/774 4907/1333/774 4908/1334/774 4896/1321/774
f 4896/1321/773 4908/1334/773 4909/1335/773 4897/1322/773
f 4897/1322/772 4909/1335/772 4910/1336/772 4898/1323/772
f 4898/1323/771 4910/1336/771 4911/1337/771 4899/1324/771
f 4899/1324/770 4911/1337/770 4900/1325/770 4888/1312/770
f 4900/1325/781 4912/1338/781 4913/1339/781 4901/1326/781
f 4901/1326/780 4913/1339/780 4914/1340/780 4902/1327/780
f 4902/1327/779 4914/1340/779 4915/1341/779 4903/1328/779
f 4903/1328/778 4915/1341/778 4916/1342/778 4904/1329/778
f 4904/1329/777 4916/1342/777 4917/1343/777 4905/1330/777
f 4905/1330/776 4917/1343/776 4918/1344/776 4906/1331/776
f 4906/1332/787 4918/1345/787 4919/1346/787 4907/1333/787
f 4907/1333/786 4919/1346/786 4920/1347/786 4908/1334/786
f 4908/1334/785 4920/1347/785 4921/1348/785 4909/1335/785
f 4909/1335/784 4921/1348/784 4922/1349/784 4910/1336/784
f 4910/1336/783 4922/1349/783 4923/1350/783 4911/1337/783
f 4911/1337/782 4923/1350/782 4912/1338/782 4900/1325/782
f 4912/1338/793 4924/1351/793 4925/1352/793 4913/1339/793
f 4913/1339/792 4925/1352/792 4926/1353/792 4914/1340/792
f 4914/1340/791 4926/1353/791 4927/1354/791 4915/1341/791
f 4915/1341/790 4927/1354/790 4928/1355/790 4916/1342/790
f 4916/1342/789 4928/1355/789 4929/1356/789 4917/1343/789
f 4917/1343/788 4929/1356/788 4930/1357/788 4918/1344/788
f 4918/1345/799 4930/1358/799 4931/1359/799 4919/1346/799
f 4919/1346/813 4931/1359/813 4932/1360/813 4920/1347/813
f 4920/1347/797 4932/1360/797 4933/1361/797 4921/1348/797
f 4921/1348/796 4933/1361/796 4934/1362/796 4922/1349/796
f 4922/1349/795 4934/1362/795 4935/1363/795 4923/1350/795
f 4923/1350/794 4935/1363/794 4924/1351/794 4912/1338/794
f 4924/1351/805 4360/727/805 4361/730/805 4925/1352/805
f 4925/1352/804 4361/730/804 4362/732/804 4926/1353/804
f 4926/1353/803 4362/732/803 4363/734/803 4927/1354/803
f 4927/1354/802 4363/734/802 4364/736/802 4928/1355/802
f 4928/1355/801 4364/736/801 4365/738/801 4929/1356/801
f 4929/1356/800 4365/738/800 4366/740/800 4930/1357/800
f 4930/1358/811 4366/741/811 4367/744/811 4931/1359/811
f 4931/1359/810 4367/744/810 4368/746/810 4932/1360/810
f 4932/1360/809 4368/746/809 4369/748/809 4933/1361/809
f 4933/1361/808 4369/748/808 4370/750/808 4934/1362/808
f 4934/1362/807 4370/750/807 4371/752/807 4935/1363/807
f 4935/1363/806 4371/752/806 4360/727/806 4924/1351/806
o Torus.005
v -1.812182 1.023488 1.018733
v -1.808533 1.009871 1.070516
v -1.805851 0.972123 1.108570
v -1.804856 0.920358 1.122697
v -1.805813 0.868446 1.109114
v -1.808466 0.830298 1.071459
v -1.812105 0.816136 1.019822
v -1.815754 0.829753 0.968039
v -1.818435 0.867501 0.929985
v -1.819431 0.919266 0.915858
v -1.818474 0.971178 0.929441
v -1.815820 1.009326 0.967096
v -1.744684 1.019053 1.014000
v -1.742844 1.005555 1.065910
v -1.745103 0.968131 1.104310
v -1.750857 0.916810 1.118911
v -1.758564 0.865342 1.105801
v -1.766159 0.827519 1.068492
v -1.771606 0.813475 1.016982
v -1.773447 0.826973 0.965072
v -1.771187 0.864397 0.926672
v -1.765433 0.915718 0.912071
v -1.757726 0.967186 0.925182
v -1.750131 1.005010 0.962490
v -1.678338 1.005825 1.009395
v -1.678275 0.992681 1.061428
v -1.685392 0.956226 1.100165
v -1.697781 0.906227 1.115227
v -1.712122 0.856082 1.102577
v -1.724574 0.819227 1.065606
v -1.731799 0.805538 1.014219
v -1.731861 0.818681 0.962186
v -1.724745 0.855137 0.923449
v -1.712356 0.905136 0.908387
v -1.698014 0.955281 0.921037
v -1.685563 0.992135 0.958008
v -1.614279 0.984029 1.004996
v -1.615933 0.971469 1.057147
v -1.627739 0.936609 1.096206
v -1.646533 0.888790 1.111708
v -1.667281 0.840825 1.099498
v -1.684422 0.805565 1.062848
v -1.693363 0.792460 1.011580
v -1.691709 0.805020 0.959428
v -1.679903 0.839880 0.920369
v -1.661109 0.887699 0.904868
v -1.640361 0.935664 0.917078
v -1.623220 0.970923 0.953727
v -1.553602 0.954038 1.000879
v -1.556882 0.942282 1.053140
v -1.573130 0.909618 1.092500
v -1.597992 0.864798 1.108414
v -1.624807 0.819831 1.096616
v -1.646390 0.786767 1.060268
v -1.656957 0.774466 1.009109
v -1.653678 0.786222 0.956848
v -1.637430 0.818886 0.917487
v -1.612568 0.863706 0.901574
v -1.585752 0.908673 0.913372
v -1.564170 0.941736 0.949720
v -1.497347 0.916367 0.997113
v -1.502134 0.905620 1.049475
v -1.522500 0.875713 1.089112
v -1.552988 0.834660 1.105401
v -1.585429 0.793461 1.093980
v -1.611130 0.763155 1.057908
v -1.623204 0.751862 1.006850
v -1.618417 0.762609 0.954488
v -1.598051 0.792516 0.914851
v -1.567563 0.833569 0.898562
v -1.535123 0.874768 0.909983
v -1.509422 0.905074 0.946055
v -1.446476 0.871658 0.993764
v -1.452626 0.862109 1.046216
v -1.476716 0.835475 1.086098
v -1.512291 0.798893 1.102722
v -1.549819 0.762165 1.091636
v -1.579244 0.735132 1.055809
v -1.592681 0.725037 1.004840
v -1.586531 0.734586 0.952389
v -1.562441 0.761220 0.912507
v -1.526866 0.797802 0.895882
v -1.489338 0.834530 0.906969
v -1.459913 0.861563 0.942796
v -1.401858 0.820677 0.990889
v -1.409204 0.812495 1.043418
v -1.436560 0.789593 1.083510
v -1.476597 0.758109 1.100422
v -1.518586 0.726479 1.089623
v -1.551278 0.703178 1.054006
v -1.565911 0.694449 1.003116
v -1.558565 0.702632 0.950587
v -1.531209 0.725534 0.910495
v -1.491172 0.757018 0.893582
v -1.449183 0.788648 0.904382
v -1.416491 0.811949 0.939998
v -1.364258 0.764297 0.988537
v -1.372611 0.757625 1.041129
v -1.402720 0.738851 1.081393
v -1.446517 0.713005 1.098541
v -1.492266 0.687013 1.087977
v -1.527710 0.667839 1.052532
v -1.543351 0.660621 1.001704
v -1.534998 0.667293 0.949112
v -1.504889 0.686068 0.908848
v -1.461092 0.711914 0.891701
v -1.415342 0.737906 0.902265
v -1.379899 0.757080 0.937709
v -1.334319 0.703483 0.986748
v -1.343474 0.698440 1.039388
v -1.375775 0.684118 1.079783
v -1.422565 0.664353 1.097110
v -1.471309 0.644442 1.086725
v -1.508944 0.629721 1.051411
v -1.525387 0.624132 1.000631
v -1.516232 0.629175 0.947991
v -1.483931 0.643497 0.907596
v -1.437141 0.663262 0.890270
v -1.388397 0.683173 0.900655
v -1.350762 0.697894 0.935968
v -1.312553 0.639274 0.985553
v -1.322291 0.635951 1.038225
v -1.356185 0.626329 1.078708
v -1.405152 0.612986 1.096154
v -1.456073 0.599496 1.085888
v -1.495301 0.589475 1.050662
v -1.512327 0.585607 0.999914
v -1.502589 0.588929 0.947242
v -1.468695 0.598551 0.906760
v -1.419728 0.611894 0.889314
v -1.368808 0.625384 0.899579
v -1.329579 0.635406 0.934805
v -1.299332 0.572769 0.984973
v -1.309425 0.571229 1.037660
v -1.344286 0.566475 1.078185
v -1.394576 0.559782 1.095689
v -1.446818 0.552943 1.085482
v -1.487015 0.547790 1.050298
v -1.504395 0.545704 0.999566
v -1.494302 0.547244 0.946878
v -1.459441 0.551998 0.906353
v -1.409151 0.558691 0.888849
v -1.356909 0.565530 0.899057
v -1.316712 0.570683 0.934240
v -1.294883 0.505107 0.985016
v -1.305095 0.505379 1.037703
v -1.340282 0.505579 1.078224
v -1.391017 0.505652 1.095724
v -1.443704 0.505579 1.085512
v -1.484226 0.505379 1.050325
v -1.501726 0.505106 0.999592
v -1.491514 0.504834 0.946905
v -1.456326 0.504634 0.906384
v -1.405592 0.504561 0.888884
v -1.352905 0.504634 0.899096
v -1.312383 0.504834 0.934283
v -1.299282 0.437444 0.985683
v -1.309376 0.439530 1.038352
v -1.344241 0.444683 1.078825
v -1.394536 0.451522 1.096257
v -1.446783 0.458215 1.085979
v -1.486983 0.462969 1.050743
v -1.504365 0.464509 0.999992
v -1.494271 0.462423 0.947323
v -1.459406 0.457270 0.906850
v -1.409111 0.450431 0.889418
v -1.356864 0.443738 0.899696
v -1.316664 0.438984 0.934932
v -1.312453 0.370939 0.986962
v -1.322195 0.374807 1.039596
v -1.356096 0.384829 1.079976
v -1.405073 0.398318 1.097281
v -1.456003 0.411662 1.086874
v -1.495239 0.421284 1.051545
v -1.512268 0.424606 1.000759
v -1.502527 0.420738 0.948125
v -1.468626 0.410717 0.907746
v -1.419648 0.397227 0.890441
v -1.368718 0.383884 0.900847
v -1.329482 0.374262 0.936176
v -1.334172 0.306730 0.988831
v -1.343331 0.312319 1.041415
v -1.375643 0.327040 1.081658
v -1.422448 0.346951 1.098776
v -1.471206 0.366716 1.088183
v -1.508852 0.381038 1.052717
v -1.525299 0.386081 1.001881
v -1.516140 0.380492 0.949297
v -1.483829 0.365771 0.909054
v -1.437023 0.345860 0.891936
v -1.388265 0.326095 0.902529
v -1.350619 0.311773 0.937996
v -1.364066 0.245916 0.991259
v -1.372424 0.253133 1.043778
v -1.402547 0.272307 1.083843
v -1.446363 0.298299 1.100718
v -1.492132 0.324145 1.089882
v -1.527590 0.342920 1.054238
v -1.543236 0.349592 1.003337
v -1.534877 0.342374 0.950818
v -1.504755 0.323200 0.910753
v -1.460939 0.297208 0.893878
v -1.415170 0.271362 0.904714
v -1.379712 0.252588 0.940358
v -1.401625 0.189536 0.994203
v -1.408977 0.198264 1.046643
v -1.436350 0.221565 1.086492
v -1.476410 0.253195 1.103073
v -1.518423 0.284679 1.091943
v -1.551131 0.307581 1.056083
v -1.565771 0.315764 1.005104
v -1.558419 0.307035 0.952663
v -1.531045 0.283734 0.912814
v -1.490985 0.252104 0.896233
v -1.448972 0.220620 0.907364
v -1.416264 0.197718 0.943223
v -1.446205 0.138555 0.997613
v -1.452362 0.148650 1.049962
v -1.476472 0.175683 1.089562
v -1.512074 0.212411 1.105801
v -1.549629 0.248993 1.094330
v -1.579074 0.275627 1.058221
v -1.592519 0.285176 1.007150
v -1.586361 0.275081 0.954801
v -1.562251 0.248048 0.915201
v -1.526649 0.211320 0.898962
v -1.489094 0.174738 0.910433
v -1.459650 0.148104 0.946542
v -1.497043 0.093846 1.001432
v -1.501838 0.105139 1.053678
v -1.522226 0.135445 1.092998
v -1.552745 0.176644 1.108856
v -1.585216 0.217697 1.097003
v -1.610939 0.247604 1.060614
v -1.623022 0.258350 1.009441
v -1.618227 0.247058 0.957194
v -1.597838 0.216752 0.917874
v -1.567320 0.175553 0.902016
v -1.534849 0.134500 0.913870
v -1.509126 0.104593 0.950258
v -1.553270 0.056175 1.005592
v -1.556559 0.068477 1.057727
v -1.572831 0.101540 1.096743
v -1.597726 0.146507 1.112185
v -1.624575 0.191327 1.099915
v -1.646182 0.223991 1.063222
v -1.656758 0.235747 1.011937
v -1.653469 0.223445 0.959802
v -1.637197 0.190382 0.920787
v -1.612302 0.145415 0.905345
v -1.585453 0.100595 0.917614
v -1.563846 0.067931 0.954307
v -1.613924 0.026184 1.010025
v -1.615588 0.039290 1.062041
v -1.627420 0.074549 1.100732
v -1.646250 0.122514 1.115731
v -1.667033 0.170333 1.103018
v -1.684200 0.205193 1.066000
v -1.693151 0.217753 1.014597
v -1.691487 0.204647 0.962581
v -1.679655 0.169388 0.923890
v -1.660825 0.121423 0.908891
v -1.640042 0.073604 0.921604
v -1.622875 0.038744 0.958621
v -1.677968 0.004388 1.014653
v -1.677915 0.018077 1.066545
v -1.685058 0.054932 1.104897
v -1.697484 0.105077 1.119433
v -1.711863 0.155076 1.106258
v -1.724342 0.191531 1.068901
v -1.731576 0.204675 1.017374
v -1.731629 0.190986 0.965481
v -1.724485 0.154131 0.927129
v -1.712060 0.103986 0.912593
v -1.697681 0.053987 0.925769
v -1.685202 0.017532 0.963125
v -1.744304 -0.008841 1.019397
v -1.742473 0.005203 1.071162
v -1.744761 0.043027 1.109167
v -1.750553 0.094494 1.123228
v -1.758298 0.145816 1.109579
v -1.765921 0.183240 1.071875
v -1.771378 0.196738 1.020220
v -1.773208 0.182694 0.968455
v -1.770921 0.144871 0.930450
v -1.765128 0.093403 0.916389
v -1.757383 0.042082 0.930038
v -1.749761 0.004658 0.967742
v -1.811798 -0.013275 1.024176
v -1.808159 0.000887 1.075813
v -1.805506 0.039035 1.113469
v -1.804549 0.090947 1.127052
v -1.805544 0.142712 1.112924
v -1.808226 0.180460 1.074871
v -1.811875 0.194077 1.023088
v -1.815513 0.179914 0.971451
v -1.818167 0.141767 0.933796
v -1.819124 0.089855 0.920212
v -1.818128 0.038090 0.934340
v -1.815447 0.000342 0.972394
v -1.879296 -0.008841 1.028909
v -1.873848 0.005203 1.080420
v -1.866254 0.043027 1.117728
v -1.858547 0.094494 1.130838
v -1.852793 0.145816 1.116237
v -1.850533 0.183240 1.077837
v -1.852373 0.196738 1.025928
v -1.857821 0.182694 0.974417
v -1.865415 0.144871 0.937109
v -1.873122 0.093403 0.923998
v -1.878876 0.042082 0.938600
v -1.881136 0.004658 0.977000
v -1.945642 0.004388 1.033515
v -1.938417 0.018077 1.084901
v -1.925965 0.054932 1.121873
v -1.911624 0.105077 1.134523
v -1.899235 0.155076 1.119461
v -1.892118 0.191531 1.080724
v -1.892181 0.204675 1.028691
v -1.899406 0.190986 0.977304
v -1.911857 0.154131 0.940332
v -1.926199 0.103986 0.927683
v -1.938588 0.053987 0.942744
v -1.945704 0.017532 0.981482
v -2.009701 0.026184 1.037914
v -2.000759 0.039289 1.089183
v -1.983618 0.074549 1.125832
v -1.962871 0.122514 1.138042
v -1.944076 0.170333 1.122540
v -1.932270 0.205193 1.083481
v -1.930616 0.217753 1.031330
v -1.939558 0.204647 0.980061
v -1.956699 0.169388 0.943412
v -1.977446 0.121423 0.931202
v -1.996241 0.073604 0.946703
v -2.008047 0.038744 0.985763
v -2.070377 0.056174 1.042031
v -2.059810 0.068476 1.093190
v -2.038227 0.101540 1.129538
v -2.011412 0.146507 1.141336
v -1.986550 0.191327 1.125422
v -1.970302 0.223991 1.086062
v -1.967022 0.235747 1.033801
v -1.977589 0.223445 0.982642
v -1.999172 0.190381 0.946294
v -2.025987 0.145415 0.934496
v -2.050850 0.100595 0.950409
v -2.067097 0.067931 0.989770
v -2.126632 0.093846 1.045796
v -2.114558 0.105139 1.096854
v -2.088857 0.135445 1.132927
v -2.056416 0.176644 1.144348
v -2.025928 0.217697 1.128058
v -2.005562 0.247604 1.088422
v -2.000775 0.258350 1.036060
v -2.012850 0.247058 0.985002
v -2.038551 0.216752 0.948930
v -2.070992 0.175553 0.937508
v -2.101479 0.134500 0.953798
v -2.121845 0.104593 0.993434
v -2.177504 0.138555 1.049145
v -2.164066 0.148650 1.100113
v -2.134641 0.175683 1.135941
v -2.097113 0.212411 1.147027
v -2.061538 0.248993 1.130402
v -2.037448 0.275627 1.090521
v -2.031298 0.285176 1.038069
v -2.044736 0.275081 0.987101
v -2.074161 0.248048 0.951274
v -2.111689 0.211320 0.940187
v -2.147264 0.174738 0.956812
v -2.171354 0.148104 0.996693
v -2.222121 0.189535 1.052020
v -2.207488 0.198264 1.102911
v -2.174797 0.221565 1.138528
v -2.132807 0.253195 1.149327
v -2.092771 0.284679 1.132415
v -2.065414 0.307581 1.092323
v -2.058069 0.315764 1.039794
v -2.072702 0.307035 0.988903
v -2.105393 0.283734 0.953286
v -2.147382 0.252104 0.942487
v -2.187419 0.220620 0.959399
v -2.214776 0.197718 0.999491
v -2.259722 0.245916 1.054372
v -2.244081 0.253133 1.105200
v -2.208637 0.272307 1.140645
v -2.162888 0.298299 1.151209
v -2.119091 0.324145 1.134061
v -2.088982 0.342920 1.093797
v -2.080629 0.349592 1.041205
v -2.096270 0.342374 0.990377
v -2.131713 0.323200 0.954933
v -2.177463 0.297208 0.944369
v -2.221260 0.271362 0.961516
v -2.251369 0.252588 1.001780
v -2.289661 0.306730 1.056161
v -2.273218 0.312319 1.106941
v -2.235582 0.327040 1.142255
v -2.186839 0.346951 1.152640
v -2.140048 0.366716 1.135314
v -2.107748 0.381038 1.094919
v -2.098592 0.386081 1.042279
v -2.115035 0.380492 0.991499
v -2.152671 0.365771 0.956185
v -2.201414 0.345860 0.945800
v -2.248205 0.326095 0.963126
v -2.280505 0.311773 1.003521
v -2.311427 0.370939 1.057356
v -2.294401 0.374807 1.108104
v -2.255172 0.384828 1.143330
v -2.204252 0.398318 1.153596
v -2.155284 0.411662 1.136150
v -2.121391 0.421284 1.095668
v -2.111652 0.424606 1.042996
v -2.128678 0.420738 0.992248
v -2.167907 0.410717 0.957022
v -2.218827 0.397227 0.946756
v -2.267794 0.383883 0.964202
v -2.301688 0.374261 1.004684
v -2.324648 0.437444 1.057937
v -2.307267 0.439530 1.108669
v -2.267071 0.444683 1.143853
v -2.214828 0.451522 1.154060
v -2.164539 0.458215 1.136557
v -2.129677 0.462969 1.096032
v -2.119585 0.464509 1.043344
v -2.136965 0.462423 0.992612
v -2.177161 0.457270 0.957428
v -2.229404 0.450431 0.947221
v -2.279693 0.443737 0.964724
v -2.314555 0.438984 1.005250
v -2.329097 0.505107 1.057894
v -2.311597 0.505379 1.108627
v -2.271075 0.505579 1.143814
v -2.218388 0.505652 1.154026
v -2.167653 0.505579 1.136526
v -2.132466 0.505379 1.096004
v -2.122254 0.505106 1.043318
v -2.139754 0.504834 0.992584
v -2.180276 0.504634 0.957398
v -2.232963 0.504561 0.947186
v -2.283697 0.504634 0.964685
v -2.318885 0.504834 1.005207
v -2.324698 0.572769 1.057226
v -2.307316 0.571229 1.107978
v -2.267116 0.566475 1.143214
v -2.214869 0.559782 1.153492
v -2.164574 0.552943 1.136059
v -2.129709 0.547790 1.095586
v -2.119615 0.545704 1.042918
v -2.136996 0.547244 0.992166
v -2.177197 0.551998 0.956931
v -2.229444 0.558691 0.946652
v -2.279738 0.565530 0.964085
v -2.314604 0.570683 1.004558
v -2.311526 0.639273 1.055947
v -2.294497 0.635951 1.106733
v -2.255261 0.626329 1.142062
v -2.204331 0.612986 1.152469
v -2.155354 0.599496 1.135164
v -2.121453 0.589474 1.094785
v -2.111712 0.585607 1.042150
v -2.128741 0.588929 0.991365
v -2.167977 0.598551 0.956035
v -2.218907 0.611894 0.945629
v -2.267884 0.625384 0.962934
v -2.301785 0.635405 1.003313
v -2.289808 0.703483 1.054078
v -2.273361 0.698440 1.104914
v -2.235714 0.684118 1.140380
v -2.186956 0.664353 1.150973
v -2.140151 0.644442 1.133855
v -2.107840 0.629721 1.093613
v -2.098680 0.624132 1.041029
v -2.115127 0.629175 0.990193
v -2.152773 0.643497 0.954727
v -2.201532 0.663262 0.944134
v -2.248337 0.683173 0.961252
v -2.280648 0.697894 1.001494
v -2.259913 0.764297 1.051651
v -2.244267 0.757625 1.102552
v -2.208810 0.738851 1.138196
v -2.163041 0.713005 1.149032
v -2.119225 0.687013 1.132156
v -2.089102 0.667839 1.092091
v -2.080744 0.660621 1.039572
v -2.096390 0.667293 0.988672
v -2.131848 0.686068 0.953028
v -2.177616 0.711914 0.942192
v -2.221432 0.737906 0.959067
v -2.251555 0.757080 0.999132
v -2.222355 0.820677 1.048707
v -2.207716 0.812494 1.099687
v -2.175007 0.789593 1.135546
v -2.132994 0.758109 1.146676
v -2.092934 0.726479 1.130095
v -2.065561 0.703177 1.090246
v -2.058209 0.694449 1.037806
v -2.072848 0.702632 0.986826
v -2.105557 0.725533 0.950967
v -2.147570 0.757017 0.939836
v -2.187630 0.788648 0.956417
v -2.215003 0.811949 0.996267
v -2.177775 0.871658 1.045296
v -2.164330 0.862109 1.096367
v -2.134886 0.835475 1.132477
v -2.097331 0.798893 1.143948
v -2.061728 0.762165 1.127708
v -2.037618 0.735132 1.088109
v -2.031461 0.725037 1.035760
v -2.044906 0.734586 0.984689
v -2.074351 0.761220 0.948580
v -2.111906 0.797802 0.937108
v -2.147508 0.834530 0.953348
v -2.171618 0.861563 0.992948
v -2.126936 0.916367 1.041478
v -2.114854 0.905620 1.092651
v -2.089131 0.875713 1.129040
v -2.056660 0.834660 1.140893
v -2.026141 0.793461 1.125035
v -2.005753 0.763155 1.085715
v -2.000958 0.751862 1.033469
v -2.013041 0.762609 0.982295
v -2.038764 0.792516 0.945907
v -2.071235 0.833569 0.934053
v -2.101753 0.874768 0.949911
v -2.122141 0.905074 0.989232
v -2.070709 0.954038 1.037317
v -2.060133 0.942282 1.088602
v -2.038526 0.909618 1.125295
v -2.011678 0.864798 1.137565
v -1.986782 0.819831 1.122123
v -1.970510 0.786767 1.083107
v -1.967221 0.774466 1.030972
v -1.977798 0.786222 0.979687
v -1.999405 0.818886 0.942994
v -2.026253 0.863706 0.930725
v -2.051149 0.908673 0.946167
v -2.067421 0.941736 0.985182
v -2.010055 0.984029 1.032885
v -2.001104 0.971469 1.084289
v -1.983938 0.936609 1.121306
v -1.963155 0.888790 1.134019
v -1.944324 0.840825 1.119020
v -1.932492 0.805565 1.080329
v -1.930829 0.792460 1.028313
v -1.939780 0.805020 0.976909
v -1.956947 0.839880 0.939892
v -1.977730 0.887699 0.927179
v -1.996560 0.935664 0.942178
v -2.008392 0.970923 0.980869
v -1.946012 1.005825 1.028257
v -1.938777 0.992681 1.079785
v -1.926298 0.956226 1.117141
v -1.911920 0.906227 1.130316
v -1.899494 0.856082 1.115781
v -1.892350 0.819227 1.077428
v -1.892403 0.805538 1.025536
v -1.899638 0.818681 0.974008
v -1.912117 0.855137 0.936652
v -1.926495 0.905136 0.923477
v -1.938921 0.955281 0.938012
v -1.946065 0.992135 0.976365
v -1.879676 1.019053 1.023513
v -1.874218 1.005555 1.075168
v -1.866596 0.968131 1.112871
v -1.858851 0.916810 1.126521
v -1.853059 0.865342 1.112460
v -1.850771 0.827519 1.074455
v -1.852601 0.813475 1.022690
v -1.858059 0.826973 0.971035
v -1.865681 0.864397 0.933331
v -1.873426 0.915718 0.919681
v -1.879219 0.967186 0.933743
v -1.881506 1.005010 0.971748
vn 0.0808 0.9653 0.2482
vn 0.0956 0.7101 0.6976
vn 0.0847 0.2639 0.9608
vn 0.0511 -0.2537 0.9659
vn 0.0037 -0.7026 0.7116
vn -0.0445 -0.9626 0.2672
vn -0.0808 -0.9653 -0.2482
vn -0.0956 -0.7101 -0.6976
vn -0.0847 -0.2639 -0.9608
vn -0.0511 0.2537 -0.9659
vn -0.0037 0.7026 -0.7116
vn 0.0445 0.9626 -0.2672
vn 0.2058 0.9488 0.2394
vn 0.1871 0.6980 0.6912
vn 0.1183 0.2594 0.9585
vn 0.0175 -0.2493 0.9683
vn -0.0878 -0.6905 0.7179
vn -0.1695 -0.9461 0.2759
vn -0.2058 -0.9488 -0.2394
vn -0.1871 -0.6980 -0.6912
vn -0.1183 -0.2594 -0.9585
vn -0.0175 0.2493 -0.9683
vn 0.0878 0.6905 -0.7179
vn 0.1695 0.9461 -0.2759
vn 0.3276 0.9161 0.2310
vn 0.2764 0.6740 0.6851
vn 0.1510 0.2507 0.9562
vn -0.0152 -0.2405 0.9705
vn -0.1771 -0.6666 0.7241
vn -0.2913 -0.9134 0.2843
vn -0.3276 -0.9161 -0.2310
vn -0.2764 -0.6740 -0.6851
vn -0.1510 -0.2507 -0.9562
vn 0.0152 0.2405 -0.9705
vn 0.1771 0.6666 -0.7241
vn 0.2913 0.9134 -0.2843
vn 0.4441 0.8678 0.2231
vn 0.3617 0.6386 0.6793
vn 0.1822 0.2377 0.9541
vn -0.0464 -0.2275 0.9727
vn -0.2624 -0.6311 0.7299
vn -0.4077 -0.8651 0.2922
vn -0.4441 -0.8678 -0.2231
vn -0.3617 -0.6386 -0.6793
vn -0.1822 -0.2377 -0.9541
vn 0.0464 0.2275 -0.9727
vn 0.2624 0.6311 -0.7299
vn 0.4077 0.8651 -0.2922
vn 0.5532 0.8046 0.2157
vn 0.4417 0.5923 0.6739
vn 0.2115 0.2207 0.9521
vn -0.0758 -0.2105 0.9746
vn -0.3424 -0.5848 0.7353
vn -0.5169 -0.8019 0.2996
vn -0.5532 -0.8046 -0.2157
vn -0.4417 -0.5923 -0.6739
vn -0.2115 -0.2207 -0.9521
vn 0.0758 0.2105 -0.9746
vn 0.3424 0.5848 -0.7353
vn 0.5169 0.8019 -0.2996
vn 0.6533 0.7277 0.2091
vn 0.5150 0.5359 0.6690
vn 0.2384 0.2001 0.9503
vn -0.1026 -0.1899 0.9764
vn -0.4157 -0.5285 0.7402
vn -0.6170 -0.7250 0.3062
vn -0.6533 -0.7277 -0.2091
vn -0.5150 -0.5359 -0.6690
vn -0.2384 -0.2001 -0.9503
vn 0.1026 0.1899 -0.9764
vn 0.4157 0.5285 -0.7402
vn 0.6170 0.7250 -0.3062
vn 0.7424 0.6383 0.2033
vn 0.5804 0.4704 0.6647
vn 0.2623 0.1761 0.9488
vn -0.1265 -0.1659 0.9780
vn -0.4811 -0.4630 0.7445
vn -0.7061 -0.6356 0.3121
vn -0.7424 -0.6383 -0.2033
vn -0.5804 -0.4704 -0.6647
vn -0.2623 -0.1761 -0.9488
vn 0.1265 0.1659 -0.9780
vn 0.4811 0.4630 -0.7445
vn 0.7061 0.6356 -0.3121
vn 0.8192 0.5381 0.1984
vn 0.6366 0.3970 0.6612
vn 0.2829 0.1492 0.9475
vn -0.1472 -0.1390 0.9793
vn -0.5373 -0.3895 0.7480
vn -0.7829 -0.5354 0.3169
vn -0.8192 -0.5381 -0.1984
vn -0.6366 -0.3970 -0.6612
vn -0.2829 -0.1492 -0.9475
vn 0.1472 0.1390 -0.9793
vn 0.5373 0.3895 -0.7480
vn 0.7829 0.5353 -0.3169
vn 0.8823 0.4286 0.1945
vn 0.6828 0.3168 0.6583
vn 0.2999 0.1198 0.9464
vn -0.1641 -0.1096 0.9803
vn -0.5835 -0.3094 0.7509
vn -0.8460 -0.4259 0.3208
vn -0.8823 -0.4286 -0.1945
vn -0.6828 -0.3168 -0.6583
vn -0.2999 -0.1198 -0.9464
vn 0.1641 0.1096 -0.9803
vn 0.5835 0.3094 -0.7509
vn 0.8460 0.4259 -0.3208
vn 0.9306 0.3119 0.1917
vn 0.7182 0.2313 0.6563
vn 0.3128 0.0884 0.9457
vn -0.1770 -0.0783 0.9811
vn -0.6189 -0.2238 0.7529
vn -0.8943 -0.3092 0.3236
vn -0.9306 -0.3119 -0.1917
vn -0.7182 -0.2313 -0.6563
vn -0.3128 -0.0884 -0.9457
vn 0.1770 0.0783 -0.9811
vn 0.6189 0.2238 -0.7529
vn 0.8943 0.3092 -0.3236
vn 0.9632 0.1898 0.1901
vn 0.7421 0.1418 0.6551
vn 0.3216 0.0557 0.9452
vn -0.1858 -0.0455 0.9815
vn -0.6428 -0.1344 0.7541
vn -0.9269 -0.1871 0.3253
vn -0.9632 -0.1898 -0.1901
vn -0.7421 -0.1418 -0.6551
vn -0.3216 -0.0557 -0.9452
vn 0.1858 0.0455 -0.9815
vn 0.6428 0.1344 -0.7541
vn 0.9269 0.1871 -0.3253
vn 0.9797 0.0645 0.1896
vn 0.7542 0.0500 0.6547
vn 0.3260 0.0220 0.9451
vn -0.1902 -0.0119 0.9817
vn -0.6549 -0.0426 0.7545
vn -0.9434 -0.0618 0.3258
vn -0.9797 -0.0645 -0.1896
vn -0.7542 -0.0500 -0.6547
vn -0.3260 -0.0220 -0.9451
vn 0.1902 0.0119 -0.9817
vn 0.6549 0.0426 -0.7545
vn 0.9434 0.0618 -0.3258
vn 0.9798 -0.0618 0.1902
vn 0.7543 -0.0426 0.6552
vn 0.3260 -0.0119 0.9453
vn -0.1903 0.0220 0.9815
vn -0.6550 0.0500 0.7540
vn -0.9435 0.0645 0.3251
vn -0.9798 0.0618 -0.1902
vn -0.7543 0.0426 -0.6552
vn -0.3260 0.0119 -0.9453
vn 0.1903 -0.0220 -0.9815
vn 0.6550 -0.0500 -0.7540
vn 0.9435 -0.0645 -0.3251
vn 0.9634 -0.1871 0.1920
vn 0.7422 -0.1344 0.6565
vn 0.3216 -0.0455 0.9458
vn -0.1859 0.0557 0.9810
vn -0.6429 0.1418 0.7527
vn -0.9271 0.1898 0.3233
vn -0.9634 0.1871 -0.1920
vn -0.7422 0.1344 -0.6565
vn -0.3216 0.0455 -0.9458
vn 0.1859 -0.0557 -0.9810
vn 0.6429 -0.1418 -0.7527
vn 0.9271 -0.1898 -0.3233
vn 0.9308 -0.3092 0.1950
vn 0.7184 -0.2238 0.6587
vn 0.3129 -0.0783 0.9466
vn -0.1771 0.0884 0.9802
vn -0.6191 0.2313 0.7505
vn -0.8945 0.3119 0.3203
vn -0.9308 0.3092 -0.1950
vn -0.7184 0.2238 -0.6587
vn -0.3129 0.0783 -0.9466
vn 0.1771 -0.0884 -0.9802
vn 0.6191 -0.2312 -0.7505
vn 0.8945 -0.3119 -0.3203
vn 0.8826 -0.4259 0.1990
vn 0.6831 -0.3094 0.6616
vn 0.2999 -0.1096 0.9476
vn -0.1642 0.1198 0.9791
vn -0.5838 0.3168 0.7476
vn -0.8463 0.4286 0.3163
vn -0.8826 0.4259 -0.1990
vn -0.6831 0.3094 -0.6616
vn -0.2999 0.1096 -0.9476
vn 0.1642 -0.1198 -0.9791
vn 0.5838 -0.3168 -0.7476
vn 0.8463 -0.4286 -0.3163
vn 0.8196 -0.5353 0.2040
vn 0.6369 -0.3895 0.6653
vn 0.2830 -0.1390 0.9490
vn -0.1473 0.1492 0.9778
vn -0.5376 0.3970 0.7439
vn -0.7833 0.5381 0.3113
vn -0.8196 0.5353 -0.2040
vn -0.6369 0.3895 -0.6653
vn -0.2830 0.1390 -0.9490
vn 0.1473 -0.1492 -0.9778
vn 0.5376 -0.3970 -0.7439
vn 0.7833 -0.5381 -0.3113
vn 0.7429 -0.6356 0.2099
vn 0.5807 -0.4630 0.6696
vn 0.2624 -0.1659 0.9506
vn -0.1267 0.1761 0.9762
vn -0.4814 0.4704 0.7396
vn -0.7066 0.6383 0.3054
vn -0.7429 0.6356 -0.2099
vn -0.5807 0.4630 -0.6696
vn -0.2624 0.1659 -0.9506
vn 0.1267 -0.1761 -0.9762
vn 0.4814 -0.4704 -0.7396
vn 0.7066 -0.6383 -0.3054
vn 0.6538 -0.7250 0.2167
vn 0.5154 -0.5285 0.6746
vn 0.2385 -0.1899 0.9524
vn -0.1028 0.2001 0.9744
vn -0.4161 0.5359 0.7346
vn -0.6175 0.7277 0.2986
vn -0.6538 0.7250 -0.2167
vn -0.5154 0.5285 -0.6746
vn -0.2385 0.1899 -0.9524
vn 0.1028 -0.2001 -0.9744
vn 0.4161 -0.5359 -0.7346
vn 0.6175 -0.7277 -0.2986
vn 0.5538 -0.8019 0.2241
vn 0.4422 -0.5848 0.6800
vn 0.2117 -0.2105 0.9544
vn -0.0759 0.2207 0.9724
vn -0.3429 0.5923 0.7291
vn -0.5175 0.8046 0.2912
vn -0.5538 0.8019 -0.2241
vn -0.4422 0.5848 -0.6800
vn -0.2117 0.2105 -0.9544
vn 0.0759 -0.2207 -0.9724
vn 0.3429 -0.5923 -0.7291
vn 0.5175 -0.8046 -0.2912
vn 0.4447 -0.8651 0.2322
vn 0.3622 -0.6311 0.6859
vn 0.1824 -0.2275 0.9565
vn -0.0466 0.2377 0.9702
vn -0.2629 0.6386 0.7233
vn -0.4084 0.8678 0.2831
vn -0.4447 0.8651 -0.2322
vn -0.3622 0.6311 -0.6859
vn -0.1824 0.2275 -0.9565
vn 0.0466 -0.2377 -0.9702
vn 0.2629 -0.6386 -0.7233
vn 0.4084 -0.8678 -0.2831
vn 0.3283 -0.9134 0.2406
vn 0.2769 -0.6666 0.6921
vn 0.1511 -0.2405 0.9588
vn -0.0154 0.2507 0.9680
vn -0.1776 0.6740 0.7171
vn -0.2919 0.9161 0.2747
vn -0.3283 0.9134 -0.2406
vn -0.2769 0.6666 -0.6921
vn -0.1511 0.2405 -0.9588
vn 0.0154 -0.2507 -0.9680
vn 0.1776 -0.6740 -0.7171
vn 0.2919 -0.9161 -0.2747
vn 0.2065 -0.9461 0.2494
vn 0.1877 -0.6905 0.6985
vn 0.1184 -0.2493 0.9612
vn 0.0173 0.2594 0.9656
vn -0.0884 0.6980 0.7107
vn -0.1702 0.9488 0.2659
vn -0.2065 0.9461 -0.2494
vn -0.1877 0.6905 -0.6985
vn -0.1184 0.2493 -0.9612
vn -0.0173 -0.2594 -0.9656
vn 0.0884 -0.6980 -0.7107
vn 0.1702 -0.9488 -0.2659
vn 0.0815 -0.9626 0.2583
vn 0.0961 -0.7026 0.7050
vn 0.0849 -0.2537 0.9636
vn 0.0509 0.2639 0.9632
vn 0.0032 0.7101 0.7041
vn -0.0452 0.9653 0.2570
vn -0.0815 0.9626 -0.2583
vn -0.0961 0.7026 -0.7050
vn -0.0849 0.2537 -0.9636
vn -0.0509 -0.2639 -0.9632
vn -0.0032 -0.7101 -0.7041
vn 0.0452 -0.9653 -0.2570
vn -0.7829 -0.5353 0.3169
vn -0.6191 0.2312 0.7505
vn 0.8196 -0.5354 0.2040
vt 0.500000 0.500000
vt 0.520833 0.500000
vt 0.520833 0.583333
vt 0.500000 0.583333
vt 0.520833 0.666667
vt 0.500000 0.666667
vt 0.520833 0.750000
vt 0.500000 0.750000
vt 0.520833 0.833333
vt 0.500000 0.833333
vt 0.520833 0.916667
vt 0.500000 0.916667
vt 0.520833 1.000000
vt 0.500000 1.000000
vt 0.500000 0.000000
vt 0.520833 0.000000
vt 0.520833 0.083333
vt 0.500000 0.083333
vt 0.520833 0.166667
vt 0.500000 0.166667
vt 0.520833 0.250000
vt 0.500000 0.250000
vt 0.520833 0.333333
vt 0.500000 0.333333
vt 0.520833 0.416667
vt 0.500000 0.416667
vt 0.541667 0.500000
vt 0.541667 0.583333
vt 0.541667 0.666667
vt 0.541667 0.750000
vt 0.541667 0.833333
vt 0.541667 0.916667
vt 0.541667 1.000000
vt 0.541667 0.000000
vt 0.541667 0.083333
vt 0.541667 0.166667
vt 0.541667 0.250000
vt 0.541667 0.333333
vt 0.541667 0.416667
vt 0.562500 0.500000
vt 0.562500 0.583333
vt 0.562500 0.666667
vt 0.562500 0.750000
vt 0.562500 0.833333
vt 0.562500 0.916667
vt 0.562500 1.000000
vt 0.562500 0.000000
vt 0.562500 0.083333
vt 0.562500 0.166667
vt 0.562500 0.250000
vt 0.562500 0.333333
vt 0.562500 0.416667
vt 0.583333 0.500000
vt 0.583333 0.583333
vt 0.583333 0.666667
vt 0.583333 0.750000
vt 0.583333 0.833333
vt 0.583333 0.916667
vt 0.583333 1.000000
vt 0.583333 0.000000
vt 0.583333 0.083333
vt 0.583333 0.166667
vt 0.583333 0.250000
vt 0.583333 0.333333
vt 0.583333 0.416667
vt 0.604167 0.500000
vt 0.604167 0.583333
vt 0.604167 0.666667
vt 0.604167 0.750000
vt 0.604167 0.833333
vt 0.604167 0.916667
vt 0.604167 1.000000
vt 0.604167 0.000000
vt 0.604167 0.083333
vt 0.604167 0.166667
vt 0.604167 0.250000
vt 0.604167 0.333333
vt 0.604167 0.416667
vt 0.625000 0.500000
vt 0.625000 0.583333
vt 0.625000 0.666667
vt 0.625000 0.750000
vt 0.625000 0.833333
vt 0.625000 0.916667
vt 0.625000 1.000000
vt 0.625000 0.000000
vt 0.625000 0.083333
vt 0.625000 0.166667
vt 0.625000 0.250000
vt 0.625000 0.333333
vt 0.625000 0.416667
vt 0.645833 0.500000
vt 0.645833 0.583333
vt 0.645833 0.666667
vt 0.645833 0.750000
vt 0.645833 0.833333
vt 0.645833 0.916667
vt 0.645833 1.000000
vt 0.645833 0.000000
vt 0.645833 0.083333
vt 0.645833 0.166667
vt 0.645833 0.250000
vt 0.645833 0.333333
vt 0.645833 0.416667
vt 0.666667 0.500000
vt 0.666667 0.583333
vt 0.666667 0.666667
vt 0.666667 0.750000
vt 0.666667 0.833333
vt 0.666667 0.916667
vt 0.666667 1.000000
vt 0.666667 0.000000
vt 0.666667 0.083333
vt 0.666667 0.166667
vt 0.666667 0.250000
vt 0.666667 0.333333
vt 0.666667 0.416667
vt 0.687500 0.500000
vt 0.687500 0.583333
vt 0.687500 0.666667
vt 0.687500 0.750000
vt 0.687500 0.833333
vt 0.687500 0.916667
vt 0.687500 1.000000
vt 0.687500 0.000000
vt 0.687500 0.083333
vt 0.687500 0.166667
vt 0.687500 0.250000
vt 0.687500 0.333333
vt 0.687500 0.416667
vt 0.708333 0.500000
vt 0.708333 0.583333
vt 0.708333 0.666667
vt 0.708333 0.750000
vt 0.708333 0.833333
vt 0.708333 0.916667
vt 0.708333 1.000000
vt 0.708333 0.000000
vt 0.708333 0.083333
vt 0.708333 0.166667
vt 0.708333 0.250000
vt 0.708333 0.333333
vt 0.708333 0.416667
vt 0.729167 0.500000
vt 0.729167 0.583333
vt 0.729167 0.666667
vt 0.729167 0.750000
vt 0.729167 0.833333
vt 0.729167 0.916667
vt 0.729167 1.000000
vt 0.729167 0.000000
vt 0.729167 0.083333
vt 0.729167 0.166667
vt 0.729167 0.250000
vt 0.729167 0.333333
vt 0.729167 0.416667
vt 0.750000 0.500000
vt 0.750000 0.583333
vt 0.750000 0.666667
vt 0.750000 0.750000
vt 0.750000 0.833333
vt 0.750000 0.916667
vt 0.750000 1.000000
vt 0.750000 0.000000
vt 0.750000 0.083333
vt 0.750000 0.166667
vt 0.750000 0.250000
vt 0.750000 0.333333
vt 0.750000 0.416667
vt 0.770833 0.500000
vt 0.770833 0.583333
vt 0.770833 0.666667
vt 0.770833 0.750000
vt 0.770833 0.833333
vt 0.770833 0.916667
vt 0.770833 1.000000
vt 0.770833 0.000000
vt 0.770833 0.083333
vt 0.770833 0.166667
vt 0.770833 0.250000
vt 0.770833 0.333333
vt 0.770833 0.416667
vt 0.791667 0.500000
vt 0.791667 0.583333
vt 0.791667 0.666667
vt 0.791667 0.750000
vt 0.791667 0.833333
vt 0.791667 0.916667
vt 0.791667 1.000000
vt 0.791667 0.000000
vt 0.791667 0.083333
vt 0.791667 0.166667
vt 0.791667 0.250000
vt 0.791667 0.333333
vt 0.791667 0.416667
vt 0.812500 0.500000
vt 0.812500 0.583333
vt 0.812500 0.666667
vt 0.812500 0.750000
vt 0.812500 0.833333
vt 0.812500 0.916667
vt 0.812500 1.000000
vt 0.812500 0.000000
vt 0.812500 0.083333
vt 0.812500 0.166667
vt 0.812500 0.250000
vt 0.812500 0.333333
vt 0.812500 0.416667
vt 0.833333 0.500000
vt 0.833333 0.583333
vt 0.833333 0.666667
vt 0.833333 0.750000
vt 0.833333 0.833333
vt 0.833333 0.916667
vt 0.833333 1.000000
vt 0.833333 0.000000
vt 0.833333 0.083333
vt 0.833333 0.166667
vt 0.833333 0.250000
vt 0.833333 0.333333
vt 0.833333 0.416667
vt 0.854167 0.500000
vt 0.854167 0.583333
vt 0.854167 0.666667
vt 0.854167 0.750000
vt 0.854167 0.833333
vt 0.854167 0.916667
vt 0.854167 1.000000
vt 0.854167 0.000000
vt 0.854167 0.083333
vt 0.854167 0.166667
vt 0.854167 0.250000
vt 0.854167 0.333333
vt 0.854167 0.416667
vt 0.875000 0.500000
vt 0.875000 0.583333
vt 0.875000 0.666667
vt 0.875000 0.750000
vt 0.875000 0.833333
vt 0.875000 0.916667
vt 0.875000 1.000000
vt 0.875000 0.000000
vt 0.875000 0.083333
vt 0.875000 0.166667
vt 0.875000 0.250000
vt 0.875000 0.333333
vt 0.875000 0.416667
vt 0.895833 0.500000
vt 0.895833 0.583333
vt 0.895833 0.666667
vt 0.895833 0.750000
vt 0.895833 0.833333
vt 0.895833 0.916667
vt 0.895833 1.000000
vt 0.895833 0.000000
vt 0.895833 0.083333
vt 0.895833 0.166667
vt 0.895833 0.250000
vt 0.895833 0.333333
vt 0.895833 0.416667
vt 0.916667 0.500000
vt 0.916667 0.583333
vt 0.916667 0.666667
vt 0.916667 0.750000
vt 0.916667 0.833333
vt 0.916667 0.916667
vt 0.916667 1.000000
vt 0.916667 0.000000
vt 0.916667 0.083333
vt 0.916667 0.166667
vt 0.916667 0.250000
vt 0.916667 0.333333
vt 0.916667 0.416667
vt 0.937500 0.500000
vt 0.937500 0.583333
vt 0.937500 0.666667
vt 0.937500 0.750000
vt 0.937500 0.833333
vt 0.937500 0.916667
vt 0.937500 1.000000
vt 0.937500 0.000000
vt 0.937500 0.083333
vt 0.937500 0.166667
vt 0.937500 0.250000
vt 0.937500 0.333333
vt 0.937500 0.416667
vt 0.958333 0.500000
vt 0.958333 0.583333
vt 0.958333 0.666667
vt 0.958333 0.750000
vt 0.958333 0.833333
vt 0.958333 0.916667
vt 0.958333 1.000000
vt 0.958333 0.000000
vt 0.958333 0.083333
vt 0.958333 0.166667
vt 0.958333 0.250000
vt 0.958333 0.333333
vt 0.958333 0.416667
vt 0.979167 0.500000
vt 0.979167 0.583333
vt 0.979167 0.666667
vt 0.979167 0.750000
vt 0.979167 0.833333
vt 0.979167 0.916667
vt 0.979167 1.000000
vt 0.979167 0.000000
vt 0.979167 0.083333
vt 0.979167 0.166667
vt 0.979167 0.250000
vt 0.979167 0.333333
vt 0.979167 0.416667
vt 1.000000 0.500000
vt 1.000000 0.583333
vt 1.000000 0.666667
vt 1.000000 0.750000
vt 1.000000 0.833333
vt 1.000000 0.916667
vt 1.000000 1.000000
vt 1.000000 0.000000
vt 1.000000 0.083333
vt 1.000000 0.166667
vt 1.000000 0.250000
vt 1.000000 0.333333
vt 1.000000 0.416667
vt 0.000000 0.500000
vt 0.020833 0.500000
vt 0.020833 0.583333
vt 0.000000 0.583333
vt 0.020833 0.666667
vt 0.000000 0.666667
vt 0.020833 0.750000
vt 0.000000 0.750000
vt 0.020833 0.833333
vt 0.000000 0.833333
vt 0.020833 0.916667
vt 0.000000 0.916667
vt 0.020833 1.000000
vt 0.000000 1.000000
vt 0.000000 0.000000
vt 0.020833 0.000000
vt 0.020833 0.083333
vt 0.000000 0.083333
vt 0.020833 0.166667
vt 0.000000 0.166667
vt 0.020833 0.250000
vt 0.000000 0.250000
vt 0.020833 0.333333
vt 0.000000 0.333333
vt 0.020833 0.416667
vt 0.000000 0.416667
vt 0.041667 0.500000
vt 0.041667 0.583333
vt 0.041667 0.666667
vt 0.041667 0.750000
vt 0.041667 0.833333
vt 0.041667 0.916667
vt 0.041667 1.000000
vt 0.041667 0.000000
vt 0.041667 0.083333
vt 0.041667 0.166667
vt 0.041667 0.250000
vt 0.041667 0.333333
vt 0.041667 0.416667
vt 0.062500 0.500000
vt 0.062500 0.583333
vt 0.062500 0.666667
vt 0.062500 0.750000
vt 0.062500 0.833333
vt 0.062500 0.916667
vt 0.062500 1.000000
vt 0.062500 0.000000
vt 0.062500 0.083333
vt 0.062500 0.166667
vt 0.062500 0.250000
vt 0.062500 0.333333
vt 0.062500 0.416667
vt 0.083333 0.500000
vt 0.083333 0.583333
vt 0.083333 0.666667
vt 0.083333 0.750000
vt 0.083333 0.833333
vt 0.083333 0.916667
vt 0.083333 1.000000
vt 0.083333 0.000000
vt 0.083333 0.083333
vt 0.083333 0.166667
vt 0.083333 0.250000
vt 0.083333 0.333333
vt 0.083333 0.416667
vt 0.104167 0.500000
vt 0.104167 0.583333
vt 0.104167 0.666667
vt 0.104167 0.750000
vt 0.104167 0.833333
vt 0.104167 0.916667
vt 0.104167 1.000000
vt 0.104167 0.000000
vt 0.104167 0.083333
vt 0.104167 0.166667
vt 0.104167 0.250000
vt 0.104167 0.333333
vt 0.104167 0.416667
vt 0.125000 0.500000
vt 0.125000 0.583333
vt 0.125000 0.666667
vt 0.125000 0.750000
vt 0.125000 0.833333
vt 0.125000 0.916667
vt 0.125000 1.000000
vt 0.125000 0.000000
vt 0.125000 0.083333
vt 0.125000 0.166667
vt 0.125000 0.250000
vt 0.125000 0.333333
vt 0.125000 0.416667
vt 0.145833 0.500000
vt 0.145833 0.583333
vt 0.145833 0.666667
vt 0.145833 0.750000
vt 0.145833 0.833333
vt 0.145833 0.916667
vt 0.145833 1.000000
vt 0.145833 0.000000
vt 0.145833 0.083333
vt 0.145833 0.166667
vt 0.145833 0.250000
vt 0.145833 0.333333
vt 0.145833 0.416667
vt 0.166667 0.500000
vt 0.166667 0.583333
vt 0.166667 0.666667
vt 0.166667 0.750000
vt 0.166667 0.833333
vt 0.166667 0.916667
vt 0.166667 1.000000
vt 0.166667 0.000000
vt 0.166667 0.083333
vt 0.166667 0.166667
vt 0.166667 0.250000
vt 0.166667 0.333333
vt 0.166667 0.416667
vt 0.187500 0.500000
vt 0.187500 0.583333
vt 0.187500 0.666667
vt 0.187500 0.750000
vt 0.187500 0.833333
vt 0.187500 0.916667
vt 0.187500 1.000000
vt 0.187500 0.000000
vt 0.187500 0.083333
vt 0.187500 0.166667
vt 0.187500 0.250000
vt 0.187500 0.333333
vt 0.187500 0.416667
vt 0.208333 0.500000
vt 0.208333 0.583333
vt 0.208333 0.666667
vt 0.208333 0.750000
vt 0.208333 0.833333
vt 0.208333 0.916667
vt 0.208333 1.000000
vt 0.208333 0.000000
vt 0.208333 0.083333
vt 0.208333 0.166667
vt 0.208333 0.250000
vt 0.208333 0.333333
vt 0.208333 0.416667
vt 0.229167 0.500000
vt 0.229167 0.583333
vt 0.229167 0.666667
vt 0.229167 0.750000
vt 0.229167 0.833333
vt 0.229167 0.916667
vt 0.229167 1.000000
vt 0.229167 0.000000
vt 0.229167 0.083333
vt 0.229167 0.166667
vt 0.229167 0.250000
vt 0.229167 0.333333
vt 0.229167 0.416667
vt 0.250000 0.500000
vt 0.250000 0.583333
vt 0.250000 0.666667
vt 0.250000 0.750000
vt 0.250000 0.833333
vt 0.250000 0.916667
vt 0.250000 1.000000
vt 0.250000 0.000000
vt 0.250000 0.083333
vt 0.250000 0.166667
vt 0.250000 0.250000
vt 0.250000 0.333333
vt 0.250000 0.416667
vt 0.270833 0.500000
vt 0.270833 0.583333
vt 0.270833 0.666667
vt 0.270833 0.750000
vt 0.270833 0.833333
vt 0.270833 0.916667
vt 0.270833 1.000000
vt 0.270833 0.000000
vt 0.270833 0.083333
vt 0.270833 0.166667
vt 0.270833 0.250000
vt 0.270833 0.333333
vt 0.270833 0.416667
vt 0.291667 0.500000
vt 0.291667 0.583333
vt 0.291667 0.666667
vt 0.291667 0.750000
vt 0.291667 0.833333
vt 0.291667 0.916667
vt 0.291667 1.000000
vt 0.291667 0.000000
vt 0.291667 0.083333
vt 0.291667 0.166667
vt 0.291667 0.250000
vt 0.291667 0.333333
vt 0.291667 0.416667
vt 0.312500 0.500000
vt 0.312500 0.583333
vt 0.312500 0.666667
vt 0.312500 0.750000
vt 0.312500 0.833333
vt 0.312500 0.916667
vt 0.312500 1.000000
vt 0.312500 0.000000
vt 0.312500 0.083333
vt 0.312500 0.166667
vt 0.312500 0.250000
vt 0.312500 0.333333
vt 0.312500 0.416667
vt 0.333333 0.500000
vt 0.333333 0.583333
vt 0.333333 0.666667
vt 0.333333 0.750000
vt 0.333333 0.833333
vt 0.333333 0.916667
vt 0.333333 1.000000
vt 0.333333 0.000000
vt 0.333333 0.083333
vt 0.333333 0.166667
vt 0.333333 0.250000
vt 0.333333 0.333333
vt 0.333333 0.416667
vt 0.354167 0.500000
vt 0.354167 0.583333
vt 0.354167 0.666667
vt 0.354167 0.750000
vt 0.354167 0.833333
vt 0.354167 0.916667
vt 0.354167 1.000000
vt 0.354167 0.000000
vt 0.354167 0.083333
vt 0.354167 0.166667
vt 0.354167 0.250000
vt 0.354167 0.333333
vt 0.354167 0.416667
vt 0.375000 0.500000
vt 0.375000 0.583333
vt 0.375000 0.666667
vt 0.375000 0.750000
vt 0.375000 0.833333
vt 0.375000 0.916667
vt 0.375000 1.000000
vt 0.375000 0.000000
vt 0.375000 0.083333
vt 0.375000 0.166667
vt 0.375000 0.250000
vt 0.375000 0.333333
vt 0.375000 0.416667
vt 0.395833 0.500000
vt 0.395833 0.583333
vt 0.395833 0.666667
vt 0.395833 0.750000
vt 0.395833 0.833333
vt 0.395833 0.916667
vt 0.395833 1.000000
vt 0.395833 0.000000
vt 0.395833 0.083333
vt 0.395833 0.166667
vt 0.395833 0.250000
vt 0.395833 0.333333
vt 0.395833 0.416667
vt 0.416667 0.500000
vt 0.416667 0.583333
vt 0.416667 0.666667
vt 0.416667 0.750000
vt 0.416667 0.833333
vt 0.416667 0.916667
vt 0.416667 1.000000
vt 0.416667 0.000000
vt 0.416667 0.083333
vt 0.416667 0.166667
vt 0.416667 0.250000
vt 0.416667 0.333333
vt 0.416667 0.416667
vt 0.437500 0.500000
vt 0.437500 0.583333
vt 0.437500 0.666667
vt 0.437500 0.750000
vt 0.437500 0.833333
vt 0.437500 0.916667
vt 0.437500 1.000000
vt 0.437500 0.000000
vt 0.437500 0.083333
vt 0.437500 0.166667
vt 0.437500 0.250000
vt 0.437500 0.333333
vt 0.437500 0.416667
vt 0.458333 0.500000
vt 0.458333 0.583333
vt 0.458333 0.666667
vt 0.458333 0.750000
vt 0.458333 0.833333
vt 0.458333 0.916667
vt 0.458333 1.000000
vt 0.458333 0.000000
vt 0.458333 0.083333
vt 0.458333 0.166667
vt 0.458333 0.250000
vt 0.458333 0.333333
vt 0.458333 0.416667
vt 0.479167 0.500000
vt 0.479167 0.583333
vt 0.479167 0.666667
vt 0.479167 0.750000
vt 0.479167 0.833333
vt 0.479167 0.916667
vt 0.479167 1.000000
vt 0.479167 0.000000
vt 0.479167 0.083333
vt 0.479167 0.166667
vt 0.479167 0.250000
vt 0.479167 0.333333
vt 0.479167 0.416667
s 0
f 4936/1364/814 4937/1367/814 4949/1366/814 4948/1365/814
f 4937/1367/815 4938/1369/815 4950/1368/815 4949/1366/815
f 4938/1369/816 4939/1371/816 4951/1370/816 4950/1368/816
f 4939/1371/817 4940/1373/817 4952/1372/817 4951/1370/817
f 4940/1373/818 4941/1375/818 4953/1374/818 4952/1372/818
f 4941/1375/819 4942/1377/819 4954/1376/819 4953/1374/819
f 4942/1378/820 4943/1381/820 4955/1380/820 4954/1379/820
f 4943/1381/821 4944/1383/821 4956/1382/821 4955/1380/821
f 4944/1383/822 4945/1385/822 4957/1384/822 4956/1382/822
f 4945/1385/823 4946/1387/823 4958/1386/823 4957/1384/823
f 4946/1387/824 4947/1389/824 4959/1388/824 4958/1386/824
f 4947/1389/825 4936/1364/825 4948/1365/825 4959/1388/825
f 4948/1365/826 4949/1366/826 4961/1391/826 4960/1390/826
f 4949/1366/827 4950/1368/827 4962/1392/827 4961/1391/827
f 4950/1368/828 4951/1370/828 4963/1393/828 4962/1392/828
f 4951/1370/829 4952/1372/829 4964/1394/829 4963/1393/829
f 4952/1372/830 4953/1374/830 4965/1395/830 4964/1394/830
f 4953/1374/831 4954/1376/831 4966/1396/831 4965/1395/831
f 4954/1379/832 4955/1380/832 4967/1398/832 4966/1397/832
f 4955/1380/833 4956/1382/833 4968/1399/833 4967/1398/833
f 4956/1382/834 4957/1384/834 4969/1400/834 4968/1399/834
f 4957/1384/835 4958/1386/835 4970/1401/835 4969/1400/835
f 4958/1386/836 4959/1388/836 4971/1402/836 4970/1401/836
f 4959/1388/837 4948/1365/837 4960/1390/837 4971/1402/837
f 4960/1390/838 4961/1391/838 4973/1404/838 4972/1403/838
f 4961/1391/839 4962/1392/839 4974/1405/839 4973/1404/839
f 4962/1392/840 4963/1393/840 4975/1406/840 4974/1405/840
f 4963/1393/841 4964/1394/841 4976/1407/841 4975/1406/841
f 4964/1394/842 4965/1395/842 4977/1408/842 4976/1407/842
f 4965/1395/843 4966/1396/843 4978/1409/843 4977/1408/843
f 4966/1397/844 4967/1398/844 4979/1411/844 4978/1410/844
f 4967/1398/845 4968/1399/845 4980/1412/845 4979/1411/845
f 4968/1399/846 4969/1400/846 4981/1413/846 4980/1412/846
f 4969/1400/847 4970/1401/847 4982/1414/847 4981/1413/847
f 4970/1401/848 4971/1402/848 4983/1415/848 4982/1414/848
f 4971/1402/849 4960/1390/849 4972/1403/849 4983/1415/849
f 4972/1403/850 4973/1404/850 4985/1417/850 4984/1416/850
f 4973/1404/851 4974/1405/851 4986/1418/851 4985/1417/851
f 4974/1405/852 4975/1406/852 4987/1419/852 4986/1418/852
f 4975/1406/853 4976/1407/853 4988/1420/853 4987/1419/853
f 4976/1407/854 4977/1408/854 4989/1421/854 4988/1420/854
f 4977/1408/855 4978/1409/855 4990/1422/855 4989/1421/855
f 4978/1410/856 4979/1411/856 4991/1424/856 4990/1423/856
f 4979/1411/857 4980/1412/857 4992/1425/857 4991/1424/857
f 4980/1412/858 4981/1413/858 4993/1426/858 4992/1425/858
f 4981/1413/859 4982/1414/859 4994/1427/859 4993/1426/859
f 4982/1414/860 4983/1415/860 4995/1428/860 4994/1427/860
f 4983/1415/861 4972/1403/861 4984/1416/861 4995/1428/861
f 4984/1416/862 4985/1417/862 4997/1430/862 4996/1429/862
f 4985/1417/863 4986/1418/863 4998/1431/863 4997/1430/863
f 4986/1418/864 4987/1419/864 4999/1432/864 4998/1431/864
f 4987/1419/865 4988/1420/865 5000/1433/865 4999/1432/865
f 4988/1420/866 4989/1421/866 5001/1434/866 5000/1433/866
f 4989/1421/867 4990/1422/867 5002/1435/867 5001/1434/867
f 4990/1423/868 4991/1424/868 5003/1437/868 5002/1436/868
f 4991/1424/869 4992/1425/869 5004/1438/869 5003/1437/869
f 4992/1425/870 4993/1426/870 5005/1439/870 5004/1438/870
f 4993/1426/871 4994/1427/871 5006/1440/871 5005/1439/871
f 4994/1427/872 4995/1428/872 5007/1441/872 5006/1440/872
f 4995/1428/873 4984/1416/873 4996/1429/873 5007/1441/873
f 4996/1429/874 4997/1430/874 5009/1443/874 5008/1442/874
f 4997/1430/875 4998/1431/875 5010/1444/875 5009/1443/875
f 4998/1431/876 4999/1432/876 5011/1445/876 5010/1444/876
f 4999/1432/877 5000/1433/877 5012/1446/877 5011/1445/877
f 5000/1433/878 5001/1434/878 5013/1447/878 5012/1446/878
f 5001/1434/879 5002/1435/879 5014/1448/879 5013/1447/879
f 5002/1436/880 5003/1437/880 5015/1450/880 5014/1449/880
f 5003/1437/881 5004/1438/881 5016/1451/881 5015/1450/881
f 5004/1438/882 5005/1439/882 5017/1452/882 5016/1451/882
f 5005/1439/883 5006/1440/883 5018/1453/883 5017/1452/883
f 5006/1440/884 5007/1441/884 5019/1454/884 5018/1453/884
f 5007/1441/885 4996/1429/885 5008/1442/885 5019/1454/885
f 5008/1442/886 5009/1443/886 5021/1456/886 5020/1455/886
f 5009/1443/887 5010/1444/887 5022/1457/887 5021/1456/887
f 5010/1444/888 5011/1445/888 5023/1458/888 5022/1457/888
f 5011/1445/889 5012/1446/889 5024/1459/889 5023/1458/889
f 5012/1446/890 5013/1447/890 5025/1460/890 5024/1459/890
f 5013/1447/891 5014/1448/891 5026/1461/891 5025/1460/891
f 5014/1449/892 5015/1450/892 5027/1463/892 5026/1462/892
f 5015/1450/893 5016/1451/893 5028/1464/893 5027/1463/893
f 5016/1451/894 5017/1452/894 5029/1465/894 5028/1464/894
f 5017/1452/895 5018/1453/895 5030/1466/895 5029/1465/895
f 5018/1453/896 5019/1454/896 5031/1467/896 5030/1466/896
f 5019/1454/897 5008/1442/897 5020/1455/897 5031/1467/897
f 5020/1455/898 5021/1456/898 5033/1469/898 5032/1468/898
f 5021/1456/899 5022/1457/899 5034/1470/899 5033/1469/899
f 5022/1457/900 5023/1458/900 5035/1471/900 5034/1470/900
f 5023/1458/901 5024/1459/901 5036/1472/901 5035/1471/901
f 5024/1459/902 5025/1460/902 5037/1473/902 5036/1472/902
f 5025/1460/903 5026/1461/903 5038/1474/903 5037/1473/903
f 5026/1462/904 5027/1463/904 5039/1476/904 5038/1475/904
f 5027/1463/905 5028/1464/905 5040/1477/905 5039/1476/905
f 5028/1464/906 5029/1465/906 5041/1478/906 5040/1477/906
f 5029/1465/907 5030/1466/907 5042/1479/907 5041/1478/907
f 5030/1466/908 5031/1467/908 5043/1480/908 5042/1479/908
f 5031/1467/909 5020/1455/909 5032/1468/909 5043/1480/909
f 5032/1468/910 5033/1469/910 5045/1482/910 5044/1481/910
f 5033/1469/911 5034/1470/911 5046/1483/911 5045/1482/911
f 5034/1470/912 5035/1471/912 5047/1484/912 5046/1483/912
f 5035/1471/913 5036/1472/913 5048/1485/913 5047/1484/913
f 5036/1472/914 5037/1473/914 5049/1486/914 5048/1485/914
f 5037/1473/915 5038/1474/915 5050/1487/915 5049/1486/915
f 5038/1475/916 5039/1476/916 5051/1489/916 5050/1488/916
f 5039/1476/917 5040/1477/917 5052/1490/917 5051/1489/917
f 5040/1477/918 5041/1478/918 5053/1491/918 5052/1490/918
f 5041/1478/919 5042/1479/919 5054/1492/919 5053/1491/919
f 5042/1479/920 5043/1480/920 5055/1493/920 5054/1492/920
f 5043/1480/921 5032/1468/921 5044/1481/921 5055/1493/921
f 5044/1481/922 5045/1482/922 5057/1495/922 5056/1494/922
f 5045/1482/923 5046/1483/923 5058/1496/923 5057/1495/923
f 5046/1483/924 5047/1484/924 5059/1497/924 5058/1496/924
f 5047/1484/925 5048/1485/925 5060/1498/925 5059/1497/925
f 5048/1485/926 5049/1486/926 5061/1499/926 5060/1498/926
f 5049/1486/927 5050/1487/927 5062/1500/927 5061/1499/927
f 5050/1488/928 5051/1489/928 5063/1502/928 5062/1501/928
f 5051/1489/929 5052/1490/929 5064/1503/929 5063/1502/929
f 5052/1490/930 5053/1491/930 5065/1504/930 5064/1503/930
f 5053/1491/931 5054/1492/931 5066/1505/931 5065/1504/931
f 5054/1492/932 5055/1493/932 5067/1506/932 5066/1505/932
f 5055/1493/933 5044/1481/933 5056/1494/933 5067/1506/933
f 5056/1494/934 5057/1495/934 5069/1508/934 5068/1507/934
f 5057/1495/935 5058/1496/935 5070/1509/935 5069/1508/935
f 5058/1496/936 5059/1497/936 5071/1510/936 5070/1509/936
f 5059/1497/937 5060/1498/937 5072/1511/937 5071/1510/937
f 5060/1498/938 5061/1499/938 5073/1512/938 5072/1511/938
f 5061/1499/939 5062/1500/939 5074/1513/939 5073/1512/939
f 5062/1501/940 5063/1502/940 5075/1515/940 5074/1514/940
f 5063/1502/941 5064/1503/941 5076/1516/941 5075/1515/941
f 5064/1503/942 5065/1504/942 5077/1517/942 5076/1516/942
f 5065/1504/943 5066/1505/943 5078/1518/943 5077/1517/943
f 5066/1505/944 5067/1506/944 5079/1519/944 5078/1518/944
f 5067/1506/945 5056/1494/945 5068/1507/945 5079/1519/945
f 5068/1507/946 5069/1508/946 5081/1521/946 5080/1520/946
f 5069/1508/947 5070/1509/947 5082/1522/947 5081/1521/947
f 5070/1509/948 5071/1510/948 5083/1523/948 5082/1522/948
f 5071/1510/949 5072/1511/949 5084/1524/949 5083/1523/949
f 5072/1511/950 5073/1512/950 5085/1525/950 5084/1524/950
f 5073/1512/951 5074/1513/951 5086/1526/951 5085/1525/951
f 5074/1514/952 5075/1515/952 5087/1528/952 5086/1527/952
f 5075/1515/953 5076/1516/953 5088/1529/953 5087/1528/953
f 5076/1516/954 5077/1517/954 5089/1530/954 5088/1529/954
f 5077/1517/955 5078/1518/955 5090/1531/955 5089/1530/955
f 5078/1518/956 5079/1519/956 5091/1532/956 5090/1531/956
f 5079/1519/957 5068/1507/957 5080/1520/957 5091/1532/957
f 5080/1520/958 5081/1521/958 5093/1534/958 5092/1533/958
f 5081/1521/959 5082/1522/959 5094/1535/959 5093/1534/959
f 5082/1522/960 5083/1523/960 5095/1536/960 5094/1535/960
f 5083/1523/961 5084/1524/961 5096/1537/961 5095/1536/961
f 5084/1524/962 5085/1525/962 5097/1538/962 5096/1537/962
f 5085/1525/963 5086/1526/963 5098/1539/963 5097/1538/963
f 5086/1527/964 5087/1528/964 5099/1541/964 5098/1540/964
f 5087/1528/965 5088/1529/965 5100/1542/965 5099/1541/965
f 5088/1529/966 5089/1530/966 5101/1543/966 5100/1542/966
f 5089/1530/967 5090/1531/967 5102/1544/967 5101/1543/967
f 5090/1531/968 5091/1532/968 5103/1545/968 5102/1544/968
f 5091/1532/969 5080/1520/969 5092/1533/969 5103/1545/969
f 5092/1533/970 5093/1534/970 5105/1547/970 5104/1546/970
f 5093/1534/971 5094/1535/971 5106/1548/971 5105/1547/971
f 5094/1535/972 5095/1536/972 5107/1549/972 5106/1548/972
f 5095/1536/973 5096/1537/973 5108/1550/973 5107/1549/973
f 5096/1537/974 5097/1538/974 5109/1551/974 5108/1550/974
f 5097/1538/975 5098/1539/975 5110/1552/975 5109/1551/975
f 5098/1540/976 5099/1541/976 5111/1554/976 5110/1553/976
f 5099/1541/977 5100/1542/977 5112/1555/977 5111/1554/977
f 5100/1542/978 5101/1543/978 5113/1556/978 5112/1555/978
f 5101/1543/979 5102/1544/979 5114/1557/979 5113/1556/979
f 5102/1544/980 5103/1545/980 5115/1558/980 5114/1557/980
f 5103/1545/981 5092/1533/981 5104/1546/981 5115/1558/981
f 5104/1546/982 5105/1547/982 5117/1560/982 5116/1559/982
f 5105/1547/983 5106/1548/983 5118/1561/983 5117/1560/983
f 5106/1548/984 5107/1549/984 5119/1562/984 5118/1561/984
f 5107/1549/985 5108/1550/985 5120/1563/985 5119/1562/985
f 5108/1550/986 5109/1551/986 5121/1564/986 5120/1563/986
f 5109/1551/987 5110/1552/987 5122/1565/987 5121/1564/987
f 5110/1553/988 5111/1554/988 5123/1567/988 5122/1566/988
f 5111/1554/989 5112/1555/989 5124/1568/989 5123/1567/989
f 5112/1555/990 5113/1556/990 5125/1569/990 5124/1568/990
f 5113/1556/991 5114/1557/991 5126/1570/991 5125/1569/991
f 5114/1557/992 5115/1558/992 5127/1571/992 5126/1570/992
f 5115/1558/993 5104/1546/993 5116/1559/993 5127/1571/993
f 5116/1559/994 5117/1560/994 5129/1573/994 5128/1572/994
f 5117/1560/995 5118/1561/995 5130/1574/995 5129/1573/995
f 5118/1561/996 5119/1562/996 5131/1575/996 5130/1574/996
f 5119/1562/997 5120/1563/997 5132/1576/997 5131/1575/997
f 5120/1563/998 5121/1564/998 5133/1577/998 5132/1576/998
f 5121/1564/999 5122/1565/999 5134/1578/999 5133/1577/999
f 5122/1566/1000 5123/1567/1000 5135/1580/1000 5134/1579/1000
f 5123/1567/1001 5124/1568/1001 5136/1581/1001 5135/1580/1001
f 5124/1568/1002 5125/1569/1002 5137/1582/1002 5136/1581/1002
f 5125/1569/1003 5126/1570/1003 5138/1583/1003 5137/1582/1003
f 5126/1570/1004 5127/1571/1004 5139/1584/1004 5138/1583/1004
f 5127/1571/1005 5116/1559/1005 5128/1572/1005 5139/1584/1005
f 5128/1572/1006 5129/1573/1006 5141/1586/1006 5140/1585/1006
f 5129/1573/1007 5130/1574/1007 5142/1587/1007 5141/1586/1007
f 5130/1574/1008 5131/1575/1008 5143/1588/1008 5142/1587/1008
f 5131/1575/1009 5132/1576/1009 5144/1589/1009 5143/1588/1009
f 5132/1576/1010 5133/1577/1010 5145/1590/1010 5144/1589/1010
f 5133/1577/1011 5134/1578/1011 5146/1591/1011 5145/1590/1011
f 5134/1579/1012 5135/1580/1012 5147/1593/1012 5146/1592/1012
f 5135/1580/1013 5136/1581/1013 5148/1594/1013 5147/1593/1013
f 5136/1581/1014 5137/1582/1014 5149/1595/1014 5148/1594/1014
f 5137/1582/1015 5138/1583/1015 5150/1596/1015 5149/1595/1015
f 5138/1583/1016 5139/1584/1016 5151/1597/1016 5150/1596/1016
f 5139/1584/1017 5128/1572/1017 5140/1585/1017 5151/1597/1017
f 5140/1585/1018 5141/1586/1018 5153/1599/1018 5152/1598/1018
f 5141/1586/1019 5142/1587/1019 5154/1600/1019 5153/1599/1019
f 5142/1587/1020 5143/1588/1020 5155/1601/1020 5154/1600/1020
f 5143/1588/1021 5144/1589/1021 5156/1602/1021 5155/1601/1021
f 5144/1589/1022 5145/1590/1022 5157/1603/1022 5156/1602/1022
f 5145/1590/1023 5146/1591/1023 5158/1604/1023 5157/1603/1023
f 5146/1592/1024 5147/1593/1024 5159/1606/1024 5158/1605/1024
f 5147/1593/1025 5148/1594/1025 5160/1607/1025 5159/1606/1025
f 5148/1594/1026 5149/1595/1026 5161/1608/1026 5160/1607/1026
f 5149/1595/1027 5150/1596/1027 5162/1609/1027 5161/1608/1027
f 5150/1596/1028 5151/1597/1028 5163/1610/1028 5162/1609/1028
f 5151/1597/1029 5140/1585/1029 5152/1598/1029 5163/1610/1029
f 5152/1598/1030 5153/1599/1030 5165/1612/1030 5164/1611/1030
f 5153/1599/1031 5154/1600/1031 5166/1613/1031 5165/1612/1031
f 5154/1600/1032 5155/1601/1032 5167/1614/1032 5166/1613/1032
f 5155/1601/1033 5156/1602/1033 5168/1615/1033 5167/1614/1033
f 5156/1602/1034 5157/1603/1034 5169/1616/1034 5168/1615/1034
f 5157/1603/1035 5158/1604/1035 5170/1617/1035 5169/1616/1035
f 5158/1605/1036 5159/1606/1036 5171/1619/1036 5170/1618/1036
f 5159/1606/1037 5160/1607/1037 5172/1620/1037 5171/1619/1037
f 5160/1607/1038 5161/1608/1038 5173/1621/1038 5172/1620/1038
f 5161/1608/1039 5162/1609/1039 5174/1622/1039 5173/1621/1039
f 5162/1609/1040 5163/1610/1040 5175/1623/1040 5174/1622/1040
f 5163/1610/1041 5152/1598/1041 5164/1611/1041 5175/1623/1041
f 5164/1611/1042 5165/1612/1042 5177/1625/1042 5176/1624/1042
f 5165/1612/1043 5166/1613/1043 5178/1626/1043 5177/1625/1043
f 5166/1613/1044 5167/1614/1044 5179/1627/1044 5178/1626/1044
f 5167/1614/1045 5168/1615/1045 5180/1628/1045 5179/1627/1045
f 5168/1615/1046 5169/1616/1046 5181/1629/1046 5180/1628/1046
f 5169/1616/1047 5170/1617/1047 5182/1630/1047 5181/1629/1047
f 5170/1618/1048 5171/1619/1048 5183/1632/1048 5182/1631/1048
f 5171/1619/1049 5172/1620/1049 5184/1633/1049 5183/1632/1049
f 5172/1620/1050 5173/1621/1050 5185/1634/1050 5184/1633/1050
f 5173/1621/1051 5174/1622/1051 5186/1635/1051 5185/1634/1051
f 5174/1622/1052 5175/1623/1052 5187/1636/1052 5186/1635/1052
f 5175/1623/1053 5164/1611/1053 5176/1624/1053 5187/1636/1053
f 5176/1624/1054 5177/1625/1054 5189/1638/1054 5188/1637/1054
f 5177/1625/1055 5178/1626/1055 5190/1639/1055 5189/1638/1055
f 5178/1626/1056 5179/1627/1056 5191/1640/1056 5190/1639/1056
f 5179/1627/1057 5180/1628/1057 5192/1641/1057 5191/1640/1057
f 5180/1628/1058 5181/1629/1058 5193/1642/1058 5192/1641/1058
f 5181/1629/1059 5182/1630/1059 5194/1643/1059 5193/1642/1059
f 5182/1631/1060 5183/1632/1060 5195/1645/1060 5194/1644/1060
f 5183/1632/1061 5184/1633/1061 5196/1646/1061 5195/1645/1061
f 5184/1633/1062 5185/1634/1062 5197/1647/1062 5196/1646/1062
f 5185/1634/1063 5186/1635/1063 5198/1648/1063 5197/1647/1063
f 5186/1635/1064 5187/1636/1064 5199/1649/1064 5198/1648/1064
f 5187/1636/1065 5176/1624/1065 5188/1637/1065 5199/1649/1065
f 5188/1637/1066 5189/1638/1066 5201/1651/1066 5200/1650/1066
f 5189/1638/1067 5190/1639/1067 5202/1652/1067 5201/1651/1067
f 5190/1639/1068 5191/1640/1068 5203/1653/1068 5202/1652/1068
f 5191/1640/1069 5192/1641/1069 5204/1654/1069 5203/1653/1069
f 5192/1641/1070 5193/1642/1070 5205/1655/1070 5204/1654/1070
f 5193/1642/1071 5194/1643/1071 5206/1656/1071 5205/1655/1071
f 5194/1644/1072 5195/1645/1072 5207/1658/1072 5206/1657/1072
f 5195/1645/1073 5196/1646/1073 5208/1659/1073 5207/1658/1073
f 5196/1646/1074 5197/1647/1074 5209/1660/1074 5208/1659/1074
f 5197/1647/1075 5198/1648/1075 5210/1661/1075 5209/1660/1075
f 5198/1648/1076 5199/1649/1076 5211/1662/1076 5210/1661/1076
f 5199/1649/1077 5188/1637/1077 5200/1650/1077 5211/1662/1077
f 5200/1650/1078 5201/1651/1078 5213/1664/1078 5212/1663/1078
f 5201/1651/1079 5202/1652/1079 5214/1665/1079 5213/1664/1079
f 5202/1652/1080 5203/1653/1080 5215/1666/1080 5214/1665/1080
f 5203/1653/1081 5204/1654/1081 5216/1667/1081 5215/1666/1081
f 5204/1654/1082 5205/1655/1082 5217/1668/1082 5216/1667/1082
f 5205/1655/1083 5206/1656/1083 5218/1669/1083 5217/1668/1083
f 5206/1657/1084 5207/1658/1084 5219/1671/1084 5218/1670/1084
f 5207/1658/1085 5208/1659/1085 5220/1672/1085 5219/1671/1085
f 5208/1659/1086 5209/1660/1086 5221/1673/1086 5220/1672/1086
f 5209/1660/1087 5210/1661/1087 5222/1674/1087 5221/1673/1087
f 5210/1661/1088 5211/1662/1088 5223/1675/1088 5222/1674/1088
f 5211/1662/1089 5200/1650/1089 5212/1663/1089 5223/1675/1089
f 5212/1663/1090 5213/1664/1090 5225/1677/1090 5224/1676/1090
f 5213/1664/1091 5214/1665/1091 5226/1678/1091 5225/1677/1091
f 5214/1665/1092 5215/1666/1092 5227/1679/1092 5226/1678/1092
f 5215/1666/1093 5216/1667/1093 5228/1680/1093 5227/1679/1093
f 5216/1667/1094 5217/1668/1094 5229/1681/1094 5228/1680/1094
f 5217/1668/1095 5218/1669/1095 5230/1682/1095 5229/1681/1095
f 5218/1670/1096 5219/1671/1096 5231/1684/1096 5230/1683/1096
f 5219/1671/1097 5220/1672/1097 5232/1685/1097 5231/1684/1097
f 5220/1672/1098 5221/1673/1098 5233/1686/1098 5232/1685/1098
f 5221/1673/1099 5222/1674/1099 5234/1687/1099 5233/1686/1099
f 5222/1674/1100 5223/1675/1100 5235/1688/1100 5234/1687/1100
f 5223/1675/1101 5212/1663/1101 5224/1676/1101 5235/1688/1101
f 5224/1689/819 5225/1692/819 5237/1691/819 5236/1690/819
f 5225/1692/818 5226/1694/818 5238/1693/818 5237/1691/818
f 5226/1694/817 5227/1696/817 5239/1695/817 5238/1693/817
f 5227/1696/816 5228/1698/816 5240/1697/816 5239/1695/816
f 5228/1698/815 5229/1700/815 5241/1699/815 5240/1697/815
f 5229/1700/814 5230/1702/814 5242/1701/814 5241/1699/814
f 5230/1703/825 5231/1706/825 5243/1705/825 5242/1704/825
f 5231/1706/824 5232/1708/824 5244/1707/824 5243/1705/824
f 5232/1708/823 5233/1710/823 5245/1709/823 5244/1707/823
f 5233/1710/822 5234/1712/822 5246/1711/822 5245/1709/822
f 5234/1712/821 5235/1714/821 5247/1713/821 5246/1711/821
f 5235/1714/820 5224/1689/820 5236/1690/820 5247/1713/820
f 5236/1690/831 5237/1691/831 5249/1716/831 5248/1715/831
f 5237/1691/830 5238/1693/830 5250/1717/830 5249/1716/830
f 5238/1693/829 5239/1695/829 5251/1718/829 5250/1717/829
f 5239/1695/828 5240/1697/828 5252/1719/828 5251/1718/828
f 5240/1697/827 5241/1699/827 5253/1720/827 5252/1719/827
f 5241/1699/826 5242/1701/826 5254/1721/826 5253/1720/826
f 5242/1704/837 5243/1705/837 5255/1723/837 5254/1722/837
f 5243/1705/836 5244/1707/836 5256/1724/836 5255/1723/836
f 5244/1707/835 5245/1709/835 5257/1725/835 5256/1724/835
f 5245/1709/834 5246/1711/834 5258/1726/834 5257/1725/834
f 5246/1711/833 5247/1713/833 5259/1727/833 5258/1726/833
f 5247/1713/832 5236/1690/832 5248/1715/832 5259/1727/832
f 5248/1715/843 5249/1716/843 5261/1729/843 5260/1728/843
f 5249/1716/842 5250/1717/842 5262/1730/842 5261/1729/842
f 5250/1717/841 5251/1718/841 5263/1731/841 5262/1730/841
f 5251/1718/840 5252/1719/840 5264/1732/840 5263/1731/840
f 5252/1719/839 5253/1720/839 5265/1733/839 5264/1732/839
f 5253/1720/838 5254/1721/838 5266/1734/838 5265/1733/838
f 5254/1722/849 5255/1723/849 5267/1736/849 5266/1735/849
f 5255/1723/848 5256/1724/848 5268/1737/848 5267/1736/848
f 5256/1724/847 5257/1725/847 5269/1738/847 5268/1737/847
f 5257/1725/846 5258/1726/846 5270/1739/846 5269/1738/846
f 5258/1726/845 5259/1727/845 5271/1740/845 5270/1739/845
f 5259/1727/844 5248/1715/844 5260/1728/844 5271/1740/844
f 5260/1728/855 5261/1729/855 5273/1742/855 5272/1741/855
f 5261/1729/854 5262/1730/854 5274/1743/854 5273/1742/854
f 5262/1730/853 5263/1731/853 5275/1744/853 5274/1743/853
f 5263/1731/852 5264/1732/852 5276/1745/852 5275/1744/852
f 5264/1732/851 5265/1733/851 5277/1746/851 5276/1745/851
f 5265/1733/850 5266/1734/850 5278/1747/850 5277/1746/850
f 5266/1735/861 5267/1736/861 5279/1749/861 5278/1748/861
f 5267/1736/860 5268/1737/860 5280/1750/860 5279/1749/860
f 5268/1737/859 5269/1738/859 5281/1751/859 5280/1750/859
f 5269/1738/858 5270/1739/858 5282/1752/858 5281/1751/858
f 5270/1739/857 5271/1740/857 5283/1753/857 5282/1752/857
f 5271/1740/856 5260/1728/856 5272/1741/856 5283/1753/856
f 5272/1741/867 5273/1742/867 5285/1755/867 5284/1754/867
f 5273/1742/866 5274/1743/866 5286/1756/866 5285/1755/866
f 5274/1743/865 5275/1744/865 5287/1757/865 5286/1756/865
f 5275/1744/864 5276/1745/864 5288/1758/864 5287/1757/864
f 5276/1745/863 5277/1746/863 5289/1759/863 5288/1758/863
f 5277/1746/862 5278/1747/862 5290/1760/862 5289/1759/862
f 5278/1748/873 5279/1749/873 5291/1762/873 5290/1761/873
f 5279/1749/872 5280/1750/872 5292/1763/872 5291/1762/872
f 5280/1750/871 5281/1751/871 5293/1764/871 5292/1763/871
f 5281/1751/870 5282/1752/870 5294/1765/870 5293/1764/870
f 5282/1752/869 5283/1753/869 5295/1766/869 5294/1765/869
f 5283/1753/868 5272/1741/868 5284/1754/868 5295/1766/868
f 5284/1754/879 5285/1755/879 5297/1768/879 5296/1767/879
f 5285/1755/878 5286/1756/878 5298/1769/878 5297/1768/878
f 5286/1756/877 5287/1757/877 5299/1770/877 5298/1769/877
f 5287/1757/876 5288/1758/876 5300/1771/876 5299/1770/876
f 5288/1758/875 5289/1759/875 5301/1772/875 5300/1771/875
f 5289/1759/874 5290/1760/874 5302/1773/874 5301/1772/874
f 5290/1761/885 5291/1762/885 5303/1775/885 5302/1774/885
f 5291/1762/884 5292/1763/884 5304/1776/884 5303/1775/884
f 5292/1763/883 5293/1764/883 5305/1777/883 5304/1776/883
f 5293/1764/882 5294/1765/882 5306/1778/882 5305/1777/882
f 5294/1765/881 5295/1766/881 5307/1779/881 5306/1778/881
f 5295/1766/880 5284/1754/880 5296/1767/880 5307/1779/880
f 5296/1767/891 5297/1768/891 5309/1781/891 5308/1780/891
f 5297/1768/890 5298/1769/890 5310/1782/890 5309/1781/890
f 5298/1769/889 5299/1770/889 5311/1783/889 5310/1782/889
f 5299/1770/888 5300/1771/888 5312/1784/888 5311/1783/888
f 5300/1771/887 5301/1772/887 5313/1785/887 5312/1784/887
f 5301/1772/886 5302/1773/886 5314/1786/886 5313/1785/886
f 5302/1774/897 5303/1775/897 5315/1788/897 5314/1787/897
f 5303/1775/896 5304/1776/896 5316/1789/896 5315/1788/896
f 5304/1776/895 5305/1777/895 5317/1790/895 5316/1789/895
f 5305/1777/894 5306/1778/894 5318/1791/894 5317/1790/894
f 5306/1778/893 5307/1779/893 5319/1792/893 5318/1791/893
f 5307/1779/892 5296/1767/892 5308/1780/892 5319/1792/892
f 5308/1780/1102 5309/1781/1102 5321/1794/1102 5320/1793/1102
f 5309/1781/902 5310/1782/902 5322/1795/902 5321/1794/902
f 5310/1782/901 5311/1783/901 5323/1796/901 5322/1795/901
f 5311/1783/900 5312/1784/900 5324/1797/900 5323/1796/900
f 5312/1784/899 5313/1785/899 5325/1798/899 5324/1797/899
f 5313/1785/898 5314/1786/898 5326/1799/898 5325/1798/898
f 5314/1787/909 5315/1788/909 5327/1801/909 5326/1800/909
f 5315/1788/908 5316/1789/908 5328/1802/908 5327/1801/908
f 5316/1789/907 5317/1790/907 5329/1803/907 5328/1802/907
f 5317/1790/906 5318/1791/906 5330/1804/906 5329/1803/906
f 5318/1791/905 5319/1792/905 5331/1805/905 5330/1804/905
f 5319/1792/904 5308/1780/904 5320/1793/904 5331/1805/904
f 5320/1793/915 5321/1794/915 5333/1807/915 5332/1806/915
f 5321/1794/914 5322/1795/914 5334/1808/914 5333/1807/914
f 5322/1795/913 5323/1796/913 5335/1809/913 5334/1808/913
f 5323/1796/912 5324/1797/912 5336/1810/912 5335/1809/912
f 5324/1797/911 5325/1798/911 5337/1811/911 5336/1810/911
f 5325/1798/910 5326/1799/910 5338/1812/910 5337/1811/910
f 5326/1800/921 5327/1801/921 5339/1814/921 5338/1813/921
f 5327/1801/920 5328/1802/920 5340/1815/920 5339/1814/920
f 5328/1802/919 5329/1803/919 5341/1816/919 5340/1815/919
f 5329/1803/918 5330/1804/918 5342/1817/918 5341/1816/918
f 5330/1804/917 5331/1805/917 5343/1818/917 5342/1817/917
f 5331/1805/916 5320/1793/916 5332/1806/916 5343/1818/916
f 5332/1806/927 5333/1807/927 5345/1820/927 5344/1819/927
f 5333/1807/926 5334/1808/926 5346/1821/926 5345/1820/926
f 5334/1808/925 5335/1809/925 5347/1822/925 5346/1821/925
f 5335/1809/924 5336/1810/924 5348/1823/924 5347/1822/924
f 5336/1810/923 5337/1811/923 5349/1824/923 5348/1823/923
f 5337/1811/922 5338/1812/922 5350/1825/922 5349/1824/922
f 5338/1813/933 5339/1814/933 5351/1827/933 5350/1826/933
f 5339/1814/932 5340/1815/932 5352/1828/932 5351/1827/932
f 5340/1815/931 5341/1816/931 5353/1829/931 5352/1828/931
f 5341/1816/930 5342/1817/930 5354/1830/930 5353/1829/930
f 5342/1817/929 5343/1818/929 5355/1831/929 5354/1830/929
f 5343/1818/928 5332/1806/928 5344/1819/928 5355/1831/928
f 5344/1819/939 5345/1820/939 5357/1833/939 5356/1832/939
f 5345/1820/938 5346/1821/938 5358/1834/938 5357/1833/938
f 5346/1821/937 5347/1822/937 5359/1835/937 5358/1834/937
f 5347/1822/936 5348/1823/936 5360/1836/936 5359/1835/936
f 5348/1823/935 5349/1824/935 5361/1837/935 5360/1836/935
f 5349/1824/934 5350/1825/934 5362/1838/934 5361/1837/934
f 5350/1826/945 5351/1827/945 5363/1840/945 5362/1839/945
f 5351/1827/944 5352/1828/944 5364/1841/944 5363/1840/944
f 5352/1828/943 5353/1829/943 5365/1842/943 5364/1841/943
f 5353/1829/942 5354/1830/942 5366/1843/942 5365/1842/942
f 5354/1830/941 5355/1831/941 5367/1844/941 5366/1843/941
f 5355/1831/940 5344/1819/940 5356/1832/940 5367/1844/940
f 5356/1832/951 5357/1833/951 5369/1846/951 5368/1845/951
f 5357/1833/950 5358/1834/950 5370/1847/950 5369/1846/950
f 5358/1834/949 5359/1835/949 5371/1848/949 5370/1847/949
f 5359/1835/948 5360/1836/948 5372/1849/948 5371/1848/948
f 5360/1836/947 5361/1837/947 5373/1850/947 5372/1849/947
f 5361/1837/946 5362/1838/946 5374/1851/946 5373/1850/946
f 5362/1839/957 5363/1840/957 5375/1853/957 5374/1852/957
f 5363/1840/956 5364/1841/956 5376/1854/956 5375/1853/956
f 5364/1841/955 5365/1842/955 5377/1855/955 5376/1854/955
f 5365/1842/954 5366/1843/954 5378/1856/954 5377/1855/954
f 5366/1843/953 5367/1844/953 5379/1857/953 5378/1856/953
f 5367/1844/952 5356/1832/952 5368/1845/952 5379/1857/952
f 5368/1845/963 5369/1846/963 5381/1859/963 5380/1858/963
f 5369/1846/962 5370/1847/962 5382/1860/962 5381/1859/962
f 5370/1847/961 5371/1848/961 5383/1861/961 5382/1860/961
f 5371/1848/960 5372/1849/960 5384/1862/960 5383/1861/960
f 5372/1849/959 5373/1850/959 5385/1863/959 5384/1862/959
f 5373/1850/958 5374/1851/958 5386/1864/958 5385/1863/958
f 5374/1852/969 5375/1853/969 5387/1866/969 5386/1865/969
f 5375/1853/968 5376/1854/968 5388/1867/968 5387/1866/968
f 5376/1854/967 5377/1855/967 5389/1868/967 5388/1867/967
f 5377/1855/966 5378/1856/966 5390/1869/966 5389/1868/966
f 5378/1856/965 5379/1857/965 5391/1870/965 5390/1869/965
f 5379/1857/964 5368/1845/964 5380/1858/964 5391/1870/964
f 5380/1858/975 5381/1859/975 5393/1872/975 5392/1871/975
f 5381/1859/974 5382/1860/974 5394/1873/974 5393/1872/974
f 5382/1860/973 5383/1861/973 5395/1874/973 5394/1873/973
f 5383/1861/972 5384/1862/972 5396/1875/972 5395/1874/972
f 5384/1862/971 5385/1863/971 5397/1876/971 5396/1875/971
f 5385/1863/970 5386/1864/970 5398/1877/970 5397/1876/970
f 5386/1865/981 5387/1866/981 5399/1879/981 5398/1878/981
f 5387/1866/980 5388/1867/980 5400/1880/980 5399/1879/980
f 5388/1867/979 5389/1868/979 5401/1881/979 5400/1880/979
f 5389/1868/978 5390/1869/978 5402/1882/978 5401/1881/978
f 5390/1869/977 5391/1870/977 5403/1883/977 5402/1882/977
f 5391/1870/976 5380/1858/976 5392/1871/976 5403/1883/976
f 5392/1871/987 5393/1872/987 5405/1885/987 5404/1884/987
f 5393/1872/1103 5394/1873/1103 5406/1886/1103 5405/1885/1103
f 5394/1873/985 5395/1874/985 5407/1887/985 5406/1886/985
f 5395/1874/984 5396/1875/984 5408/1888/984 5407/1887/984
f 5396/1875/983 5397/1876/983 5409/1889/983 5408/1888/983
f 5397/1876/982 5398/1877/982 5410/1890/982 5409/1889/982
f 5398/1878/993 5399/1879/993 5411/1892/993 5410/1891/993
f 5399/1879/992 5400/1880/992 5412/1893/992 5411/1892/992
f 5400/1880/991 5401/1881/991 5413/1894/991 5412/1893/991
f 5401/1881/990 5402/1882/990 5414/1895/990 5413/1894/990
f 5402/1882/989 5403/1883/989 5415/1896/989 5414/1895/989
f 5403/1883/988 5392/1871/988 5404/1884/988 5415/1896/988
f 5404/1884/999 5405/1885/999 5417/1898/999 5416/1897/999
f 5405/1885/998 5406/1886/998 5418/1899/998 5417/1898/998
f 5406/1886/997 5407/1887/997 5419/1900/997 5418/1899/997
f 5407/1887/996 5408/1888/996 5420/1901/996 5419/1900/996
f 5408/1888/995 5409/1889/995 5421/1902/995 5420/1901/995
f 5409/1889/994 5410/1890/994 5422/1903/994 5421/1902/994
f 5410/1891/1005 5411/1892/1005 5423/1905/1005 5422/1904/1005
f 5411/1892/1004 5412/1893/1004 5424/1906/1004 5423/1905/1004
f 5412/1893/1003 5413/1894/1003 5425/1907/1003 5424/1906/1003
f 5413/1894/1002 5414/1895/1002 5426/1908/1002 5425/1907/1002
f 5414/1895/1001 5415/1896/1001 5427/1909/1001 5426/1908/1001
f 5415/1896/1000 5404/1884/1000 5416/1897/1000 5427/1909/1000
f 5416/1897/1011 5417/1898/1011 5429/1911/1011 5428/1910/1011
f 5417/1898/1010 5418/1899/1010 5430/1912/1010 5429/1911/1010
f 5418/1899/1009 5419/1900/1009 5431/1913/1009 5430/1912/1009
f 5419/1900/1008 5420/1901/1008 5432/1914/1008 5431/1913/1008
f 5420/1901/1007 5421/1902/1007 5433/1915/1007 5432/1914/1007
f 5421/1902/1104 5422/1903/1104 5434/1916/1104 5433/1915/1104
f 5422/1904/1017 5423/1905/1017 5435/1918/1017 5434/1917/1017
f 5423/1905/1016 5424/1906/1016 5436/1919/1016 5435/1918/1016
f 5424/1906/1015 5425/1907/1015 5437/1920/1015 5436/1919/1015
f 5425/1907/1014 5426/1908/1014 5438/1921/1014 5437/1920/1014
f 5426/1908/1013 5427/1909/1013 5439/1922/1013 5438/1921/1013
f 5427/1909/1012 5416/1897/1012 5428/1910/1012 5439/1922/1012
f 5428/1910/1023 5429/1911/1023 5441/1924/1023 5440/1923/1023
f 5429/1911/1022 5430/1912/1022 5442/1925/1022 5441/1924/1022
f 5430/1912/1021 5431/1913/1021 5443/1926/1021 5442/1925/1021
f 5431/1913/1020 5432/1914/1020 5444/1927/1020 5443/1926/1020
f 5432/1914/1019 5433/1915/1019 5445/1928/1019 5444/1927/1019
f 5433/1915/1018 5434/1916/1018 5446/1929/1018 5445/1928/1018
f 5434/1917/1029 5435/1918/1029 5447/1931/1029 5446/1930/1029
f 5435/1918/1028 5436/1919/1028 5448/1932/1028 5447/1931/1028
f 5436/1919/1027 5437/1920/1027 5449/1933/1027 5448/1932/1027
f 5437/1920/1026 5438/1921/1026 5450/1934/1026 5449/1933/1026
f 5438/1921/1025 5439/1922/1025 5451/1935/1025 5450/1934/1025
f 5439/1922/1024 5428/1910/1024 5440/1923/1024 5451/1935/1024
f 5440/1923/1035 5441/1924/1035 5453/1937/1035 5452/1936/1035
f 5441/1924/1034 5442/1925/1034 5454/1938/1034 5453/1937/1034
f 5442/1925/1033 5443/1926/1033 5455/1939/1033 5454/1938/1033
f 5443/1926/1032 5444/1927/1032 5456/1940/1032 5455/1939/1032
f 5444/1927/1031 5445/1928/1031 5457/1941/1031 5456/1940/1031
f 5445/1928/1030 5446/1929/1030 5458/1942/1030 5457/1941/1030
f 5446/1930/1041 5447/1931/1041 5459/1944/1041 5458/1943/1041
f 5447/1931/1040 5448/1932/1040 5460/1945/1040 5459/1944/1040
f 5448/1932/1039 5449/1933/1039 5461/1946/1039 5460/1945/1039
f 5449/1933/1038 5450/1934/1038 5462/1947/1038 5461/1946/1038
f 5450/1934/1037 5451/1935/1037 5463/1948/1037 5462/1947/1037
f 5451/1935/1036 5440/1923/1036 5452/1936/1036 5463/1948/1036
f 5452/1936/1047 5453/1937/1047 5465/1950/1047 5464/1949/1047
f 5453/1937/1046 5454/1938/1046 5466/1951/1046 5465/1950/1046
f 5454/1938/1045 5455/1939/1045 5467/1952/1045 5466/1951/1045
f 5455/1939/1044 5456/1940/1044 5468/1953/1044 5467/1952/1044
f 5456/1940/1043 5457/1941/1043 5469/1954/1043 5468/1953/1043
f 5457/1941/1042 5458/1942/1042 5470/1955/1042 5469/1954/1042
f 5458/1943/1053 5459/1944/1053 5471/1957/1053 5470/1956/1053
f 5459/1944/1052 5460/1945/1052 5472/1958/1052 5471/1957/1052
f 5460/1945/1051 5461/1946/1051 5473/1959/1051 5472/1958/1051
f 5461/1946/1050 5462/1947/1050 5474/1960/1050 5473/1959/1050
f 5462/1947/1049 5463/1948/1049 5475/1961/1049 5474/1960/1049
f 5463/1948/1048 5452/1936/1048 5464/1949/1048 5475/1961/1048
f 5464/1949/1059 5465/1950/1059 5477/1963/1059 5476/1962/1059
f 5465/1950/1058 5466/1951/1058 5478/1964/1058 5477/1963/1058
f 5466/1951/1057 5467/1952/1057 5479/1965/1057 5478/1964/1057
f 5467/1952/1056 5468/1953/1056 5480/1966/1056 5479/1965/1056
f 5468/1953/1055 5469/1954/1055 5481/1967/1055 5480/1966/1055
f 5469/1954/1054 5470/1955/1054 5482/1968/1054 5481/1967/1054
f 5470/1956/1065 5471/1957/1065 5483/1970/1065 5482/1969/1065
f 5471/1957/1064 5472/1958/1064 5484/1971/1064 5483/1970/1064
f 5472/1958/1063 5473/1959/1063 5485/1972/1063 5484/1971/1063
f 5473/1959/1062 5474/1960/1062 5486/1973/1062 5485/1972/1062
f 5474/1960/1061 5475/1961/1061 5487/1974/1061 5486/1973/1061
f 5475/1961/1060 5464/1949/1060 5476/1962/1060 5487/1974/1060
f 5476/1962/1071 5477/1963/1071 5489/1976/1071 5488/1975/1071
f 5477/1963/1070 5478/1964/1070 5490/1977/1070 5489/1976/1070
f 5478/1964/1069 5479/1965/1069 5491/1978/1069 5490/1977/1069
f 5479/1965/1068 5480/1966/1068 5492/1979/1068 5491/1978/1068
f 5480/1966/1067 5481/1967/1067 5493/1980/1067 5492/1979/1067
f 5481/1967/1066 5482/1968/1066 5494/1981/1066 5493/1980/1066
f 5482/1969/1077 5483/1970/1077 5495/1983/1077 5494/1982/1077
f 5483/1970/1076 5484/1971/1076 5496/1984/1076 5495/1983/1076
f 5484/1971/1075 5485/1972/1075 5497/1985/1075 5496/1984/1075
f 5485/1972/1074 5486/1973/1074 5498/1986/1074 5497/1985/1074
f 5486/1973/1073 5487/1974/1073 5499/1987/1073 5498/1986/1073
f 5487/1974/1072 5476/1962/1072 5488/1975/1072 5499/1987/1072
f 5488/1975/1083 5489/1976/1083 5501/1989/1083 5500/1988/1083
f 5489/1976/1082 5490/1977/1082 5502/1990/1082 5501/1989/1082
f 5490/1977/1081 5491/1978/1081 5503/1991/1081 5502/1990/1081
f 5491/1978/1080 5492/1979/1080 5504/1992/1080 5503/1991/1080
f 5492/1979/1079 5493/1980/1079 5505/1993/1079 5504/1992/1079
f 5493/1980/1078 5494/1981/1078 5506/1994/1078 5505/1993/1078
f 5494/1982/1089 5495/1983/1089 5507/1996/1089 5506/1995/1089
f 5495/1983/1088 5496/1984/1088 5508/1997/1088 5507/1996/1088
f 5496/1984/1087 5497/1985/1087 5509/1998/1087 5508/1997/1087
f 5497/1985/1086 5498/1986/1086 5510/1999/1086 5509/1998/1086
f 5498/1986/1085 5499/1987/1085 5511/2000/1085 5510/1999/1085
f 5499/1987/1084 5488/1975/1084 5500/1988/1084 5511/2000/1084
f 5500/1988/1095 5501/1989/1095 4937/1367/1095 4936/1364/1095
f 5501/1989/1094 5502/1990/1094 4938/1369/1094 4937/1367/1094
f 5502/1990/1093 5503/1991/1093 4939/1371/1093 4938/1369/1093
f 5503/1991/1092 5504/1992/1092 4940/1373/1092 4939/1371/1092
f 5504/1992/1091 5505/1993/1091 4941/1375/1091 4940/1373/1091
f 5505/1993/1090 5506/1994/1090 4942/1377/1090 4941/1375/1090
f 5506/1995/1101 5507/1996/1101 4943/1381/1101 4942/1378/1101
f 5507/1996/1100 5508/1997/1100 4944/1383/1100 4943/1381/1100
f 5508/1997/1099 5509/1998/1099 4945/1385/1099 4944/1383/1099
f 5509/1998/1098 5510/1999/1098 4946/1387/1098 4945/1385/1098
f 5510/1999/1097 5511/2000/1097 4947/1389/1097 4946/1387/1097
f 5511/2000/1096 5500/1988/1096 4936/1364/1096 4947/1389/1096
o Torus.006
v 2.587150 0.812783 1.070095
v 2.575970 0.802991 1.017205
v 2.545427 0.778253 0.978822
v 2.503704 0.745199 0.965228
v 2.461981 0.712685 0.980068
v 2.431437 0.689424 1.019364
v 2.420258 0.681648 1.072587
v 2.431437 0.691440 1.125476
v 2.461981 0.716178 1.163860
v 2.503704 0.749232 1.177454
v 2.545427 0.781746 1.162614
v 2.575970 0.805007 1.123318
v 2.626380 0.755529 1.071183
v 2.614149 0.747270 1.018264
v 2.580734 0.726724 0.979801
v 2.535088 0.699395 0.966099
v 2.489442 0.672607 0.980829
v 2.456027 0.653537 1.020046
v 2.443796 0.647295 1.073240
v 2.456027 0.655554 1.126158
v 2.489442 0.676100 1.164622
v 2.535088 0.703429 1.178324
v 2.580734 0.730217 1.163593
v 2.614149 0.749287 1.124377
v 2.657800 0.693645 1.072359
v 2.644727 0.687044 1.019409
v 2.609012 0.671028 0.980859
v 2.560224 0.649888 0.967040
v 2.511436 0.629288 0.981653
v 2.475720 0.614748 1.020783
v 2.462648 0.610165 1.073946
v 2.475720 0.616765 1.126896
v 2.511436 0.632781 1.165445
v 2.560224 0.653921 1.179265
v 2.609012 0.674521 1.164652
v 2.644727 0.689061 1.125522
v 2.680871 0.628190 1.073603
v 2.667181 0.623343 1.020620
v 2.629776 0.612119 0.981979
v 2.578681 0.597524 0.968035
v 2.527586 0.583470 0.982523
v 2.490182 0.573721 1.021563
v 2.476491 0.570891 1.074692
v 2.490182 0.575738 1.127675
v 2.527586 0.586963 1.166316
v 2.578681 0.601557 1.180260
v 2.629776 0.615612 1.165771
v 2.667181 0.625360 1.126732
v 2.695201 0.560284 1.074893
v 2.681126 0.557257 1.021876
v 2.642673 0.551003 0.983140
v 2.590145 0.543199 0.969067
v 2.537616 0.535935 0.983427
v 2.499163 0.531158 1.022372
v 2.485088 0.530148 1.075466
v 2.499163 0.533175 1.128484
v 2.537616 0.539428 1.167219
v 2.590145 0.547232 1.181292
v 2.642673 0.554496 1.166933
v 2.681126 0.559273 1.127988
v 2.700543 0.491089 1.076208
v 2.686325 0.489916 1.023155
v 2.647480 0.488728 0.984324
v 2.594418 0.487843 0.970119
v 2.541356 0.487499 0.984347
v 2.502512 0.487787 1.023196
v 2.488293 0.488631 1.076255
v 2.502512 0.489804 1.129308
v 2.541356 0.490992 1.168140
v 2.594418 0.491876 1.182344
v 2.647480 0.492221 1.168116
v 2.686325 0.491932 1.129268
v 2.696805 0.421788 1.077525
v 2.682687 0.422472 1.024437
v 2.644117 0.426357 0.985509
v 2.591428 0.432403 0.971173
v 2.538740 0.438989 0.985269
v 2.500169 0.444350 1.024021
v 2.486051 0.447051 1.077045
v 2.500169 0.446367 1.130134
v 2.538740 0.442481 1.169062
v 2.591428 0.436436 1.183398
v 2.644117 0.429850 1.169302
v 2.682687 0.424489 1.130550
v 2.684053 0.353569 1.078822
v 2.670277 0.356080 1.025699
v 2.632639 0.364960 0.986676
v 2.581226 0.377827 0.972210
v 2.529813 0.391235 0.986177
v 2.492176 0.401590 1.024834
v 2.478400 0.406119 1.077823
v 2.492176 0.403607 1.130947
v 2.529813 0.394728 1.169969
v 2.581226 0.381860 1.184435
v 2.632639 0.368453 1.170469
v 2.670277 0.358097 1.131811
v 2.662503 0.287597 1.080076
v 2.649304 0.291876 1.026919
v 2.613245 0.305585 0.987805
v 2.563987 0.325050 0.973213
v 2.514728 0.345054 0.987054
v 2.478668 0.360239 1.025620
v 2.465470 0.366536 1.078576
v 2.478668 0.362256 1.131732
v 2.514728 0.348547 1.170847
v 2.563987 0.329083 1.185438
v 2.613245 0.309078 1.171597
v 2.649304 0.293893 1.133032
v 2.632525 0.225002 1.081265
v 2.620130 0.230959 1.028077
v 2.586265 0.249250 0.988875
v 2.540004 0.274974 0.974165
v 2.493744 0.301238 0.987887
v 2.459878 0.321005 1.026365
v 2.447483 0.328979 1.079289
v 2.459878 0.323022 1.132478
v 2.493744 0.304731 1.171680
v 2.540004 0.279007 1.186390
v 2.586265 0.252742 1.172668
v 2.620130 0.232975 1.134189
v 2.594632 0.166854 1.082370
v 2.583252 0.174369 1.029152
v 2.552161 0.196917 0.989870
v 2.509690 0.228456 0.975049
v 2.467218 0.260535 0.988661
v 2.436127 0.284559 1.027058
v 2.424747 0.294090 1.079952
v 2.436127 0.286575 1.133171
v 2.467218 0.264028 1.172453
v 2.509690 0.232489 1.187274
v 2.552161 0.200410 1.173662
v 2.583252 0.176386 1.135265
v 2.549472 0.114149 1.083372
v 2.539302 0.123076 1.030127
v 2.511517 0.149482 0.990771
v 2.473562 0.186292 0.975850
v 2.435606 0.223641 0.989362
v 2.407821 0.251523 1.027686
v 2.397651 0.262467 1.080553
v 2.407821 0.253540 1.133798
v 2.435606 0.227134 1.173154
v 2.473562 0.190325 1.188075
v 2.511517 0.152975 1.174564
v 2.539302 0.125093 1.136240
v 2.497818 0.067789 1.084253
v 2.489032 0.077958 1.030984
v 2.465028 0.107758 0.991564
v 2.432238 0.149203 0.976555
v 2.399448 0.191189 0.989979
v 2.375445 0.222465 1.028238
v 2.366659 0.234651 1.081082
v 2.375445 0.224482 1.134351
v 2.399448 0.194682 1.173771
v 2.432238 0.153237 1.188780
v 2.465028 0.111251 1.175357
v 2.489032 0.079975 1.137097
v 2.440553 0.028566 1.084999
v 2.433301 0.039786 1.031710
v 2.413490 0.072457 0.992235
v 2.386426 0.117825 0.977151
v 2.359363 0.163733 0.990500
v 2.339551 0.197880 1.028705
v 2.332300 0.211117 1.081529
v 2.339551 0.199897 1.134818
v 2.359363 0.167226 1.174293
v 2.386426 0.121858 1.189376
v 2.413490 0.075950 1.176027
v 2.433301 0.041803 1.137822
v 2.378658 -0.002848 1.085596
v 2.373065 0.009214 1.032291
v 2.357784 0.044185 0.992772
v 2.336910 0.092694 0.977629
v 2.316036 0.141743 0.990918
v 2.300756 0.178190 1.029080
v 2.295162 0.192269 1.081887
v 2.300756 0.180207 1.135192
v 2.316036 0.145236 1.174711
v 2.336910 0.096727 1.189854
v 2.357784 0.047678 1.176565
v 2.373065 0.011231 1.138403
v 2.313191 -0.025916 1.086034
v 2.309352 -0.013236 1.032717
v 2.298864 0.023424 0.993167
v 2.284537 0.074240 0.977980
v 2.270210 0.125596 0.991225
v 2.259721 0.163731 1.029354
v 2.255882 0.178428 1.082150
v 2.259721 0.165748 1.135467
v 2.270210 0.129089 1.175018
v 2.284537 0.078273 1.190205
v 2.298864 0.026917 1.176959
v 2.309352 -0.011219 1.138830
v 2.245273 -0.040243 1.086306
v 2.243254 -0.027179 1.032982
v 2.237737 0.010530 0.993412
v 2.230202 0.062778 0.978197
v 2.222667 0.115567 0.991416
v 2.217150 0.154752 1.029525
v 2.215131 0.169832 1.082314
v 2.217150 0.156768 1.135638
v 2.222667 0.119060 1.175208
v 2.230202 0.066811 1.190423
v 2.237737 0.014023 1.177204
v 2.243254 -0.025162 1.139095
v 2.176065 -0.045583 1.086408
v 2.175900 -0.032376 1.033081
v 2.175450 0.005723 0.993503
v 2.174836 0.058506 0.978279
v 2.174221 0.111829 0.991487
v 2.173771 0.151404 1.029589
v 2.173607 0.166628 1.082375
v 2.173771 0.153421 1.135701
v 2.174221 0.115321 1.175279
v 2.174836 0.062539 1.190504
v 2.175450 0.009216 1.177296
v 2.175900 -0.030360 1.139194
v 2.106752 -0.041847 1.086337
v 2.108444 -0.028740 1.033012
v 2.113069 0.009086 0.993439
v 2.119385 0.061495 0.978222
v 2.125702 0.114444 0.991437
v 2.130327 0.153746 1.029544
v 2.132019 0.168870 1.082332
v 2.130327 0.155763 1.135657
v 2.125702 0.117937 1.175230
v 2.119385 0.065528 1.190447
v 2.113069 0.012579 1.177232
v 2.108444 -0.026723 1.139125
v 2.038520 -0.029096 1.086094
v 2.042041 -0.016331 1.032776
v 2.051660 0.020561 0.993221
v 2.064800 0.071695 0.978028
v 2.077940 0.123369 0.991267
v 2.087559 0.161738 1.029392
v 2.091080 0.176520 1.082187
v 2.087559 0.163755 1.135505
v 2.077940 0.126862 1.175060
v 2.064800 0.075728 1.190253
v 2.051660 0.024054 1.177014
v 2.042041 -0.014314 1.138889
v 1.972537 -0.007551 1.085685
v 1.977825 0.004637 1.032378
v 1.992275 0.039952 0.992853
v 2.012013 0.088932 0.977700
v 2.031751 0.138451 0.990981
v 2.046201 0.175243 1.029136
v 2.051490 0.189447 1.081941
v 2.046201 0.177259 1.135248
v 2.031751 0.141944 1.174773
v 2.012013 0.092965 1.189926
v 1.992275 0.043445 1.176645
v 1.977825 0.006654 1.138490
v 1.909930 0.022422 1.085115
v 1.916896 0.033807 1.031824
v 1.935929 0.066928 0.992340
v 1.961928 0.112910 0.977245
v 1.987927 0.159432 0.990582
v 2.006959 0.194029 1.028779
v 2.013926 0.207431 1.081599
v 2.006959 0.196046 1.134891
v 1.987927 0.162925 1.174375
v 1.961928 0.116943 1.189470
v 1.935929 0.070420 1.176133
v 1.916896 0.035823 1.137936
v 1.851772 0.060308 1.084395
v 1.860297 0.070678 1.031123
v 1.883587 0.101025 0.991692
v 1.915401 0.143219 0.976669
v 1.947216 0.185952 0.990078
v 1.970506 0.217776 1.028327
v 1.979031 0.230163 1.081167
v 1.970506 0.219793 1.134440
v 1.947216 0.189445 1.173871
v 1.915401 0.147252 1.188894
v 1.883587 0.104518 1.175485
v 1.860297 0.072694 1.137235
v 1.799058 0.105460 1.083537
v 1.808995 0.114620 1.030288
v 1.836144 0.141662 0.990920
v 1.873230 0.179340 0.975982
v 1.910316 0.217559 0.989477
v 1.937465 0.246077 1.027789
v 1.947402 0.257254 1.080652
v 1.937465 0.248094 1.133902
v 1.910316 0.221052 1.173270
v 1.873230 0.183373 1.188207
v 1.836144 0.145155 1.174712
v 1.808995 0.116636 1.136400
v 1.752689 0.157105 1.082556
v 1.763869 0.164881 1.029333
v 1.794412 0.188142 0.990036
v 1.836135 0.220656 0.975197
v 1.877858 0.253710 0.988790
v 1.908401 0.278448 1.027174
v 1.919581 0.288241 1.080064
v 1.908401 0.280464 1.133287
v 1.877858 0.257203 1.172583
v 1.836135 0.224689 1.187422
v 1.794412 0.191635 1.173829
v 1.763869 0.166898 1.135445
v 1.713459 0.214359 1.081468
v 1.725690 0.220601 1.028274
v 1.759105 0.239671 0.989057
v 1.804751 0.266460 0.974327
v 1.850397 0.293788 0.988029
v 1.883812 0.314335 1.026492
v 1.896043 0.322593 1.079411
v 1.883812 0.316351 1.132605
v 1.850397 0.297281 1.171821
v 1.804751 0.270493 1.186552
v 1.759105 0.243164 1.172850
v 1.725690 0.222618 1.134386
v 1.682039 0.276243 1.080292
v 1.695112 0.280827 1.027129
v 1.730827 0.295367 0.987999
v 1.779615 0.315967 0.973386
v 1.828403 0.337107 0.987206
v 1.864119 0.353123 1.025755
v 1.877191 0.359724 1.078705
v 1.864119 0.355140 1.131868
v 1.828403 0.340600 1.170998
v 1.779615 0.320000 1.185611
v 1.730827 0.298860 1.171791
v 1.695112 0.282844 1.133242
v 1.658967 0.341698 1.079048
v 1.672658 0.344528 1.025918
v 1.710063 0.354277 0.986879
v 1.761158 0.368331 0.972391
v 1.812253 0.382926 0.986335
v 1.849657 0.394150 1.024975
v 1.863348 0.398997 1.077959
v 1.849657 0.396167 1.131088
v 1.812253 0.386419 1.170127
v 1.761158 0.372364 1.184616
v 1.710063 0.357769 1.170672
v 1.672658 0.346545 1.132031
v 1.644638 0.409605 1.077757
v 1.658713 0.410615 1.024662
v 1.697166 0.415392 0.985718
v 1.749694 0.422656 0.971358
v 1.802222 0.430460 0.985431
v 1.840676 0.436713 1.024166
v 1.854751 0.439740 1.077184
v 1.840676 0.438730 1.130279
v 1.802222 0.433953 1.169224
v 1.749694 0.426689 1.183583
v 1.697166 0.418885 1.169510
v 1.658713 0.412632 1.130775
v 1.639296 0.478800 1.076442
v 1.653514 0.477956 1.023383
v 1.692359 0.477668 0.984534
v 1.745421 0.478012 0.970306
v 1.798483 0.478897 0.984511
v 1.837327 0.480085 1.023342
v 1.851546 0.481258 1.076395
v 1.837327 0.482101 1.129455
v 1.798483 0.482390 1.168303
v 1.745421 0.482045 1.182531
v 1.692359 0.481161 1.168327
v 1.653514 0.479973 1.129495
v 1.643034 0.548100 1.075125
v 1.657151 0.545399 1.022101
v 1.695722 0.540038 0.983349
v 1.748411 0.533452 0.969253
v 1.801099 0.527407 0.983589
v 1.839670 0.523522 1.022517
v 1.853788 0.522838 1.075605
v 1.839670 0.525538 1.128629
v 1.801099 0.530900 1.167381
v 1.748411 0.537485 1.181478
v 1.695722 0.543531 1.167141
v 1.657151 0.547416 1.128214
v 1.655786 0.616320 1.073829
v 1.669562 0.611791 1.020839
v 1.707200 0.601436 0.982182
v 1.758613 0.588028 0.968215
v 1.810026 0.575161 0.982681
v 1.847663 0.566281 1.021704
v 1.861439 0.563769 1.074827
v 1.847663 0.568298 1.127817
v 1.810026 0.578653 1.166474
v 1.758613 0.592061 1.180441
v 1.707200 0.604928 1.165974
v 1.669562 0.613808 1.126952
v 1.677336 0.682292 1.072575
v 1.690535 0.675995 1.019619
v 1.726594 0.660811 0.981054
v 1.775853 0.640806 0.967212
v 1.825111 0.621341 0.981804
v 1.861171 0.607632 1.020918
v 1.874369 0.603353 1.074075
v 1.861171 0.609649 1.127031
v 1.825111 0.624834 1.165596
v 1.775853 0.644839 1.179438
v 1.726594 0.664303 1.164846
v 1.690535 0.678012 1.125732
v 1.707314 0.744887 1.071385
v 1.719709 0.736913 1.018461
v 1.753574 0.717146 0.979983
v 1.799835 0.690882 0.966261
v 1.846095 0.665157 0.980971
v 1.879960 0.646867 1.020173
v 1.892356 0.640910 1.073361
v 1.879960 0.648883 1.126285
v 1.846095 0.668650 1.164763
v 1.799835 0.694915 1.178486
v 1.753574 0.720639 1.163775
v 1.719709 0.738930 1.124574
v 1.745207 0.803034 1.070280
v 1.756587 0.793503 1.017386
v 1.787678 0.769479 0.978988
v 1.830149 0.737399 0.965377
v 1.872620 0.705861 0.980197
v 1.903712 0.683313 1.019480
v 1.915092 0.675798 1.072698
v 1.903712 0.685330 1.125592
v 1.872620 0.709354 1.163990
v 1.830149 0.741433 1.177602
v 1.787678 0.772972 1.162781
v 1.756587 0.795519 1.123498
v 1.790367 0.855739 1.069278
v 1.800537 0.844795 1.016411
v 1.828322 0.816913 0.978087
v 1.866277 0.779563 0.964575
v 1.904232 0.742754 0.979496
v 1.932018 0.716348 1.018852
v 1.942188 0.707421 1.072097
v 1.932018 0.718365 1.124965
v 1.904232 0.746247 1.163289
v 1.866277 0.783597 1.176800
v 1.828322 0.820406 1.161879
v 1.800537 0.846812 1.122524
v 1.842021 0.902099 1.068397
v 1.850807 0.889914 1.015554
v 1.874811 0.858638 0.977294
v 1.907601 0.816652 0.963870
v 1.940391 0.775206 0.978880
v 1.964394 0.745407 1.018300
v 1.973180 0.735237 1.071569
v 1.964394 0.747423 1.124412
v 1.940391 0.778699 1.162672
v 1.907601 0.820685 1.176096
v 1.874811 0.862130 1.161086
v 1.850807 0.891930 1.121666
v 1.899286 0.941322 1.067652
v 1.906537 0.928085 1.014828
v 1.926349 0.893938 0.976623
v 1.953412 0.848030 0.963274
v 1.980476 0.802662 0.978358
v 2.000288 0.769991 1.017833
v 2.007539 0.758771 1.071121
v 2.000288 0.772008 1.123945
v 1.980476 0.806155 1.162150
v 1.953412 0.852063 1.175499
v 1.926349 0.897431 1.160416
v 1.906537 0.930102 1.120941
v 1.961181 0.972736 1.067055
v 1.966774 0.958658 1.014247
v 1.982055 0.922211 0.976086
v 2.002929 0.873161 0.962797
v 2.023803 0.824652 0.977940
v 2.039083 0.789681 1.017458
v 2.044676 0.777619 1.070763
v 2.039083 0.791698 1.123571
v 2.023803 0.828145 1.161732
v 2.002929 0.877194 1.175022
v 1.982055 0.925703 1.159878
v 1.966774 0.960674 1.120360
v 2.026648 0.995804 1.066617
v 2.030487 0.981107 1.013821
v 2.040975 0.942972 0.975691
v 2.055302 0.891616 0.962446
v 2.069630 0.840800 0.977633
v 2.080118 0.804140 1.017184
v 2.083957 0.791460 1.070500
v 2.080118 0.806157 1.123296
v 2.069630 0.844293 1.161425
v 2.055302 0.895649 1.174671
v 2.040975 0.946465 1.159484
v 2.030487 0.983124 1.119933
v 2.094566 1.010131 1.066344
v 2.096586 0.995050 1.013556
v 2.102102 0.955866 0.975446
v 2.109637 0.903077 0.962228
v 2.117172 0.850828 0.977442
v 2.122689 0.813120 1.017013
v 2.124708 0.800056 1.070337
v 2.122689 0.815137 1.123126
v 2.117172 0.854321 1.161235
v 2.109637 0.907110 1.174453
v 2.102102 0.959359 1.159239
v 2.096586 0.997067 1.119668
v 2.163774 1.015472 1.066243
v 2.163939 1.000248 1.013457
v 2.164388 0.960672 0.975355
v 2.165003 0.907349 0.962147
v 2.165617 0.854567 0.977371
v 2.166068 0.816468 1.016949
v 2.166232 0.803261 1.070276
v 2.166068 0.818484 1.123062
v 2.165617 0.858060 1.161164
v 2.165003 0.911383 1.174372
v 2.164388 0.964165 1.159147
v 2.163939 1.002264 1.119569
v 2.233087 1.011735 1.066314
v 2.231394 0.996611 1.013526
v 2.226770 0.957309 0.975419
v 2.220453 0.904360 0.962204
v 2.214136 0.851951 0.977421
v 2.209512 0.814126 1.016994
v 2.207820 0.801019 1.070318
v 2.209512 0.816142 1.123106
v 2.214136 0.855444 1.161214
v 2.220453 0.908393 1.174429
v 2.226770 0.960802 1.159211
v 2.231394 0.998628 1.119638
v 2.301319 0.998985 1.066556
v 2.297798 0.984203 1.013762
v 2.288179 0.945834 0.975637
v 2.275039 0.894160 0.962397
v 2.261899 0.843026 0.977591
v 2.252280 0.806134 1.017146
v 2.248759 0.793368 1.070464
v 2.252280 0.808150 1.123258
v 2.261899 0.846519 1.161383
v 2.275039 0.898193 1.174623
v 2.288179 0.949327 1.159429
v 2.297798 0.986219 1.119874
v 2.367302 0.977439 1.066966
v 2.362014 0.963234 1.014160
v 2.347564 0.926443 0.976005
v 2.327826 0.876923 0.962725
v 2.308088 0.827944 0.977877
v 2.293638 0.792629 1.017402
v 2.288349 0.780441 1.070709
v 2.293638 0.794646 1.123515
v 2.308088 0.831437 1.161670
v 2.327826 0.880957 1.174950
v 2.347564 0.929936 1.159798
v 2.362014 0.965251 1.120273
v 2.429909 0.947467 1.067535
v 2.422942 0.934065 1.014714
v 2.403910 0.899468 0.976518
v 2.377911 0.852946 0.963181
v 2.351912 0.806963 0.978276
v 2.332880 0.773843 1.017759
v 2.325913 0.762458 1.071051
v 2.332880 0.775859 1.123872
v 2.351912 0.810456 1.162068
v 2.377911 0.856979 1.175406
v 2.403910 0.902961 1.160311
v 2.422942 0.936082 1.120827
v 2.488067 0.909580 1.068255
v 2.479542 0.897194 1.015415
v 2.456252 0.865370 0.977166
v 2.424438 0.822636 0.963757
v 2.392623 0.780443 0.978780
v 2.369333 0.750096 1.018211
v 2.360808 0.739726 1.071483
v 2.369333 0.752112 1.124323
v 2.392623 0.783936 1.162573
v 2.424438 0.826670 1.175982
v 2.456252 0.868863 1.160959
v 2.479542 0.899210 1.121528
v 2.540781 0.864428 1.069113
v 2.530844 0.853252 1.016250
v 2.503695 0.824733 0.977938
v 2.466609 0.786515 0.964443
v 2.429523 0.748837 0.979381
v 2.402374 0.721795 1.018749
v 2.392437 0.712635 1.071998
v 2.402374 0.723811 1.124861
v 2.429523 0.752330 1.163173
v 2.466609 0.790548 1.176668
v 2.503695 0.828226 1.161731
v 2.530844 0.855268 1.122363
vn 0.7970 0.5410 -0.2686
vn 0.5840 0.3866 -0.7138
vn 0.2139 0.1282 -0.9684
vn -0.2139 -0.1649 -0.9628
vn -0.5840 -0.4134 -0.6986
vn -0.7970 -0.5508 -0.2479
vn -0.7970 -0.5410 0.2686
vn -0.5840 -0.3866 0.7138
vn -0.2139 -0.1282 0.9684
vn 0.2139 0.1649 0.9628
vn 0.5840 0.4134 0.6986
vn 0.7970 0.5508 0.2479
vn 0.8614 0.4323 -0.2666
vn 0.6312 0.3069 -0.7123
vn 0.2312 0.0990 -0.9678
vn -0.2312 -0.1357 -0.9634
vn -0.6312 -0.3338 -0.7001
vn -0.8614 -0.4421 -0.2499
vn -0.8614 -0.4323 0.2666
vn -0.6312 -0.3069 0.7123
vn -0.2312 -0.0990 0.9678
vn 0.2312 0.1357 0.9634
vn 0.6312 0.3338 0.7001
vn 0.8614 0.4421 0.2499
vn 0.9111 0.3161 -0.2644
vn 0.6676 0.2218 -0.7107
vn 0.2446 0.0678 -0.9673
vn -0.2446 -0.1045 -0.9640
vn -0.6676 -0.2487 -0.7018
vn -0.9111 -0.3260 -0.2522
vn -0.9111 -0.3161 0.2644
vn -0.6676 -0.2218 0.7107
vn -0.2446 -0.0678 0.9673
vn 0.2446 0.1045 0.9640
vn 0.6676 0.2487 0.7018
vn 0.9111 0.3260 0.2522
vn 0.9453 0.1945 -0.2620
vn 0.6926 0.1327 -0.7090
vn 0.2538 0.0352 -0.9666
vn -0.2538 -0.0719 -0.9646
vn -0.6926 -0.1595 -0.7034
vn -0.9453 -0.2043 -0.2545
vn -0.9453 -0.1945 0.2620
vn -0.6926 -0.1327 0.7090
vn -0.2538 -0.0352 0.9666
vn 0.2538 0.0719 0.9646
vn 0.6926 0.1595 0.7034
vn 0.9453 0.2043 0.2545
vn 0.9632 0.0694 -0.2597
vn 0.7058 0.0410 -0.7073
vn 0.2586 0.0016 -0.9660
vn -0.2586 -0.0383 -0.9652
vn -0.7058 -0.0679 -0.7052
vn -0.9632 -0.0792 -0.2568
vn -0.9632 -0.0694 0.2597
vn -0.7058 -0.0410 0.7073
vn -0.2586 -0.0016 0.9660
vn 0.2586 0.0383 0.9652
vn 0.7058 0.0679 0.7052
vn 0.9632 0.0792 0.2568
vn 0.9647 -0.0569 -0.2573
vn 0.7068 -0.0515 -0.7055
vn 0.2590 -0.0323 -0.9653
vn -0.2590 -0.0044 -0.9659
vn -0.7068 0.0247 -0.7069
vn -0.9647 0.0471 -0.2592
vn -0.9647 0.0569 0.2573
vn -0.7068 0.0515 0.7055
vn -0.2590 0.0323 0.9653
vn 0.2590 0.0044 0.9659
vn 0.7068 -0.0247 0.7069
vn 0.9647 -0.0471 0.2592
vn 0.9496 -0.1824 -0.2549
vn 0.6958 -0.1434 -0.7038
vn 0.2549 -0.0660 -0.9647
vn -0.2549 0.0293 -0.9665
vn -0.6958 0.1166 -0.7087
vn -0.9496 0.1725 -0.2616
vn -0.9496 0.1824 0.2549
vn -0.6958 0.1434 0.7038
vn -0.2549 0.0660 0.9647
vn 0.2549 -0.0293 0.9665
vn 0.6958 -0.1166 0.7087
vn 0.9496 -0.1725 0.2616
vn 0.9183 -0.3048 -0.2526
vn 0.6729 -0.2331 -0.7020
vn 0.2465 -0.0988 -0.9641
vn -0.2465 0.0621 -0.9671
vn -0.6729 0.2063 -0.7104
vn -0.9183 0.2950 -0.2640
vn -0.9183 0.3048 0.2526
vn -0.6729 0.2331 0.7020
vn -0.2465 0.0988 0.9641
vn 0.2465 -0.0621 0.9671
vn 0.6729 -0.2063 0.7104
vn 0.9183 -0.2950 0.2640
vn 0.8713 -0.4220 -0.2503
vn 0.6384 -0.3191 -0.7004
vn 0.2339 -0.1303 -0.9635
vn -0.2339 0.0936 -0.9677
vn -0.6384 0.2922 -0.7120
vn -0.8713 0.4122 -0.2662
vn -0.8713 0.4220 0.2503
vn -0.6384 0.3191 0.7004
vn -0.2339 0.1303 0.9635
vn 0.2339 -0.0936 0.9677
vn 0.6384 -0.2922 0.7120
vn 0.8713 -0.4122 0.2662
vn 0.8094 -0.5322 -0.2482
vn 0.5931 -0.3998 -0.6989
vn 0.2173 -0.1599 -0.9629
vn -0.2173 0.1232 -0.9683
vn -0.5931 0.3729 -0.7136
vn -0.8094 0.5224 -0.2683
vn -0.8094 0.5322 0.2482
vn -0.5931 0.3998 0.6989
vn -0.2173 0.1599 0.9629
vn 0.2173 -0.1232 0.9683
vn 0.5931 -0.3729 0.7136
vn 0.8094 -0.5224 0.2683
vn 0.7337 -0.6333 -0.2463
vn 0.5376 -0.4739 -0.6975
vn 0.1969 -0.1870 -0.9624
vn -0.1969 0.1503 -0.9688
vn -0.5376 0.4470 -0.7150
vn -0.7337 0.6235 -0.2702
vn -0.7337 0.6333 0.2463
vn -0.5376 0.4739 0.6975
vn -0.1969 0.1870 0.9624
vn 0.1969 -0.1503 0.9688
vn 0.5376 -0.4470 0.7150
vn 0.7337 -0.6235 0.2702
vn 0.6453 -0.7237 -0.2446
vn 0.4729 -0.5401 -0.6962
vn 0.1732 -0.2113 -0.9619
vn -0.1732 0.1746 -0.9693
vn -0.4729 0.5132 -0.7162
vn -0.6453 0.7139 -0.2719
vn -0.6453 0.7237 0.2446
vn -0.4729 0.5401 0.6962
vn -0.1732 0.2113 0.9619
vn 0.1732 -0.1746 0.9693
vn 0.4729 -0.5132 0.7162
vn 0.6453 -0.7139 0.2719
vn 0.5460 -0.8017 -0.2431
vn 0.4001 -0.5973 -0.6951
vn 0.1466 -0.2323 -0.9615
vn -0.1466 0.1956 -0.9697
vn -0.4001 0.5704 -0.7173
vn -0.5460 0.7919 -0.2734
vn -0.5460 0.8017 0.2431
vn -0.4001 0.5973 0.6951
vn -0.1466 0.2323 0.9615
vn 0.1466 -0.1956 0.9697
vn 0.4001 -0.5704 0.7173
vn 0.5460 -0.7919 0.2734
vn 0.4373 -0.8662 -0.2419
vn 0.3204 -0.6445 -0.6942
vn 0.1174 -0.2496 -0.9612
vn -0.1174 0.2129 -0.9700
vn -0.3204 0.6177 -0.7182
vn -0.4373 0.8564 -0.2746
vn -0.4373 0.8662 0.2419
vn -0.3204 0.6445 0.6942
vn -0.1174 0.2496 0.9612
vn 0.1174 -0.2129 0.9700
vn 0.3204 -0.6177 0.7182
vn 0.4373 -0.8564 0.2746
vn 0.3211 -0.9159 -0.2409
vn 0.2353 -0.6809 -0.6935
vn 0.0862 -0.2629 -0.9610
vn -0.0862 0.2262 -0.9703
vn -0.2353 0.6541 -0.7189
vn -0.3211 0.9061 -0.2756
vn -0.3211 0.9159 0.2409
vn -0.2353 0.6809 0.6935
vn -0.0862 0.2629 0.9610
vn 0.0862 -0.2262 0.9703
vn 0.2353 -0.6541 0.7189
vn 0.3211 -0.9061 0.2756
vn 0.1994 -0.9500 -0.2403
vn 0.1461 -0.7059 -0.6931
vn 0.0535 -0.2721 -0.9608
vn -0.0535 0.2354 -0.9704
vn -0.1461 0.6791 -0.7194
vn -0.1994 0.9402 -0.2762
vn -0.1994 0.9500 0.2403
vn -0.1461 0.7059 0.6931
vn -0.0535 0.2721 0.9608
vn 0.0535 -0.2354 0.9704
vn 0.1461 -0.6791 0.7194
vn 0.1994 -0.9402 0.2762
vn 0.0743 -0.9679 -0.2400
vn 0.0545 -0.7191 -0.6928
vn 0.0200 -0.2769 -0.9607
vn -0.0200 0.2402 -0.9705
vn -0.0545 0.6922 -0.7196
vn -0.0743 0.9581 -0.2766
vn -0.0743 0.9679 0.2400
vn -0.0545 0.7191 0.6928
vn -0.0200 0.2769 0.9607
vn 0.0200 -0.2402 0.9705
vn 0.0545 -0.6922 0.7196
vn 0.0743 -0.9581 0.2766
vn -0.0520 -0.9694 -0.2399
vn -0.0381 -0.7201 -0.6928
vn -0.0140 -0.2773 -0.9607
vn 0.0140 0.2406 -0.9705
vn 0.0381 0.6933 -0.7197
vn 0.0520 0.9596 -0.2766
vn 0.0520 0.9694 0.2399
vn 0.0381 0.7201 0.6928
vn 0.0140 0.2773 0.9607
vn -0.0140 -0.2406 0.9705
vn -0.0381 -0.6933 0.7197
vn -0.0520 -0.9596 0.2766
vn -0.1775 -0.9544 -0.2402
vn -0.1300 -0.7091 -0.6930
vn -0.0476 -0.2732 -0.9608
vn 0.0476 0.2365 -0.9705
vn 0.1300 0.6823 -0.7194
vn 0.1775 0.9445 -0.2763
vn 0.1775 0.9544 0.2402
vn 0.1300 0.7091 0.6930
vn 0.0476 0.2732 0.9608
vn -0.0476 -0.2365 0.9705
vn -0.1300 -0.6823 0.7194
vn -0.1775 -0.9445 0.2763
vn -0.2999 -0.9231 -0.2408
vn -0.2198 -0.6862 -0.6934
vn -0.0805 -0.2648 -0.9609
vn 0.0805 0.2281 -0.9703
vn 0.2198 0.6593 -0.7190
vn 0.2999 0.9133 -0.2757
vn 0.2999 0.9231 0.2408
vn 0.2198 0.6862 0.6934
vn 0.0805 0.2648 0.9609
vn -0.0805 -0.2281 0.9703
vn -0.2198 -0.6593 0.7190
vn -0.2999 -0.9133 0.2757
vn -0.4172 -0.8761 -0.2417
vn -0.3057 -0.6518 -0.6941
vn -0.1120 -0.2522 -0.9612
vn 0.1120 0.2155 -0.9701
vn 0.3057 0.6249 -0.7184
vn 0.4172 0.8663 -0.2748
vn 0.4172 0.8761 0.2417
vn 0.3057 0.6518 0.6941
vn 0.1120 0.2522 0.9612
vn -0.1120 -0.2155 0.9701
vn -0.3057 -0.6249 0.7184
vn -0.4172 -0.8663 0.2748
vn -0.5274 -0.8142 -0.2429
vn -0.3864 -0.6064 -0.6950
vn -0.1416 -0.2356 -0.9615
vn 0.1416 0.1989 -0.9697
vn 0.3864 0.5796 -0.7175
vn 0.5274 0.8044 -0.2736
vn 0.5274 0.8142 0.2429
vn 0.3864 0.6064 0.6950
vn 0.1416 0.2356 0.9615
vn -0.1416 -0.1989 0.9697
vn -0.3864 -0.5796 0.7175
vn -0.5274 -0.8044 0.2736
vn -0.6285 -0.7384 -0.2443
vn -0.4605 -0.5509 -0.6960
vn -0.1687 -0.2153 -0.9619
vn 0.1687 0.1786 -0.9694
vn 0.4605 0.5241 -0.7164
vn 0.6285 0.7286 -0.2722
vn 0.6285 0.7384 0.2443
vn 0.4605 0.5509 0.6960
vn 0.1687 0.2153 0.9619
vn -0.1687 -0.1786 0.9694
vn -0.4605 -0.5241 0.7164
vn -0.6285 -0.7286 0.2722
vn -0.7189 -0.6501 -0.2460
vn -0.5268 -0.4862 -0.6972
vn -0.1930 -0.1916 -0.9623
vn 0.1930 0.1549 -0.9689
vn 0.5268 0.4594 -0.7152
vn 0.7189 0.6403 -0.2705
vn 0.7189 0.6501 0.2460
vn 0.5268 0.4862 0.6972
vn 0.1930 0.1916 0.9623
vn -0.1930 -0.1549 0.9689
vn -0.5268 -0.4594 0.7152
vn -0.7189 -0.6403 0.2705
vt 0.500000 0.500000
vt 0.520833 0.500000
vt 0.520833 0.583333
vt 0.500000 0.583333
vt 0.520833 0.666667
vt 0.500000 0.666667
vt 0.520833 0.750000
vt 0.500000 0.750000
vt 0.520833 0.833333
vt 0.500000 0.833333
vt 0.520833 0.916667
vt 0.500000 0.916667
vt 0.520833 1.000000
vt 0.500000 1.000000
vt 0.500000 0.000000
vt 0.520833 0.000000
vt 0.520833 0.083333
vt 0.500000 0.083333
vt 0.520833 0.166667
vt 0.500000 0.166667
vt 0.520833 0.250000
vt 0.500000 0.250000
vt 0.520833 0.333333
vt 0.500000 0.333333
vt 0.520833 0.416667
vt 0.500000 0.416667
vt 0.541667 0.500000
vt 0.541667 0.583333
vt 0.541667 0.666667
vt 0.541667 0.750000
vt 0.541667 0.833333
vt 0.541667 0.916667
vt 0.541667 1.000000
vt 0.541667 0.000000
vt 0.541667 0.083333
vt 0.541667 0.166667
vt 0.541667 0.250000
vt 0.541667 0.333333
vt 0.541667 0.416667
vt 0.562500 0.500000
vt 0.562500 0.583333
vt 0.562500 0.666667
vt 0.562500 0.750000
vt 0.562500 0.833333
vt 0.562500 0.916667
vt 0.562500 1.000000
vt 0.562500 0.000000
vt 0.562500 0.083333
vt 0.562500 0.166667
vt 0.562500 0.250000
vt 0.562500 0.333333
vt 0.562500 0.416667
vt 0.583333 0.500000
vt 0.583333 0.583333
vt 0.583333 0.666667
vt 0.583333 0.750000
vt 0.583333 0.833333
vt 0.583333 0.916667
vt 0.583333 1.000000
vt 0.583333 0.000000
vt 0.583333 0.083333
vt 0.583333 0.166667
vt 0.583333 0.250000
vt 0.583333 0.333333
vt 0.583333 0.416667
vt 0.604167 0.500000
vt 0.604167 0.583333
vt 0.604167 0.666667
vt 0.604167 0.750000
vt 0.604167 0.833333
vt 0.604167 0.916667
vt 0.604167 1.000000
vt 0.604167 0.000000
vt 0.604167 0.083333
vt 0.604167 0.166667
vt 0.604167 0.250000
vt 0.604167 0.333333
vt 0.604167 0.416667
vt 0.625000 0.500000
vt 0.625000 0.583333
vt 0.625000 0.666667
vt 0.625000 0.750000
vt 0.625000 0.833333
vt 0.625000 0.916667
vt 0.625000 1.000000
vt 0.625000 0.000000
vt 0.625000 0.083333
vt 0.625000 0.166667
vt 0.625000 0.250000
vt 0.625000 0.333333
vt 0.625000 0.416667
vt 0.645833 0.500000
vt 0.645833 0.583333
vt 0.645833 0.666667
vt 0.645833 0.750000
vt 0.645833 0.833333
vt 0.645833 0.916667
vt 0.645833 1.000000
vt 0.645833 0.000000
vt 0.645833 0.083333
vt 0.645833 0.166667
vt 0.645833 0.250000
vt 0.645833 0.333333
vt 0.645833 0.416667
vt 0.666667 0.500000
vt 0.666667 0.583333
vt 0.666667 0.666667
vt 0.666667 0.750000
vt 0.666667 0.833333
vt 0.666667 0.916667
vt 0.666667 1.000000
vt 0.666667 0.000000
vt 0.666667 0.083333
vt 0.666667 0.166667
vt 0.666667 0.250000
vt 0.666667 0.333333
vt 0.666667 0.416667
vt 0.687500 0.500000
vt 0.687500 0.583333
vt 0.687500 0.666667
vt 0.687500 0.750000
vt 0.687500 0.833333
vt 0.687500 0.916667
vt 0.687500 1.000000
vt 0.687500 0.000000
vt 0.687500 0.083333
vt 0.687500 0.166667
vt 0.687500 0.250000
vt 0.687500 0.333333
vt 0.687500 0.416667
vt 0.708333 0.500000
vt 0.708333 0.583333
vt 0.708333 0.666667
vt 0.708333 0.750000
vt 0.708333 0.833333
vt 0.708333 0.916667
vt 0.708333 1.000000
vt 0.708333 0.000000
vt 0.708333 0.083333
vt 0.708333 0.166667
vt 0.708333 0.250000
vt 0.708333 0.333333
vt 0.708333 0.416667
vt 0.729167 0.500000
vt 0.729167 0.583333
vt 0.729167 0.666667
vt 0.729167 0.750000
vt 0.729167 0.833333
vt 0.729167 0.916667
vt 0.729167 1.000000
vt 0.729167 0.000000
vt 0.729167 0.083333
vt 0.729167 0.166667
vt 0.729167 0.250000
vt 0.729167 0.333333
vt 0.729167 0.416667
vt 0.750000 0.500000
vt 0.750000 0.583333
vt 0.750000 0.666667
vt 0.750000 0.750000
vt 0.750000 0.833333
vt 0.750000 0.916667
vt 0.750000 1.000000
vt 0.750000 0.000000
vt 0.750000 0.083333
vt 0.750000 0.166667
vt 0.750000 0.250000
vt 0.750000 0.333333
vt 0.750000 0.416667
vt 0.770833 0.500000
vt 0.770833 0.583333
vt 0.770833 0.666667
vt 0.770833 0.750000
vt 0.770833 0.833333
vt 0.770833 0.916667
vt 0.770833 1.000000
vt 0.770833 0.000000
vt 0.770833 0.083333
vt 0.770833 0.166667
vt 0.770833 0.250000
vt 0.770833 0.333333
vt 0.770833 0.416667
vt 0.791667 0.500000
vt 0.791667 0.583333
vt 0.791667 0.666667
vt 0.791667 0.750000
vt 0.791667 0.833333
vt 0.791667 0.916667
vt 0.791667 1.000000
vt 0.791667 0.000000
vt 0.791667 0.083333
vt 0.791667 0.166667
vt 0.791667 0.250000
vt 0.791667 0.333333
vt 0.791667 0.416667
vt 0.812500 0.500000
vt 0.812500 0.583333
vt 0.812500 0.666667
vt 0.812500 0.750000
vt 0.812500 0.833333
vt 0.812500 0.916667
vt 0.812500 1.000000
vt 0.812500 0.000000
vt 0.812500 0.083333
vt 0.812500 0.166667
vt 0.812500 0.250000
vt 0.812500 0.333333
vt 0.812500 0.416667
vt 0.833333 0.500000
vt 0.833333 0.583333
vt 0.833333 0.666667
vt 0.833333 0.750000
vt 0.833333 0.833333
vt 0.833333 0.916667
vt 0.833333 1.000000
vt 0.833333 0.000000
vt 0.833333 0.083333
vt 0.833333 0.166667
vt 0.833333 0.250000
vt 0.833333 0.333333
vt 0.833333 0.416667
vt 0.854167 0.500000
vt 0.854167 0.583333
vt 0.854167 0.666667
vt 0.854167 0.750000
vt 0.854167 0.833333
vt 0.854167 0.916667
vt 0.854167 1.000000
vt 0.854167 0.000000
vt 0.854167 0.083333
vt 0.854167 0.166667
vt 0.854167 0.250000
vt 0.854167 0.333333
vt 0.854167 0.416667
vt 0.875000 0.500000
vt 0.875000 0.583333
vt 0.875000 0.666667
vt 0.875000 0.750000
vt 0.875000 0.833333
vt 0.875000 0.916667
vt 0.875000 1.000000
vt 0.875000 0.000000
vt 0.875000 0.083333
vt 0.875000 0.166667
vt 0.875000 0.250000
vt 0.875000 0.333333
vt 0.875000 0.416667
vt 0.895833 0.500000
vt 0.895833 0.583333
vt 0.895833 0.666667
vt 0.895833 0.750000
vt 0.895833 0.833333
vt 0.895833 0.916667
vt 0.895833 1.000000
vt 0.895833 0.000000
vt 0.895833 0.083333
vt 0.895833 0.166667
vt 0.895833 0.250000
vt 0.895833 0.333333
vt 0.895833 0.416667
vt 0.916667 0.500000
vt 0.916667 0.583333
vt 0.916667 0.666667
vt 0.916667 0.750000
vt 0.916667 0.833333
vt 0.916667 0.916667
vt 0.916667 1.000000
vt 0.916667 0.000000
vt 0.916667 0.083333
vt 0.916667 0.166667
vt 0.916667 0.250000
vt 0.916667 0.333333
vt 0.916667 0.416667
vt 0.937500 0.500000
vt 0.937500 0.583333
vt 0.937500 0.666667
vt 0.937500 0.750000
vt 0.937500 0.833333
vt 0.937500 0.916667
vt 0.937500 1.000000
vt 0.937500 0.000000
vt 0.937500 0.083333
vt 0.937500 0.166667
vt 0.937500 0.250000
vt 0.937500 0.333333
vt 0.937500 0.416667
vt 0.958333 0.500000
vt 0.958333 0.583333
vt 0.958333 0.666667
vt 0.958333 0.750000
vt 0.958333 0.833333
vt 0.958333 0.916667
vt 0.958333 1.000000
vt 0.958333 0.000000
vt 0.958333 0.083333
vt 0.958333 0.166667
vt 0.958333 0.250000
vt 0.958333 0.333333
vt 0.958333 0.416667
vt 0.979167 0.500000
vt 0.979167 0.583333
vt 0.979167 0.666667
vt 0.979167 0.750000
vt 0.979167 0.833333
vt 0.979167 0.916667
vt 0.979167 1.000000
vt 0.979167 0.000000
vt 0.979167 0.083333
vt 0.979167 0.166667
vt 0.979167 0.250000
vt 0.979167 0.333333
vt 0.979167 0.416667
vt 1.000000 0.500000
vt 1.000000 0.583333
vt 1.000000 0.666667
vt 1.000000 0.750000
vt 1.000000 0.833333
vt 1.000000 0.916667
vt 1.000000 1.000000
vt 1.000000 0.000000
vt 1.000000 0.083333
vt 1.000000 0.166667
vt 1.000000 0.250000
vt 1.000000 0.333333
vt 1.000000 0.416667
vt 0.000000 0.500000
vt 0.020833 0.500000
vt 0.020833 0.583333
vt 0.000000 0.583333
vt 0.020833 0.666667
vt 0.000000 0.666667
vt 0.020833 0.750000
vt 0.000000 0.750000
vt 0.020833 0.833333
vt 0.000000 0.833333
vt 0.020833 0.916667
vt 0.000000 0.916667
vt 0.020833 1.000000
vt 0.000000 1.000000
vt 0.000000 0.000000
vt 0.020833 0.000000
vt 0.020833 0.083333
vt 0.000000 0.083333
vt 0.020833 0.166667
vt 0.000000 0.166667
vt 0.020833 0.250000
vt 0.000000 0.250000
vt 0.020833 0.333333
vt 0.000000 0.333333
vt 0.020833 0.416667
vt 0.000000 0.416667
vt 0.041667 0.500000
vt 0.041667 0.583333
vt 0.041667 0.666667
vt 0.041667 0.750000
vt 0.041667 0.833333
vt 0.041667 0.916667
vt 0.041667 1.000000
vt 0.041667 0.000000
vt 0.041667 0.083333
vt 0.041667 0.166667
vt 0.041667 0.250000
vt 0.041667 0.333333
vt 0.041667 0.416667
vt 0.062500 0.500000
vt 0.062500 0.583333
vt 0.062500 0.666667
vt 0.062500 0.750000
vt 0.062500 0.833333
vt 0.062500 0.916667
vt 0.062500 1.000000
vt 0.062500 0.000000
vt 0.062500 0.083333
vt 0.062500 0.166667
vt 0.062500 0.250000
vt 0.062500 0.333333
vt 0.062500 0.416667
vt 0.083333 0.500000
vt 0.083333 0.583333
vt 0.083333 0.666667
vt 0.083333 0.750000
vt 0.083333 0.833333
vt 0.083333 0.916667
vt 0.083333 1.000000
vt 0.083333 0.000000
vt 0.083333 0.083333
vt 0.083333 0.166667
vt 0.083333 0.250000
vt 0.083333 0.333333
vt 0.083333 0.416667
vt 0.104167 0.500000
vt 0.104167 0.583333
vt 0.104167 0.666667
vt 0.104167 0.750000
vt 0.104167 0.833333
vt 0.104167 0.916667
vt 0.104167 1.000000
vt 0.104167 0.000000
vt 0.104167 0.083333
vt 0.104167 0.166667
vt 0.104167 0.250000
vt 0.104167 0.333333
vt 0.104167 0.416667
vt 0.125000 0.500000
vt 0.125000 0.583333
vt 0.125000 0.666667
vt 0.125000 0.750000
vt 0.125000 0.833333
vt 0.125000 0.916667
vt 0.125000 1.000000
vt 0.125000 0.000000
vt 0.125000 0.083333
vt 0.125000 0.166667
vt 0.125000 0.250000
vt 0.125000 0.333333
vt 0.125000 0.416667
vt 0.145833 0.500000
vt 0.145833 0.583333
vt 0.145833 0.666667
vt 0.145833 0.750000
vt 0.145833 0.833333
vt 0.145833 0.916667
vt 0.145833 1.000000
vt 0.145833 0.000000
vt 0.145833 0.083333
vt 0.145833 0.166667
vt 0.145833 0.250000
vt 0.145833 0.333333
vt 0.145833 0.416667
vt 0.166667 0.500000
vt 0.166667 0.583333
vt 0.166667 0.666667
vt 0.166667 0.750000
vt 0.166667 0.833333
vt 0.166667 0.916667
vt 0.166667 1.000000
vt 0.166667 0.000000
vt 0.166667 0.083333
vt 0.166667 0.166667
vt 0.166667 0.250000
vt 0.166667 0.333333
vt 0.166667 0.416667
vt 0.187500 0.500000
vt 0.187500 0.583333
vt 0.187500 0.666667
vt 0.187500 0.750000
vt 0.187500 0.833333
vt 0.187500 0.916667
vt 0.187500 1.000000
vt 0.187500 0.000000
vt 0.187500 0.083333
vt 0.187500 0.166667
vt 0.187500 0.250000
vt 0.187500 0.333333
vt 0.187500 0.416667
vt 0.208333 0.500000
vt 0.208333 0.583333
vt 0.208333 0.666667
vt 0.208333 0.750000
vt 0.208333 0.833333
vt 0.208333 0.916667
vt 0.208333 1.000000
vt 0.208333 0.000000
vt 0.208333 0.083333
vt 0.208333 0.166667
vt 0.208333 0.250000
vt 0.208333 0.333333
vt 0.208333 0.416667
vt 0.229167 0.500000
vt 0.229167 0.583333
vt 0.229167 0.666667
vt 0.229167 0.750000
vt 0.229167 0.833333
vt 0.229167 0.916667
vt 0.229167 1.000000
vt 0.229167 0.000000
vt 0.229167 0.083333
vt 0.229167 0.166667
vt 0.229167 0.250000
vt 0.229167 0.333333
vt 0.229167 0.416667
vt 0.250000 0.500000
vt 0.250000 0.583333
vt 0.250000 0.666667
vt 0.250000 0.750000
vt 0.250000 0.833333
vt 0.250000 0.916667
vt 0.250000 1.000000
vt 0.250000 0.000000
vt 0.250000 0.083333
vt 0.250000 0.166667
vt 0.250000 0.250000
vt 0.250000 0.333333
vt 0.250000 0.416667
vt 0.270833 0.500000
vt 0.270833 0.583333
vt 0.270833 0.666667
vt 0.270833 0.750000
vt 0.270833 0.833333
vt 0.270833 0.916667
vt 0.270833 1.000000
vt 0.270833 0.000000
vt 0.270833 0.083333
vt 0.270833 0.166667
vt 0.270833 0.250000
vt 0.270833 0.333333
vt 0.270833 0.416667
vt 0.291667 0.500000
vt 0.291667 0.583333
vt 0.291667 0.666667
vt 0.291667 0.750000
vt 0.291667 0.833333
vt 0.291667 0.916667
vt 0.291667 1.000000
vt 0.291667 0.000000
vt 0.291667 0.083333
vt 0.291667 0.166667
vt 0.291667 0.250000
vt 0.291667 0.333333
vt 0.291667 0.416667
vt 0.312500 0.500000
vt 0.312500 0.583333
vt 0.312500 0.666667
vt 0.312500 0.750000
vt 0.312500 0.833333
vt 0.312500 0.916667
vt 0.312500 1.000000
vt 0.312500 0.000000
vt 0.312500 0.083333
vt 0.312500 0.166667
vt 0.312500 0.250000
vt 0.312500 0.333333
vt 0.312500 0.416667
vt 0.333333 0.500000
vt 0.333333 0.583333
vt 0.333333 0.666667
vt 0.333333 0.750000
vt 0.333333 0.833333
vt 0.333333 0.916667
vt 0.333333 1.000000
vt 0.333333 0.000000
vt 0.333333 0.083333
vt 0.333333 0.166667
vt 0.333333 0.250000
vt 0.333333 0.333333
vt 0.333333 0.416667
vt 0.354167 0.500000
vt 0.354167 0.583333
vt 0.354167 0.666667
vt 0.354167 0.750000
vt 0.354167 0.833333
vt 0.354167 0.916667
vt 0.354167 1.000000
vt 0.354167 0.000000
vt 0.354167 0.083333
vt 0.354167 0.166667
vt 0.354167 0.250000
vt 0.354167 0.333333
vt 0.354167 0.416667
vt 0.375000 0.500000
vt 0.375000 0.583333
vt 0.375000 0.666667
vt 0.375000 0.750000
vt 0.375000 0.833333
vt 0.375000 0.916667
vt 0.375000 1.000000
vt 0.375000 0.000000
vt 0.375000 0.083333
vt 0.375000 0.166667
vt 0.375000 0.250000
vt 0.375000 0.333333
vt 0.375000 0.416667
vt 0.395833 0.500000
vt 0.395833 0.583333
vt 0.395833 0.666667
vt 0.395833 0.750000
vt 0.395833 0.833333
vt 0.395833 0.916667
vt 0.395833 1.000000
vt 0.395833 0.000000
vt 0.395833 0.083333
vt 0.395833 0.166667
vt 0.395833 0.250000
vt 0.395833 0.333333
vt 0.395833 0.416667
vt 0.416667 0.500000
vt 0.416667 0.583333
vt 0.416667 0.666667
vt 0.416667 0.750000
vt 0.416667 0.833333
vt 0.416667 0.916667
vt 0.416667 1.000000
vt 0.416667 0.000000
vt 0.416667 0.083333
vt 0.416667 0.166667
vt 0.416667 0.250000
vt 0.416667 0.333333
vt 0.416667 0.416667
vt 0.437500 0.500000
vt 0.437500 0.583333
vt 0.437500 0.666667
vt 0.437500 0.750000
vt 0.437500 0.833333
vt 0.437500 0.916667
vt 0.437500 1.000000
vt 0.437500 0.000000
vt 0.437500 0.083333
vt 0.437500 0.166667
vt 0.437500 0.250000
vt 0.437500 0.333333
vt 0.437500 0.416667
vt 0.458333 0.500000
vt 0.458333 0.583333
vt 0.458333 0.666667
vt 0.458333 0.750000
vt 0.458333 0.833333
vt 0.458333 0.916667
vt 0.458333 1.000000
vt 0.458333 0.000000
vt 0.458333 0.083333
vt 0.458333 0.166667
vt 0.458333 0.250000
vt 0.458333 0.333333
vt 0.458333 0.416667
vt 0.479167 0.500000
vt 0.479167 0.583333
vt 0.479167 0.666667
vt 0.479167 0.750000
vt 0.479167 0.833333
vt 0.479167 0.916667
vt 0.479167 1.000000
vt 0.479167 0.000000
vt 0.479167 0.083333
vt 0.479167 0.166667
vt 0.479167 0.250000
vt 0.479167 0.333333
vt 0.479167 0.416667
s 0
f 5512/2001/1105 5524/2002/1105 5525/2003/1105 5513/2004/1105
f 5513/2004/1106 5525/2003/1106 5526/2005/1106 5514/2006/1106
f 5514/2006/1107 5526/2005/1107 5527/2007/1107 5515/2008/1107
f 5515/2008/1108 5527/2007/1108 5528/2009/1108 5516/2010/1108
f 5516/2010/1109 5528/2009/1109 5529/2011/1109 5517/2012/1109
f 5517/2012/1110 5529/2011/1110 5530/2013/1110 5518/2014/1110
f 5518/2015/1111 5530/2016/1111 5531/2017/1111 5519/2018/1111
f 5519/2018/1112 5531/2017/1112 5532/2019/1112 5520/2020/1112
f 5520/2020/1113 5532/2019/1113 5533/2021/1113 5521/2022/1113
f 5521/2022/1114 5533/2021/1114 5534/2023/1114 5522/2024/1114
f 5522/2024/1115 5534/2023/1115 5535/2025/1115 5523/2026/1115
f 5523/2026/1116 5535/2025/1116 5524/2002/1116 5512/2001/1116
f 5524/2002/1117 5536/2027/1117 5537/2028/1117 5525/2003/1117
f 5525/2003/1118 5537/2028/1118 5538/2029/1118 5526/2005/1118
f 5526/2005/1119 5538/2029/1119 5539/2030/1119 5527/2007/1119
f 5527/2007/1120 5539/2030/1120 5540/2031/1120 5528/2009/1120
f 5528/2009/1121 5540/2031/1121 5541/2032/1121 5529/2011/1121
f 5529/2011/1122 5541/2032/1122 5542/2033/1122 5530/2013/1122
f 5530/2016/1123 5542/2034/1123 5543/2035/1123 5531/2017/1123
f 5531/2017/1124 5543/2035/1124 5544/2036/1124 5532/2019/1124
f 5532/2019/1125 5544/2036/1125 5545/2037/1125 5533/2021/1125
f 5533/2021/1126 5545/2037/1126 5546/2038/1126 5534/2023/1126
f 5534/2023/1127 5546/2038/1127 5547/2039/1127 5535/2025/1127
f 5535/2025/1128 5547/2039/1128 5536/2027/1128 5524/2002/1128
f 5536/2027/1129 5548/2040/1129 5549/2041/1129 5537/2028/1129
f 5537/2028/1130 5549/2041/1130 5550/2042/1130 5538/2029/1130
f 5538/2029/1131 5550/2042/1131 5551/2043/1131 5539/2030/1131
f 5539/2030/1132 5551/2043/1132 5552/2044/1132 5540/2031/1132
f 5540/2031/1133 5552/2044/1133 5553/2045/1133 5541/2032/1133
f 5541/2032/1134 5553/2045/1134 5554/2046/1134 5542/2033/1134
f 5542/2034/1135 5554/2047/1135 5555/2048/1135 5543/2035/1135
f 5543/2035/1136 5555/2048/1136 5556/2049/1136 5544/2036/1136
f 5544/2036/1137 5556/2049/1137 5557/2050/1137 5545/2037/1137
f 5545/2037/1138 5557/2050/1138 5558/2051/1138 5546/2038/1138
f 5546/2038/1139 5558/2051/1139 5559/2052/1139 5547/2039/1139
f 5547/2039/1140 5559/2052/1140 5548/2040/1140 5536/2027/1140
f 5548/2040/1141 5560/2053/1141 5561/2054/1141 5549/2041/1141
f 5549/2041/1142 5561/2054/1142 5562/2055/1142 5550/2042/1142
f 5550/2042/1143 5562/2055/1143 5563/2056/1143 5551/2043/1143
f 5551/2043/1144 5563/2056/1144 5564/2057/1144 5552/2044/1144
f 5552/2044/1145 5564/2057/1145 5565/2058/1145 5553/2045/1145
f 5553/2045/1146 5565/2058/1146 5566/2059/1146 5554/2046/1146
f 5554/2047/1147 5566/2060/1147 5567/2061/1147 5555/2048/1147
f 5555/2048/1148 5567/2061/1148 5568/2062/1148 5556/2049/1148
f 5556/2049/1149 5568/2062/1149 5569/2063/1149 5557/2050/1149
f 5557/2050/1150 5569/2063/1150 5570/2064/1150 5558/2051/1150
f 5558/2051/1151 5570/2064/1151 5571/2065/1151 5559/2052/1151
f 5559/2052/1152 5571/2065/1152 5560/2053/1152 5548/2040/1152
f 5560/2053/1153 5572/2066/1153 5573/2067/1153 5561/2054/1153
f 5561/2054/1154 5573/2067/1154 5574/2068/1154 5562/2055/1154
f 5562/2055/1155 5574/2068/1155 5575/2069/1155 5563/2056/1155
f 5563/2056/1156 5575/2069/1156 5576/2070/1156 5564/2057/1156
f 5564/2057/1157 5576/2070/1157 5577/2071/1157 5565/2058/1157
f 5565/2058/1158 5577/2071/1158 5578/2072/1158 5566/2059/1158
f 5566/2060/1159 5578/2073/1159 5579/2074/1159 5567/2061/1159
f 5567/2061/1160 5579/2074/1160 5580/2075/1160 5568/2062/1160
f 5568/2062/1161 5580/2075/1161 5581/2076/1161 5569/2063/1161
f 5569/2063/1162 5581/2076/1162 5582/2077/1162 5570/2064/1162
f 5570/2064/1163 5582/2077/1163 5583/2078/1163 5571/2065/1163
f 5571/2065/1164 5583/2078/1164 5572/2066/1164 5560/2053/1164
f 5572/2066/1165 5584/2079/1165 5585/2080/1165 5573/2067/1165
f 5573/2067/1166 5585/2080/1166 5586/2081/1166 5574/2068/1166
f 5574/2068/1167 5586/2081/1167 5587/2082/1167 5575/2069/1167
f 5575/2069/1168 5587/2082/1168 5588/2083/1168 5576/2070/1168
f 5576/2070/1169 5588/2083/1169 5589/2084/1169 5577/2071/1169
f 5577/2071/1170 5589/2084/1170 5590/2085/1170 5578/2072/1170
f 5578/2073/1171 5590/2086/1171 5591/2087/1171 5579/2074/1171
f 5579/2074/1172 5591/2087/1172 5592/2088/1172 5580/2075/1172
f 5580/2075/1173 5592/2088/1173 5593/2089/1173 5581/2076/1173
f 5581/2076/1174 5593/2089/1174 5594/2090/1174 5582/2077/1174
f 5582/2077/1175 5594/2090/1175 5595/2091/1175 5583/2078/1175
f 5583/2078/1176 5595/2091/1176 5584/2079/1176 5572/2066/1176
f 5584/2079/1177 5596/2092/1177 5597/2093/1177 5585/2080/1177
f 5585/2080/1178 5597/2093/1178 5598/2094/1178 5586/2081/1178
f 5586/2081/1179 5598/2094/1179 5599/2095/1179 5587/2082/1179
f 5587/2082/1180 5599/2095/1180 5600/2096/1180 5588/2083/1180
f 5588/2083/1181 5600/2096/1181 5601/2097/1181 5589/2084/1181
f 5589/2084/1182 5601/2097/1182 5602/2098/1182 5590/2085/1182
f 5590/2086/1183 5602/2099/1183 5603/2100/1183 5591/2087/1183
f 5591/2087/1184 5603/2100/1184 5604/2101/1184 5592/2088/1184
f 5592/2088/1185 5604/2101/1185 5605/2102/1185 5593/2089/1185
f 5593/2089/1186 5605/2102/1186 5606/2103/1186 5594/2090/1186
f 5594/2090/1187 5606/2103/1187 5607/2104/1187 5595/2091/1187
f 5595/2091/1188 5607/2104/1188 5596/2092/1188 5584/2079/1188
f 5596/2092/1189 5608/2105/1189 5609/2106/1189 5597/2093/1189
f 5597/2093/1190 5609/2106/1190 5610/2107/1190 5598/2094/1190
f 5598/2094/1191 5610/2107/1191 5611/2108/1191 5599/2095/1191
f 5599/2095/1192 5611/2108/1192 5612/2109/1192 5600/2096/1192
f 5600/2096/1193 5612/2109/1193 5613/2110/1193 5601/2097/1193
f 5601/2097/1194 5613/2110/1194 5614/2111/1194 5602/2098/1194
f 5602/2099/1195 5614/2112/1195 5615/2113/1195 5603/2100/1195
f 5603/2100/1196 5615/2113/1196 5616/2114/1196 5604/2101/1196
f 5604/2101/1197 5616/2114/1197 5617/2115/1197 5605/2102/1197
f 5605/2102/1198 5617/2115/1198 5618/2116/1198 5606/2103/1198
f 5606/2103/1199 5618/2116/1199 5619/2117/1199 5607/2104/1199
f 5607/2104/1200 5619/2117/1200 5608/2105/1200 5596/2092/1200
f 5608/2105/1201 5620/2118/1201 5621/2119/1201 5609/2106/1201
f 5609/2106/1202 5621/2119/1202 5622/2120/1202 5610/2107/1202
f 5610/2107/1203 5622/2120/1203 5623/2121/1203 5611/2108/1203
f 5611/2108/1204 5623/2121/1204 5624/2122/1204 5612/2109/1204
f 5612/2109/1205 5624/2122/1205 5625/2123/1205 5613/2110/1205
f 5613/2110/1206 5625/2123/1206 5626/2124/1206 5614/2111/1206
f 5614/2112/1207 5626/2125/1207 5627/2126/1207 5615/2113/1207
f 5615/2113/1208 5627/2126/1208 5628/2127/1208 5616/2114/1208
f 5616/2114/1209 5628/2127/1209 5629/2128/1209 5617/2115/1209
f 5617/2115/1210 5629/2128/1210 5630/2129/1210 5618/2116/1210
f 5618/2116/1211 5630/2129/1211 5631/2130/1211 5619/2117/1211
f 5619/2117/1212 5631/2130/1212 5620/2118/1212 5608/2105/1212
f 5620/2118/1213 5632/2131/1213 5633/2132/1213 5621/2119/1213
f 5621/2119/1214 5633/2132/1214 5634/2133/1214 5622/2120/1214
f 5622/2120/1215 5634/2133/1215 5635/2134/1215 5623/2121/1215
f 5623/2121/1216 5635/2134/1216 5636/2135/1216 5624/2122/1216
f 5624/2122/1217 5636/2135/1217 5637/2136/1217 5625/2123/1217
f 5625/2123/1218 5637/2136/1218 5638/2137/1218 5626/2124/1218
f 5626/2125/1219 5638/2138/1219 5639/2139/1219 5627/2126/1219
f 5627/2126/1220 5639/2139/1220 5640/2140/1220 5628/2127/1220
f 5628/2127/1221 5640/2140/1221 5641/2141/1221 5629/2128/1221
f 5629/2128/1222 5641/2141/1222 5642/2142/1222 5630/2129/1222
f 5630/2129/1223 5642/2142/1223 5643/2143/1223 5631/2130/1223
f 5631/2130/1224 5643/2143/1224 5632/2131/1224 5620/2118/1224
f 5632/2131/1225 5644/2144/1225 5645/2145/1225 5633/2132/1225
f 5633/2132/1226 5645/2145/1226 5646/2146/1226 5634/2133/1226
f 5634/2133/1227 5646/2146/1227 5647/2147/1227 5635/2134/1227
f 5635/2134/1228 5647/2147/1228 5648/2148/1228 5636/2135/1228
f 5636/2135/1229 5648/2148/1229 5649/2149/1229 5637/2136/1229
f 5637/2136/1230 5649/2149/1230 5650/2150/1230 5638/2137/1230
f 5638/2138/1231 5650/2151/1231 5651/2152/1231 5639/2139/1231
f 5639/2139/1232 5651/2152/1232 5652/2153/1232 5640/2140/1232
f 5640/2140/1233 5652/2153/1233 5653/2154/1233 5641/2141/1233
f 5641/2141/1234 5653/2154/1234 5654/2155/1234 5642/2142/1234
f 5642/2142/1235 5654/2155/1235 5655/2156/1235 5643/2143/1235
f 5643/2143/1236 5655/2156/1236 5644/2144/1236 5632/2131/1236
f 5644/2144/1237 5656/2157/1237 5657/2158/1237 5645/2145/1237
f 5645/2145/1238 5657/2158/1238 5658/2159/1238 5646/2146/1238
f 5646/2146/1239 5658/2159/1239 5659/2160/1239 5647/2147/1239
f 5647/2147/1240 5659/2160/1240 5660/2161/1240 5648/2148/1240
f 5648/2148/1241 5660/2161/1241 5661/2162/1241 5649/2149/1241
f 5649/2149/1242 5661/2162/1242 5662/2163/1242 5650/2150/1242
f 5650/2151/1243 5662/2164/1243 5663/2165/1243 5651/2152/1243
f 5651/2152/1244 5663/2165/1244 5664/2166/1244 5652/2153/1244
f 5652/2153/1245 5664/2166/1245 5665/2167/1245 5653/2154/1245
f 5653/2154/1246 5665/2167/1246 5666/2168/1246 5654/2155/1246
f 5654/2155/1247 5666/2168/1247 5667/2169/1247 5655/2156/1247
f 5655/2156/1248 5667/2169/1248 5656/2157/1248 5644/2144/1248
f 5656/2157/1249 5668/2170/1249 5669/2171/1249 5657/2158/1249
f 5657/2158/1250 5669/2171/1250 5670/2172/1250 5658/2159/1250
f 5658/2159/1251 5670/2172/1251 5671/2173/1251 5659/2160/1251
f 5659/2160/1252 5671/2173/1252 5672/2174/1252 5660/2161/1252
f 5660/2161/1253 5672/2174/1253 5673/2175/1253 5661/2162/1253
f 5661/2162/1254 5673/2175/1254 5674/2176/1254 5662/2163/1254
f 5662/2164/1255 5674/2177/1255 5675/2178/1255 5663/2165/1255
f 5663/2165/1256 5675/2178/1256 5676/2179/1256 5664/2166/1256
f 5664/2166/1257 5676/2179/1257 5677/2180/1257 5665/2167/1257
f 5665/2167/1258 5677/2180/1258 5678/2181/1258 5666/2168/1258
f 5666/2168/1259 5678/2181/1259 5679/2182/1259 5667/2169/1259
f 5667/2169/1260 5679/2182/1260 5668/2170/1260 5656/2157/1260
f 5668/2170/1261 5680/2183/1261 5681/2184/1261 5669/2171/1261
f 5669/2171/1262 5681/2184/1262 5682/2185/1262 5670/2172/1262
f 5670/2172/1263 5682/2185/1263 5683/2186/1263 5671/2173/1263
f 5671/2173/1264 5683/2186/1264 5684/2187/1264 5672/2174/1264
f 5672/2174/1265 5684/2187/1265 5685/2188/1265 5673/2175/1265
f 5673/2175/1266 5685/2188/1266 5686/2189/1266 5674/2176/1266
f 5674/2177/1267 5686/2190/1267 5687/2191/1267 5675/2178/1267
f 5675/2178/1268 5687/2191/1268 5688/2192/1268 5676/2179/1268
f 5676/2179/1269 5688/2192/1269 5689/2193/1269 5677/2180/1269
f 5677/2180/1270 5689/2193/1270 5690/2194/1270 5678/2181/1270
f 5678/2181/1271 5690/2194/1271 5691/2195/1271 5679/2182/1271
f 5679/2182/1272 5691/2195/1272 5680/2183/1272 5668/2170/1272
f 5680/2183/1273 5692/2196/1273 5693/2197/1273 5681/2184/1273
f 5681/2184/1274 5693/2197/1274 5694/2198/1274 5682/2185/1274
f 5682/2185/1275 5694/2198/1275 5695/2199/1275 5683/2186/1275
f 5683/2186/1276 5695/2199/1276 5696/2200/1276 5684/2187/1276
f 5684/2187/1277 5696/2200/1277 5697/2201/1277 5685/2188/1277
f 5685/2188/1278 5697/2201/1278 5698/2202/1278 5686/2189/1278
f 5686/2190/1279 5698/2203/1279 5699/2204/1279 5687/2191/1279
f 5687/2191/1280 5699/2204/1280 5700/2205/1280 5688/2192/1280
f 5688/2192/1281 5700/2205/1281 5701/2206/1281 5689/2193/1281
f 5689/2193/1282 5701/2206/1282 5702/2207/1282 5690/2194/1282
f 5690/2194/1283 5702/2207/1283 5703/2208/1283 5691/2195/1283
f 5691/2195/1284 5703/2208/1284 5692/2196/1284 5680/2183/1284
f 5692/2196/1285 5704/2209/1285 5705/2210/1285 5693/2197/1285
f 5693/2197/1286 5705/2210/1286 5706/2211/1286 5694/2198/1286
f 5694/2198/1287 5706/2211/1287 5707/2212/1287 5695/2199/1287
f 5695/2199/1288 5707/2212/1288 5708/2213/1288 5696/2200/1288
f 5696/2200/1289 5708/2213/1289 5709/2214/1289 5697/2201/1289
f 5697/2201/1290 5709/2214/1290 5710/2215/1290 5698/2202/1290
f 5698/2203/1291 5710/2216/1291 5711/2217/1291 5699/2204/1291
f 5699/2204/1292 5711/2217/1292 5712/2218/1292 5700/2205/1292
f 5700/2205/1293 5712/2218/1293 5713/2219/1293 5701/2206/1293
f 5701/2206/1294 5713/2219/1294 5714/2220/1294 5702/2207/1294
f 5702/2207/1295 5714/2220/1295 5715/2221/1295 5703/2208/1295
f 5703/2208/1296 5715/2221/1296 5704/2209/1296 5692/2196/1296
f 5704/2209/1297 5716/2222/1297 5717/2223/1297 5705/2210/1297
f 5705/2210/1298 5717/2223/1298 5718/2224/1298 5706/2211/1298
f 5706/2211/1299 5718/2224/1299 5719/2225/1299 5707/2212/1299
f 5707/2212/1300 5719/2225/1300 5720/2226/1300 5708/2213/1300
f 5708/2213/1301 5720/2226/1301 5721/2227/1301 5709/2214/1301
f 5709/2214/1302 5721/2227/1302 5722/2228/1302 5710/2215/1302
f 5710/2216/1303 5722/2229/1303 5723/2230/1303 5711/2217/1303
f 5711/2217/1304 5723/2230/1304 5724/2231/1304 5712/2218/1304
f 5712/2218/1305 5724/2231/1305 5725/2232/1305 5713/2219/1305
f 5713/2219/1306 5725/2232/1306 5726/2233/1306 5714/2220/1306
f 5714/2220/1307 5726/2233/1307 5727/2234/1307 5715/2221/1307
f 5715/2221/1308 5727/2234/1308 5716/2222/1308 5704/2209/1308
f 5716/2222/1309 5728/2235/1309 5729/2236/1309 5717/2223/1309
f 5717/2223/1310 5729/2236/1310 5730/2237/1310 5718/2224/1310
f 5718/2224/1311 5730/2237/1311 5731/2238/1311 5719/2225/1311
f 5719/2225/1312 5731/2238/1312 5732/2239/1312 5720/2226/1312
f 5720/2226/1313 5732/2239/1313 5733/2240/1313 5721/2227/1313
f 5721/2227/1314 5733/2240/1314 5734/2241/1314 5722/2228/1314
f 5722/2229/1315 5734/2242/1315 5735/2243/1315 5723/2230/1315
f 5723/2230/1316 5735/2243/1316 5736/2244/1316 5724/2231/1316
f 5724/2231/1317 5736/2244/1317 5737/2245/1317 5725/2232/1317
f 5725/2232/1318 5737/2245/1318 5738/2246/1318 5726/2233/1318
f 5726/2233/1319 5738/2246/1319 5739/2247/1319 5727/2234/1319
f 5727/2234/1320 5739/2247/1320 5728/2235/1320 5716/2222/1320
f 5728/2235/1321 5740/2248/1321 5741/2249/1321 5729/2236/1321
f 5729/2236/1322 5741/2249/1322 5742/2250/1322 5730/2237/1322
f 5730/2237/1323 5742/2250/1323 5743/2251/1323 5731/2238/1323
f 5731/2238/1324 5743/2251/1324 5744/2252/1324 5732/2239/1324
f 5732/2239/1325 5744/2252/1325 5745/2253/1325 5733/2240/1325
f 5733/2240/1326 5745/2253/1326 5746/2254/1326 5734/2241/1326
f 5734/2242/1327 5746/2255/1327 5747/2256/1327 5735/2243/1327
f 5735/2243/1328 5747/2256/1328 5748/2257/1328 5736/2244/1328
f 5736/2244/1329 5748/2257/1329 5749/2258/1329 5737/2245/1329
f 5737/2245/1330 5749/2258/1330 5750/2259/1330 5738/2246/1330
f 5738/2246/1331 5750/2259/1331 5751/2260/1331 5739/2247/1331
f 5739/2247/1332 5751/2260/1332 5740/2248/1332 5728/2235/1332
f 5740/2248/1333 5752/2261/1333 5753/2262/1333 5741/2249/1333
f 5741/2249/1334 5753/2262/1334 5754/2263/1334 5742/2250/1334
f 5742/2250/1335 5754/2263/1335 5755/2264/1335 5743/2251/1335
f 5743/2251/1336 5755/2264/1336 5756/2265/1336 5744/2252/1336
f 5744/2252/1337 5756/2265/1337 5757/2266/1337 5745/2253/1337
f 5745/2253/1338 5757/2266/1338 5758/2267/1338 5746/2254/1338
f 5746/2255/1339 5758/2268/1339 5759/2269/1339 5747/2256/1339
f 5747/2256/1340 5759/2269/1340 5760/2270/1340 5748/2257/1340
f 5748/2257/1341 5760/2270/1341 5761/2271/1341 5749/2258/1341
f 5749/2258/1342 5761/2271/1342 5762/2272/1342 5750/2259/1342
f 5750/2259/1343 5762/2272/1343 5763/2273/1343 5751/2260/1343
f 5751/2260/1344 5763/2273/1344 5752/2261/1344 5740/2248/1344
f 5752/2261/1345 5764/2274/1345 5765/2275/1345 5753/2262/1345
f 5753/2262/1346 5765/2275/1346 5766/2276/1346 5754/2263/1346
f 5754/2263/1347 5766/2276/1347 5767/2277/1347 5755/2264/1347
f 5755/2264/1348 5767/2277/1348 5768/2278/1348 5756/2265/1348
f 5756/2265/1349 5768/2278/1349 5769/2279/1349 5757/2266/1349
f 5757/2266/1350 5769/2279/1350 5770/2280/1350 5758/2267/1350
f 5758/2268/1351 5770/2281/1351 5771/2282/1351 5759/2269/1351
f 5759/2269/1352 5771/2282/1352 5772/2283/1352 5760/2270/1352
f 5760/2270/1353 5772/2283/1353 5773/2284/1353 5761/2271/1353
f 5761/2271/1354 5773/2284/1354 5774/2285/1354 5762/2272/1354
f 5762/2272/1355 5774/2285/1355 5775/2286/1355 5763/2273/1355
f 5763/2273/1356 5775/2286/1356 5764/2274/1356 5752/2261/1356
f 5764/2274/1357 5776/2287/1357 5777/2288/1357 5765/2275/1357
f 5765/2275/1358 5777/2288/1358 5778/2289/1358 5766/2276/1358
f 5766/2276/1359 5778/2289/1359 5779/2290/1359 5767/2277/1359
f 5767/2277/1360 5779/2290/1360 5780/2291/1360 5768/2278/1360
f 5768/2278/1361 5780/2291/1361 5781/2292/1361 5769/2279/1361
f 5769/2279/1362 5781/2292/1362 5782/2293/1362 5770/2280/1362
f 5770/2281/1363 5782/2294/1363 5783/2295/1363 5771/2282/1363
f 5771/2282/1364 5783/2295/1364 5784/2296/1364 5772/2283/1364
f 5772/2283/1365 5784/2296/1365 5785/2297/1365 5773/2284/1365
f 5773/2284/1366 5785/2297/1366 5786/2298/1366 5774/2285/1366
f 5774/2285/1367 5786/2298/1367 5787/2299/1367 5775/2286/1367
f 5775/2286/1368 5787/2299/1368 5776/2287/1368 5764/2274/1368
f 5776/2287/1369 5788/2300/1369 5789/2301/1369 5777/2288/1369
f 5777/2288/1370 5789/2301/1370 5790/2302/1370 5778/2289/1370
f 5778/2289/1371 5790/2302/1371 5791/2303/1371 5779/2290/1371
f 5779/2290/1372 5791/2303/1372 5792/2304/1372 5780/2291/1372
f 5780/2291/1373 5792/2304/1373 5793/2305/1373 5781/2292/1373
f 5781/2292/1374 5793/2305/1374 5794/2306/1374 5782/2293/1374
f 5782/2294/1375 5794/2307/1375 5795/2308/1375 5783/2295/1375
f 5783/2295/1376 5795/2308/1376 5796/2309/1376 5784/2296/1376
f 5784/2296/1377 5796/2309/1377 5797/2310/1377 5785/2297/1377
f 5785/2297/1378 5797/2310/1378 5798/2311/1378 5786/2298/1378
f 5786/2298/1379 5798/2311/1379 5799/2312/1379 5787/2299/1379
f 5787/2299/1380 5799/2312/1380 5788/2300/1380 5776/2287/1380
f 5788/2300/1381 5800/2313/1381 5801/2314/1381 5789/2301/1381
f 5789/2301/1382 5801/2314/1382 5802/2315/1382 5790/2302/1382
f 5790/2302/1383 5802/2315/1383 5803/2316/1383 5791/2303/1383
f 5791/2303/1384 5803/2316/1384 5804/2317/1384 5792/2304/1384
f 5792/2304/1385 5804/2317/1385 5805/2318/1385 5793/2305/1385
f 5793/2305/1386 5805/2318/1386 5806/2319/1386 5794/2306/1386
f 5794/2307/1387 5806/2320/1387 5807/2321/1387 5795/2308/1387
f 5795/2308/1388 5807/2321/1388 5808/2322/1388 5796/2309/1388
f 5796/2309/1389 5808/2322/1389 5809/2323/1389 5797/2310/1389
f 5797/2310/1390 5809/2323/1390 5810/2324/1390 5798/2311/1390
f 5798/2311/1391 5810/2324/1391 5811/2325/1391 5799/2312/1391
f 5799/2312/1392 5811/2325/1392 5800/2313/1392 5788/2300/1392
f 5800/2326/1110 5812/2327/1110 5813/2328/1110 5801/2329/1110
f 5801/2329/1109 5813/2328/1109 5814/2330/1109 5802/2331/1109
f 5802/2331/1108 5814/2330/1108 5815/2332/1108 5803/2333/1108
f 5803/2333/1107 5815/2332/1107 5816/2334/1107 5804/2335/1107
f 5804/2335/1106 5816/2334/1106 5817/2336/1106 5805/2337/1106
f 5805/2337/1105 5817/2336/1105 5818/2338/1105 5806/2339/1105
f 5806/2340/1116 5818/2341/1116 5819/2342/1116 5807/2343/1116
f 5807/2343/1115 5819/2342/1115 5820/2344/1115 5808/2345/1115
f 5808/2345/1114 5820/2344/1114 5821/2346/1114 5809/2347/1114
f 5809/2347/1113 5821/2346/1113 5822/2348/1113 5810/2349/1113
f 5810/2349/1112 5822/2348/1112 5823/2350/1112 5811/2351/1112
f 5811/2351/1111 5823/2350/1111 5812/2327/1111 5800/2326/1111
f 5812/2327/1122 5824/2352/1122 5825/2353/1122 5813/2328/1122
f 5813/2328/1121 5825/2353/1121 5826/2354/1121 5814/2330/1121
f 5814/2330/1120 5826/2354/1120 5827/2355/1120 5815/2332/1120
f 5815/2332/1119 5827/2355/1119 5828/2356/1119 5816/2334/1119
f 5816/2334/1118 5828/2356/1118 5829/2357/1118 5817/2336/1118
f 5817/2336/1117 5829/2357/1117 5830/2358/1117 5818/2338/1117
f 5818/2341/1128 5830/2359/1128 5831/2360/1128 5819/2342/1128
f 5819/2342/1127 5831/2360/1127 5832/2361/1127 5820/2344/1127
f 5820/2344/1126 5832/2361/1126 5833/2362/1126 5821/2346/1126
f 5821/2346/1125 5833/2362/1125 5834/2363/1125 5822/2348/1125
f 5822/2348/1124 5834/2363/1124 5835/2364/1124 5823/2350/1124
f 5823/2350/1123 5835/2364/1123 5824/2352/1123 5812/2327/1123
f 5824/2352/1134 5836/2365/1134 5837/2366/1134 5825/2353/1134
f 5825/2353/1133 5837/2366/1133 5838/2367/1133 5826/2354/1133
f 5826/2354/1132 5838/2367/1132 5839/2368/1132 5827/2355/1132
f 5827/2355/1131 5839/2368/1131 5840/2369/1131 5828/2356/1131
f 5828/2356/1130 5840/2369/1130 5841/2370/1130 5829/2357/1130
f 5829/2357/1129 5841/2370/1129 5842/2371/1129 5830/2358/1129
f 5830/2359/1140 5842/2372/1140 5843/2373/1140 5831/2360/1140
f 5831/2360/1139 5843/2373/1139 5844/2374/1139 5832/2361/1139
f 5832/2361/1138 5844/2374/1138 5845/2375/1138 5833/2362/1138
f 5833/2362/1137 5845/2375/1137 5846/2376/1137 5834/2363/1137
f 5834/2363/1136 5846/2376/1136 5847/2377/1136 5835/2364/1136
f 5835/2364/1135 5847/2377/1135 5836/2365/1135 5824/2352/1135
f 5836/2365/1146 5848/2378/1146 5849/2379/1146 5837/2366/1146
f 5837/2366/1145 5849/2379/1145 5850/2380/1145 5838/2367/1145
f 5838/2367/1144 5850/2380/1144 5851/2381/1144 5839/2368/1144
f 5839/2368/1143 5851/2381/1143 5852/2382/1143 5840/2369/1143
f 5840/2369/1142 5852/2382/1142 5853/2383/1142 5841/2370/1142
f 5841/2370/1141 5853/2383/1141 5854/2384/1141 5842/2371/1141
f 5842/2372/1152 5854/2385/1152 5855/2386/1152 5843/2373/1152
f 5843/2373/1151 5855/2386/1151 5856/2387/1151 5844/2374/1151
f 5844/2374/1150 5856/2387/1150 5857/2388/1150 5845/2375/1150
f 5845/2375/1149 5857/2388/1149 5858/2389/1149 5846/2376/1149
f 5846/2376/1148 5858/2389/1148 5859/2390/1148 5847/2377/1148
f 5847/2377/1147 5859/2390/1147 5848/2378/1147 5836/2365/1147
f 5848/2378/1158 5860/2391/1158 5861/2392/1158 5849/2379/1158
f 5849/2379/1157 5861/2392/1157 5862/2393/1157 5850/2380/1157
f 5850/2380/1156 5862/2393/1156 5863/2394/1156 5851/2381/1156
f 5851/2381/1155 5863/2394/1155 5864/2395/1155 5852/2382/1155
f 5852/2382/1154 5864/2395/1154 5865/2396/1154 5853/2383/1154
f 5853/2383/1153 5865/2396/1153 5866/2397/1153 5854/2384/1153
f 5854/2385/1164 5866/2398/1164 5867/2399/1164 5855/2386/1164
f 5855/2386/1163 5867/2399/1163 5868/2400/1163 5856/2387/1163
f 5856/2387/1162 5868/2400/1162 5869/2401/1162 5857/2388/1162
f 5857/2388/1161 5869/2401/1161 5870/2402/1161 5858/2389/1161
f 5858/2389/1160 5870/2402/1160 5871/2403/1160 5859/2390/1160
f 5859/2390/1159 5871/2403/1159 5860/2391/1159 5848/2378/1159
f 5860/2391/1170 5872/2404/1170 5873/2405/1170 5861/2392/1170
f 5861/2392/1169 5873/2405/1169 5874/2406/1169 5862/2393/1169
f 5862/2393/1168 5874/2406/1168 5875/2407/1168 5863/2394/1168
f 5863/2394/1167 5875/2407/1167 5876/2408/1167 5864/2395/1167
f 5864/2395/1166 5876/2408/1166 5877/2409/1166 5865/2396/1166
f 5865/2396/1165 5877/2409/1165 5878/2410/1165 5866/2397/1165
f 5866/2398/1176 5878/2411/1176 5879/2412/1176 5867/2399/1176
f 5867/2399/1175 5879/2412/1175 5880/2413/1175 5868/2400/1175
f 5868/2400/1174 5880/2413/1174 5881/2414/1174 5869/2401/1174
f 5869/2401/1173 5881/2414/1173 5882/2415/1173 5870/2402/1173
f 5870/2402/1172 5882/2415/1172 5883/2416/1172 5871/2403/1172
f 5871/2403/1171 5883/2416/1171 5872/2404/1171 5860/2391/1171
f 5872/2404/1182 5884/2417/1182 5885/2418/1182 5873/2405/1182
f 5873/2405/1181 5885/2418/1181 5886/2419/1181 5874/2406/1181
f 5874/2406/1180 5886/2419/1180 5887/2420/1180 5875/2407/1180
f 5875/2407/1179 5887/2420/1179 5888/2421/1179 5876/2408/1179
f 5876/2408/1178 5888/2421/1178 5889/2422/1178 5877/2409/1178
f 5877/2409/1177 5889/2422/1177 5890/2423/1177 5878/2410/1177
f 5878/2411/1188 5890/2424/1188 5891/2425/1188 5879/2412/1188
f 5879/2412/1187 5891/2425/1187 5892/2426/1187 5880/2413/1187
f 5880/2413/1186 5892/2426/1186 5893/2427/1186 5881/2414/1186
f 5881/2414/1185 5893/2427/1185 5894/2428/1185 5882/2415/1185
f 5882/2415/1184 5894/2428/1184 5895/2429/1184 5883/2416/1184
f 5883/2416/1183 5895/2429/1183 5884/2417/1183 5872/2404/1183
f 5884/2417/1194 5896/2430/1194 5897/2431/1194 5885/2418/1194
f 5885/2418/1193 5897/2431/1193 5898/2432/1193 5886/2419/1193
f 5886/2419/1192 5898/2432/1192 5899/2433/1192 5887/2420/1192
f 5887/2420/1191 5899/2433/1191 5900/2434/1191 5888/2421/1191
f 5888/2421/1190 5900/2434/1190 5901/2435/1190 5889/2422/1190
f 5889/2422/1189 5901/2435/1189 5902/2436/1189 5890/2423/1189
f 5890/2424/1200 5902/2437/1200 5903/2438/1200 5891/2425/1200
f 5891/2425/1199 5903/2438/1199 5904/2439/1199 5892/2426/1199
f 5892/2426/1198 5904/2439/1198 5905/2440/1198 5893/2427/1198
f 5893/2427/1197 5905/2440/1197 5906/2441/1197 5894/2428/1197
f 5894/2428/1196 5906/2441/1196 5907/2442/1196 5895/2429/1196
f 5895/2429/1195 5907/2442/1195 5896/2430/1195 5884/2417/1195
f 5896/2430/1206 5908/2443/1206 5909/2444/1206 5897/2431/1206
f 5897/2431/1205 5909/2444/1205 5910/2445/1205 5898/2432/1205
f 5898/2432/1204 5910/2445/1204 5911/2446/1204 5899/2433/1204
f 5899/2433/1203 5911/2446/1203 5912/2447/1203 5900/2434/1203
f 5900/2434/1202 5912/2447/1202 5913/2448/1202 5901/2435/1202
f 5901/2435/1201 5913/2448/1201 5914/2449/1201 5902/2436/1201
f 5902/2437/1212 5914/2450/1212 5915/2451/1212 5903/2438/1212
f 5903/2438/1211 5915/2451/1211 5916/2452/1211 5904/2439/1211
f 5904/2439/1210 5916/2452/1210 5917/2453/1210 5905/2440/1210
f 5905/2440/1209 5917/2453/1209 5918/2454/1209 5906/2441/1209
f 5906/2441/1208 5918/2454/1208 5919/2455/1208 5907/2442/1208
f 5907/2442/1207 5919/2455/1207 5908/2443/1207 5896/2430/1207
f 5908/2443/1218 5920/2456/1218 5921/2457/1218 5909/2444/1218
f 5909/2444/1217 5921/2457/1217 5922/2458/1217 5910/2445/1217
f 5910/2445/1216 5922/2458/1216 5923/2459/1216 5911/2446/1216
f 5911/2446/1215 5923/2459/1215 5924/2460/1215 5912/2447/1215
f 5912/2447/1214 5924/2460/1214 5925/2461/1214 5913/2448/1214
f 5913/2448/1213 5925/2461/1213 5926/2462/1213 5914/2449/1213
f 5914/2450/1224 5926/2463/1224 5927/2464/1224 5915/2451/1224
f 5915/2451/1223 5927/2464/1223 5928/2465/1223 5916/2452/1223
f 5916/2452/1222 5928/2465/1222 5929/2466/1222 5917/2453/1222
f 5917/2453/1221 5929/2466/1221 5930/2467/1221 5918/2454/1221
f 5918/2454/1220 5930/2467/1220 5931/2468/1220 5919/2455/1220
f 5919/2455/1219 5931/2468/1219 5920/2456/1219 5908/2443/1219
f 5920/2456/1230 5932/2469/1230 5933/2470/1230 5921/2457/1230
f 5921/2457/1229 5933/2470/1229 5934/2471/1229 5922/2458/1229
f 5922/2458/1228 5934/2471/1228 5935/2472/1228 5923/2459/1228
f 5923/2459/1227 5935/2472/1227 5936/2473/1227 5924/2460/1227
f 5924/2460/1226 5936/2473/1226 5937/2474/1226 5925/2461/1226
f 5925/2461/1225 5937/2474/1225 5938/2475/1225 5926/2462/1225
f 5926/2463/1236 5938/2476/1236 5939/2477/1236 5927/2464/1236
f 5927/2464/1235 5939/2477/1235 5940/2478/1235 5928/2465/1235
f 5928/2465/1234 5940/2478/1234 5941/2479/1234 5929/2466/1234
f 5929/2466/1233 5941/2479/1233 5942/2480/1233 5930/2467/1233
f 5930/2467/1232 5942/2480/1232 5943/2481/1232 5931/2468/1232
f 5931/2468/1231 5943/2481/1231 5932/2469/1231 5920/2456/1231
f 5932/2469/1242 5944/2482/1242 5945/2483/1242 5933/2470/1242
f 5933/2470/1241 5945/2483/1241 5946/2484/1241 5934/2471/1241
f 5934/2471/1240 5946/2484/1240 5947/2485/1240 5935/2472/1240
f 5935/2472/1239 5947/2485/1239 5948/2486/1239 5936/2473/1239
f 5936/2473/1238 5948/2486/1238 5949/2487/1238 5937/2474/1238
f 5937/2474/1237 5949/2487/1237 5950/2488/1237 5938/2475/1237
f 5938/2476/1248 5950/2489/1248 5951/2490/1248 5939/2477/1248
f 5939/2477/1247 5951/2490/1247 5952/2491/1247 5940/2478/1247
f 5940/2478/1246 5952/2491/1246 5953/2492/1246 5941/2479/1246
f 5941/2479/1245 5953/2492/1245 5954/2493/1245 5942/2480/1245
f 5942/2480/1244 5954/2493/1244 5955/2494/1244 5943/2481/1244
f 5943/2481/1243 5955/2494/1243 5944/2482/1243 5932/2469/1243
f 5944/2482/1254 5956/2495/1254 5957/2496/1254 5945/2483/1254
f 5945/2483/1253 5957/2496/1253 5958/2497/1253 5946/2484/1253
f 5946/2484/1252 5958/2497/1252 5959/2498/1252 5947/2485/1252
f 5947/2485/1251 5959/2498/1251 5960/2499/1251 5948/2486/1251
f 5948/2486/1250 5960/2499/1250 5961/2500/1250 5949/2487/1250
f 5949/2487/1249 5961/2500/1249 5962/2501/1249 5950/2488/1249
f 5950/2489/1260 5962/2502/1260 5963/2503/1260 5951/2490/1260
f 5951/2490/1259 5963/2503/1259 5964/2504/1259 5952/2491/1259
f 5952/2491/1258 5964/2504/1258 5965/2505/1258 5953/2492/1258
f 5953/2492/1257 5965/2505/1257 5966/2506/1257 5954/2493/1257
f 5954/2493/1256 5966/2506/1256 5967/2507/1256 5955/2494/1256
f 5955/2494/1255 5967/2507/1255 5956/2495/1255 5944/2482/1255
f 5956/2495/1266 5968/2508/1266 5969/2509/1266 5957/2496/1266
f 5957/2496/1265 5969/2509/1265 5970/2510/1265 5958/2497/1265
f 5958/2497/1264 5970/2510/1264 5971/2511/1264 5959/2498/1264
f 5959/2498/1263 5971/2511/1263 5972/2512/1263 5960/2499/1263
f 5960/2499/1262 5972/2512/1262 5973/2513/1262 5961/2500/1262
f 5961/2500/1261 5973/2513/1261 5974/2514/1261 5962/2501/1261
f 5962/2502/1272 5974/2515/1272 5975/2516/1272 5963/2503/1272
f 5963/2503/1271 5975/2516/1271 5976/2517/1271 5964/2504/1271
f 5964/2504/1270 5976/2517/1270 5977/2518/1270 5965/2505/1270
f 5965/2505/1269 5977/2518/1269 5978/2519/1269 5966/2506/1269
f 5966/2506/1268 5978/2519/1268 5979/2520/1268 5967/2507/1268
f 5967/2507/1267 5979/2520/1267 5968/2508/1267 5956/2495/1267
f 5968/2508/1278 5980/2521/1278 5981/2522/1278 5969/2509/1278
f 5969/2509/1277 5981/2522/1277 5982/2523/1277 5970/2510/1277
f 5970/2510/1276 5982/2523/1276 5983/2524/1276 5971/2511/1276
f 5971/2511/1275 5983/2524/1275 5984/2525/1275 5972/2512/1275
f 5972/2512/1274 5984/2525/1274 5985/2526/1274 5973/2513/1274
f 5973/2513/1273 5985/2526/1273 5986/2527/1273 5974/2514/1273
f 5974/2515/1284 5986/2528/1284 5987/2529/1284 5975/2516/1284
f 5975/2516/1283 5987/2529/1283 5988/2530/1283 5976/2517/1283
f 5976/2517/1282 5988/2530/1282 5989/2531/1282 5977/2518/1282
f 5977/2518/1281 5989/2531/1281 5990/2532/1281 5978/2519/1281
f 5978/2519/1280 5990/2532/1280 5991/2533/1280 5979/2520/1280
f 5979/2520/1279 5991/2533/1279 5980/2521/1279 5968/2508/1279
f 5980/2521/1290 5992/2534/1290 5993/2535/1290 5981/2522/1290
f 5981/2522/1289 5993/2535/1289 5994/2536/1289 5982/2523/1289
f 5982/2523/1288 5994/2536/1288 5995/2537/1288 5983/2524/1288
f 5983/2524/1287 5995/2537/1287 5996/2538/1287 5984/2525/1287
f 5984/2525/1286 5996/2538/1286 5997/2539/1286 5985/2526/1286
f 5985/2526/1285 5997/2539/1285 5998/2540/1285 5986/2527/1285
f 5986/2528/1296 5998/2541/1296 5999/2542/1296 5987/2529/1296
f 5987/2529/1295 5999/2542/1295 6000/2543/1295 5988/2530/1295
f 5988/2530/1294 6000/2543/1294 6001/2544/1294 5989/2531/1294
f 5989/2531/1293 6001/2544/1293 6002/2545/1293 5990/2532/1293
f 5990/2532/1292 6002/2545/1292 6003/2546/1292 5991/2533/1292
f 5991/2533/1291 6003/2546/1291 5992/2534/1291 5980/2521/1291
f 5992/2534/1302 6004/2547/1302 6005/2548/1302 5993/2535/1302
f 5993/2535/1301 6005/2548/1301 6006/2549/1301 5994/2536/1301
f 5994/2536/1300 6006/2549/1300 6007/2550/1300 5995/2537/1300
f 5995/2537/1299 6007/2550/1299 6008/2551/1299 5996/2538/1299
f 5996/2538/1298 6008/2551/1298 6009/2552/1298 5997/2539/1298
f 5997/2539/1297 6009/2552/1297 6010/2553/1297 5998/2540/1297
f 5998/2541/1308 6010/2554/1308 6011/2555/1308 5999/2542/1308
f 5999/2542/1307 6011/2555/1307 6012/2556/1307 6000/2543/1307
f 6000/2543/1306 6012/2556/1306 6013/2557/1306 6001/2544/1306
f 6001/2544/1305 6013/2557/1305 6014/2558/1305 6002/2545/1305
f 6002/2545/1304 6014/2558/1304 6015/2559/1304 6003/2546/1304
f 6003/2546/1303 6015/2559/1303 6004/2547/1303 5992/2534/1303
f 6004/2547/1314 6016/2560/1314 6017/2561/1314 6005/2548/1314
f 6005/2548/1313 6017/2561/1313 6018/2562/1313 6006/2549/1313
f 6006/2549/1312 6018/2562/1312 6019/2563/1312 6007/2550/1312
f 6007/2550/1311 6019/2563/1311 6020/2564/1311 6008/2551/1311
f 6008/2551/1310 6020/2564/1310 6021/2565/1310 6009/2552/1310
f 6009/2552/1309 6021/2565/1309 6022/2566/1309 6010/2553/1309
f 6010/2554/1320 6022/2567/1320 6023/2568/1320 6011/2555/1320
f 6011/2555/1319 6023/2568/1319 6024/2569/1319 6012/2556/1319
f 6012/2556/1318 6024/2569/1318 6025/2570/1318 6013/2557/1318
f 6013/2557/1317 6025/2570/1317 6026/2571/1317 6014/2558/1317
f 6014/2558/1316 6026/2571/1316 6027/2572/1316 6015/2559/1316
f 6015/2559/1315 6027/2572/1315 6016/2560/1315 6004/2547/1315
f 6016/2560/1326 6028/2573/1326 6029/2574/1326 6017/2561/1326
f 6017/2561/1325 6029/2574/1325 6030/2575/1325 6018/2562/1325
f 6018/2562/1324 6030/2575/1324 6031/2576/1324 6019/2563/1324
f 6019/2563/1323 6031/2576/1323 6032/2577/1323 6020/2564/1323
f 6020/2564/1322 6032/2577/1322 6033/2578/1322 6021/2565/1322
f 6021/2565/1321 6033/2578/1321 6034/2579/1321 6022/2566/1321
f 6022/2567/1332 6034/2580/1332 6035/2581/1332 6023/2568/1332
f 6023/2568/1331 6035/2581/1331 6036/2582/1331 6024/2569/1331
f 6024/2569/1330 6036/2582/1330 6037/2583/1330 6025/2570/1330
f 6025/2570/1329 6037/2583/1329 6038/2584/1329 6026/2571/1329
f 6026/2571/1328 6038/2584/1328 6039/2585/1328 6027/2572/1328
f 6027/2572/1327 6039/2585/1327 6028/2573/1327 6016/2560/1327
f 6028/2573/1338 6040/2586/1338 6041/2587/1338 6029/2574/1338
f 6029/2574/1337 6041/2587/1337 6042/2588/1337 6030/2575/1337
f 6030/2575/1336 6042/2588/1336 6043/2589/1336 6031/2576/1336
f 6031/2576/1335 6043/2589/1335 6044/2590/1335 6032/2577/1335
f 6032/2577/1334 6044/2590/1334 6045/2591/1334 6033/2578/1334
f 6033/2578/1333 6045/2591/1333 6046/2592/1333 6034/2579/1333
f 6034/2580/1344 6046/2593/1344 6047/2594/1344 6035/2581/1344
f 6035/2581/1343 6047/2594/1343 6048/2595/1343 6036/2582/1343
f 6036/2582/1342 6048/2595/1342 6049/2596/1342 6037/2583/1342
f 6037/2583/1341 6049/2596/1341 6050/2597/1341 6038/2584/1341
f 6038/2584/1340 6050/2597/1340 6051/2598/1340 6039/2585/1340
f 6039/2585/1339 6051/2598/1339 6040/2586/1339 6028/2573/1339
f 6040/2586/1350 6052/2599/1350 6053/2600/1350 6041/2587/1350
f 6041/2587/1349 6053/2600/1349 6054/2601/1349 6042/2588/1349
f 6042/2588/1348 6054/2601/1348 6055/2602/1348 6043/2589/1348
f 6043/2589/1347 6055/2602/1347 6056/2603/1347 6044/2590/1347
f 6044/2590/1346 6056/2603/1346 6057/2604/1346 6045/2591/1346
f 6045/2591/1345 6057/2604/1345 6058/2605/1345 6046/2592/1345
f 6046/2593/1356 6058/2606/1356 6059/2607/1356 6047/2594/1356
f 6047/2594/1355 6059/2607/1355 6060/2608/1355 6048/2595/1355
f 6048/2595/1354 6060/2608/1354 6061/2609/1354 6049/2596/1354
f 6049/2596/1353 6061/2609/1353 6062/2610/1353 6050/2597/1353
f 6050/2597/1352 6062/2610/1352 6063/2611/1352 6051/2598/1352
f 6051/2598/1351 6063/2611/1351 6052/2599/1351 6040/2586/1351
f 6052/2599/1362 6064/2612/1362 6065/2613/1362 6053/2600/1362
f 6053/2600/1361 6065/2613/1361 6066/2614/1361 6054/2601/1361
f 6054/2601/1360 6066/2614/1360 6067/2615/1360 6055/2602/1360
f 6055/2602/1359 6067/2615/1359 6068/2616/1359 6056/2603/1359
f 6056/2603/1358 6068/2616/1358 6069/2617/1358 6057/2604/1358
f 6057/2604/1357 6069/2617/1357 6070/2618/1357 6058/2605/1357
f 6058/2606/1368 6070/2619/1368 6071/2620/1368 6059/2607/1368
f 6059/2607/1367 6071/2620/1367 6072/2621/1367 6060/2608/1367
f 6060/2608/1366 6072/2621/1366 6073/2622/1366 6061/2609/1366
f 6061/2609/1365 6073/2622/1365 6074/2623/1365 6062/2610/1365
f 6062/2610/1364 6074/2623/1364 6075/2624/1364 6063/2611/1364
f 6063/2611/1363 6075/2624/1363 6064/2612/1363 6052/2599/1363
f 6064/2612/1374 6076/2625/1374 6077/2626/1374 6065/2613/1374
f 6065/2613/1373 6077/2626/1373 6078/2627/1373 6066/2614/1373
f 6066/2614/1372 6078/2627/1372 6079/2628/1372 6067/2615/1372
f 6067/2615/1371 6079/2628/1371 6080/2629/1371 6068/2616/1371
f 6068/2616/1370 6080/2629/1370 6081/2630/1370 6069/2617/1370
f 6069/2617/1369 6081/2630/1369 6082/2631/1369 6070/2618/1369
f 6070/2619/1380 6082/2632/1380 6083/2633/1380 6071/2620/1380
f 6071/2620/1379 6083/2633/1379 6084/2634/1379 6072/2621/1379
f 6072/2621/1378 6084/2634/1378 6085/2635/1378 6073/2622/1378
f 6073/2622/1377 6085/2635/1377 6086/2636/1377 6074/2623/1377
f 6074/2623/1376 6086/2636/1376 6087/2637/1376 6075/2624/1376
f 6075/2624/1375 6087/2637/1375 6076/2625/1375 6064/2612/1375
f 6076/2625/1386 5512/2001/1386 5513/2004/1386 6077/2626/1386
f 6077/2626/1385 5513/2004/1385 5514/2006/1385 6078/2627/1385
f 6078/2627/1384 5514/2006/1384 5515/2008/1384 6079/2628/1384
f 6079/2628/1383 5515/2008/1383 5516/2010/1383 6080/2629/1383
f 6080/2629/1382 5516/2010/1382 5517/2012/1382 6081/2630/1382
f 6081/2630/1381 5517/2012/1381 5518/2014/1381 6082/2631/1381
f 6082/2632/1392 5518/2015/1392 5519/2018/1392 6083/2633/1392
f 6083/2633/1391 5519/2018/1391 5520/2020/1391 6084/2634/1391
f 6084/2634/1390 5520/2020/1390 5521/2022/1390 6085/2635/1390
f 6085/2635/1389 5521/2022/1389 5522/2024/1389 6086/2636/1389
f 6086/2636/1388 5522/2024/1388 5523/2026/1388 6087/2637/1388
f 6087/2637/1387 5523/2026/1387 5512/2001/1387 6076/2625/1387
o Rim.001
v -1.852479 0.598039 -1.001777
v -1.845601 0.598039 -1.001777
v -1.845601 0.826164 -1.053993
v -1.764596 0.826164 -1.053993
v -1.833480 0.864616 -1.051409
v -1.776717 0.864616 -1.051409
v -1.757718 0.598039 -1.001777
v -1.753430 0.592662 -1.001777
v -1.702924 0.529330 -1.001777
v -1.575075 0.734896 -1.053993
v -1.524569 0.671563 -1.053993
v -1.537455 0.749393 -1.051409
v -1.502064 0.705014 -1.051409
v -1.698636 0.523953 -1.001777
v -1.719723 0.431568 -1.001777
v -1.700167 0.517248 -1.001777
v -1.718192 0.438273 -1.001777
v -1.477761 0.466485 -1.053993
v -1.495787 0.387511 -1.053993
v -1.442971 0.446111 -1.051409
v -1.455602 0.390772 -1.051409
v -1.805099 0.390453 -1.001777
v -1.725919 0.428584 -1.001777
v -1.798902 0.393437 -1.001777
v -1.626939 0.223051 -1.053993
v -1.699923 0.187904 -1.053993
v -1.621177 0.183148 -1.051409
v -1.672318 0.158519 -1.051409
v -1.811295 0.393437 -1.001777
v -1.884278 0.428584 -1.001777
v -1.910275 0.187904 -1.053993
v -1.983258 0.223051 -1.053993
v -1.937879 0.158520 -1.051409
v -1.989021 0.183148 -1.051409
v -1.890475 0.431568 -1.001777
v -1.911561 0.523953 -1.001777
v -1.892005 0.438273 -1.001777
v -1.910030 0.517248 -1.001777
v -2.114410 0.387511 -1.053993
v -2.132436 0.466485 -1.053993
v -2.154595 0.390772 -1.051409
v -2.167226 0.446111 -1.051409
v -1.907273 0.529330 -1.001777
v -1.856767 0.592662 -1.001777
v -2.085628 0.671563 -1.053993
v -2.035122 0.734896 -1.053993
v -2.108133 0.705014 -1.051409
v -2.072742 0.749393 -1.051409
v -1.764596 0.598039 -1.001777
v -1.856767 0.592662 -1.001777
v -1.845601 0.598039 -1.001777
v -1.764596 0.598039 -1.001777
v -1.764596 0.826164 -1.053993
v -1.769270 0.840991 -1.052997
v -1.753430 0.592662 -1.001777
v -1.575075 0.734896 -1.053993
v -1.560569 0.740486 -1.052997
v -1.702924 0.529330 -1.001777
v -1.524569 0.671563 -1.053993
v -1.515891 0.684462 -1.052997
v -1.700167 0.517248 -1.001777
v -1.477761 0.466485 -1.053993
v -1.464346 0.458629 -1.052997
v -1.718192 0.438273 -1.001777
v -1.495787 0.387511 -1.053993
v -1.480292 0.388768 -1.052997
v -1.725919 0.428584 -1.001777
v -1.626939 0.223051 -1.053993
v -1.624717 0.207664 -1.052997
v -1.798902 0.393437 -1.001777
v -1.699923 0.187904 -1.053993
v -1.689278 0.176573 -1.052997
v -1.811295 0.393437 -1.001777
v -1.910275 0.187904 -1.053993
v -1.920919 0.176573 -1.052997
v -1.884278 0.428584 -1.001777
v -1.983258 0.223051 -1.053993
v -1.985480 0.207664 -1.052997
v -1.892005 0.438273 -1.001777
v -2.114410 0.387511 -1.053993
v -2.129905 0.388768 -1.052997
v -1.910030 0.517248 -1.001777
v -2.132436 0.466485 -1.053993
v -2.145851 0.458629 -1.052997
v -1.907273 0.529330 -1.001777
v -2.085628 0.671563 -1.053993
v -2.094306 0.684462 -1.052997
v -2.035122 0.734896 -1.053993
v -2.034281 0.733149 -1.053501
v -2.034912 0.734459 -1.053870
v -2.034701 0.734022 -1.053747
v -2.034491 0.733586 -1.053624
v -2.049628 0.740486 -1.052997
v -2.049628 0.740486 -1.052997
v -2.049628 0.740486 -1.052997
v -2.049628 0.740486 -1.052997
v -2.049628 0.740486 -1.052997
v -1.845601 0.826164 -1.053993
v -1.845601 0.826164 -1.053993
v -1.845601 0.826164 -1.053993
v -1.845601 0.826164 -1.053993
v -1.845601 0.826164 -1.053993
v -1.840927 0.840991 -1.052997
v -1.840927 0.840991 -1.052997
v -1.840927 0.840991 -1.052997
v -1.840927 0.840991 -1.052997
v -1.840927 0.840991 -1.052997
v -2.049628 0.740486 -1.052997
v -2.049628 0.740486 -1.052997
v -2.049628 0.740486 -1.052997
v -2.049628 0.740486 -1.052997
v -2.049628 0.740486 -1.052997
v -2.049628 0.740486 -1.052997
v -2.049628 0.740486 -1.052997
v -2.049628 0.740486 -1.052997
v -2.049628 0.740486 -1.052997
v -2.049628 0.740486 -1.052997
v -2.049628 0.740486 -1.052997
v -2.049628 0.740486 -1.052997
v -2.049628 0.740486 -1.052997
v -2.049628 0.740486 -1.052997
v -2.049628 0.740486 -1.052997
v -2.049628 0.740486 -1.052997
v -2.049628 0.740486 -1.052997
v -2.049628 0.740486 -1.052997
v -2.049628 0.740486 -1.052997
v -2.049628 0.740486 -1.052997
v -2.049628 0.740486 -1.052997
v -2.049628 0.740486 -1.052997
v -2.049628 0.740486 -1.052997
v -2.049628 0.740486 -1.052997
v -2.049628 0.740486 -1.052997
v -2.035122 0.734896 -1.053993
v -2.035122 0.734896 -1.053993
v -2.035122 0.734896 -1.053993
v -2.035122 0.734896 -1.053993
v -2.035122 0.734896 -1.053993
v -2.035122 0.734896 -1.053993
v -2.035122 0.734896 -1.053993
v -2.035122 0.734896 -1.053993
v -2.035122 0.734896 -1.053993
v -2.035122 0.734896 -1.053993
v -2.035122 0.734896 -1.053993
v -2.035122 0.734896 -1.053993
v -2.035122 0.734896 -1.053993
v -2.035122 0.734896 -1.053993
v -2.035122 0.734896 -1.053993
v -2.035122 0.734896 -1.053993
v -2.035122 0.734896 -1.053993
v -2.035122 0.734896 -1.053993
v -2.035122 0.734896 -1.053993
v -2.035122 0.734896 -1.053993
v -2.035122 0.734896 -1.053993
v -2.035122 0.734896 -1.053993
v -2.035122 0.734896 -1.053993
v -2.035122 0.734896 -1.053993
v -2.035122 0.734896 -1.053993
v -1.845601 0.826164 -1.053993
v -1.845601 0.826164 -1.053993
v -1.845601 0.826164 -1.053993
v -1.845601 0.826164 -1.053993
v -1.845601 0.826164 -1.053993
v -1.845601 0.826164 -1.053993
v -1.845601 0.826164 -1.053993
v -1.845601 0.826164 -1.053993
v -1.845601 0.826164 -1.053993
v -1.845601 0.826164 -1.053993
v -1.845601 0.826164 -1.053993
v -1.845601 0.826164 -1.053993
v -1.845601 0.826164 -1.053993
v -1.845601 0.826164 -1.053993
v -1.845601 0.826164 -1.053993
v -1.845601 0.826164 -1.053993
v -1.845601 0.826164 -1.053993
v -1.845601 0.826164 -1.053993
v -1.845601 0.826164 -1.053993
v -1.845601 0.826164 -1.053993
v -1.845601 0.826164 -1.053993
v -1.845601 0.826164 -1.053993
v -1.845601 0.826164 -1.053993
v -1.845601 0.826164 -1.053993
v -1.845601 0.826164 -1.053993
v -1.840927 0.840991 -1.052997
v -1.840927 0.840991 -1.052997
v -1.840927 0.840991 -1.052997
v -1.840927 0.840991 -1.052997
v -1.840927 0.840991 -1.052997
v -1.840927 0.840991 -1.052997
v -1.840927 0.840991 -1.052997
v -1.840927 0.840991 -1.052997
v -1.840927 0.840991 -1.052997
v -1.840927 0.840991 -1.052997
v -1.840927 0.840991 -1.052997
v -1.840927 0.840991 -1.052997
v -1.840927 0.840991 -1.052997
v -1.840927 0.840991 -1.052997
v -1.840927 0.840991 -1.052997
v -1.840927 0.840991 -1.052997
v -1.840927 0.840991 -1.052997
v -1.840927 0.840991 -1.052997
v -1.840927 0.840991 -1.052997
v -1.840927 0.840991 -1.052997
v -1.840927 0.840991 -1.052997
v -1.840927 0.840991 -1.052997
v -1.840927 0.840991 -1.052997
v -1.840927 0.840991 -1.052997
v -1.840927 0.840991 -1.052997
v -2.049628 0.740486 -1.052997
v -2.049628 0.740486 -1.052997
v -2.044610 0.740691 -1.053172
v -2.049628 0.740486 -1.052997
v -2.049628 0.740486 -1.052997
v -2.048374 0.740537 -1.053041
v -2.048813 0.740519 -1.053025
v -2.049033 0.740510 -1.053017
v -2.048346 0.740538 -1.053041
v -2.048374 0.740537 -1.053041
v -2.047119 0.740589 -1.053084
v -2.049628 0.740486 -1.052997
v -2.048813 0.740519 -1.053025
v -2.047935 0.740555 -1.053056
v -2.045864 0.740640 -1.053128
v -2.047119 0.740589 -1.053084
v -2.045864 0.740640 -1.053128
v -2.046931 0.740596 -1.053091
v -2.047935 0.740555 -1.053056
v -2.035122 0.734896 -1.053993
v -2.035205 0.737067 -1.053818
v -2.035122 0.734896 -1.053993
v -2.035143 0.735439 -1.053950
v -2.035163 0.735981 -1.053906
v -2.035122 0.734896 -1.053993
v -2.035136 0.735248 -1.053965
v -2.035150 0.735628 -1.053934
v -2.035143 0.735451 -1.053949
v -2.035184 0.736524 -1.053862
v -2.035163 0.735981 -1.053906
v -2.035184 0.736524 -1.053862
v -2.035167 0.736063 -1.053899
v -2.035150 0.735628 -1.053934
v -2.035122 0.734896 -1.053993
v -2.035122 0.734896 -1.053993
v -2.035143 0.735439 -1.053950
v -2.035136 0.735248 -1.053965
v -2.035132 0.735153 -1.053973
v -1.845601 0.826164 -1.053993
v -1.845601 0.826164 -1.053993
v -1.847247 0.827583 -1.053818
v -1.845601 0.826164 -1.053993
v -1.845601 0.826164 -1.053993
v -1.846013 0.826519 -1.053950
v -1.845869 0.826395 -1.053965
v -1.845797 0.826332 -1.053973
v -1.846022 0.826527 -1.053949
v -1.846013 0.826519 -1.053950
v -1.846424 0.826873 -1.053906
v -1.845601 0.826164 -1.053993
v -1.845869 0.826395 -1.053965
v -1.846157 0.826643 -1.053934
v -1.846836 0.827228 -1.053862
v -1.846424 0.826873 -1.053906
v -1.846836 0.827228 -1.053862
v -1.846486 0.826926 -1.053899
v -1.846157 0.826643 -1.053934
v -1.840927 0.840991 -1.052997
v -1.844217 0.837196 -1.053172
v -1.840927 0.840991 -1.052997
v -1.841750 0.840042 -1.053041
v -1.842572 0.839093 -1.053084
v -1.840927 0.840991 -1.052997
v -1.841462 0.840375 -1.053025
v -1.842037 0.839711 -1.053056
v -1.841768 0.840021 -1.053041
v -1.843395 0.838144 -1.053128
v -1.842572 0.839093 -1.053084
v -1.843395 0.838144 -1.053128
v -1.842695 0.838951 -1.053091
v -1.842037 0.839711 -1.053056
v -1.840927 0.840991 -1.052997
v -1.840927 0.840991 -1.052997
v -1.841750 0.840042 -1.053041
v -1.841462 0.840375 -1.053025
v -1.841318 0.840541 -1.053017
vn -0.0000 0.0671 -0.9977
vn -0.0000 -0.2231 -0.9748
vn -0.1744 -0.1391 -0.9748
vn 0.0524 0.0418 -0.9977
vn -0.2175 0.0497 -0.9748
vn 0.0654 -0.0149 -0.9977
vn -0.0968 0.2010 -0.9748
vn 0.0291 -0.0604 -0.9977
vn 0.0968 0.2010 -0.9748
vn -0.0291 -0.0604 -0.9977
vn -0.0000 -0.0000 1.0000
vn 0.2175 0.0496 -0.9748
vn -0.0654 -0.0149 -0.9977
vn 0.1744 -0.1391 -0.9748
vn -0.0524 0.0418 -0.9977
vn -0.0000 1.0000 -0.0000
vn -0.1068 -0.2218 -0.9692
vn 0.0380 0.0790 -0.9962
vn -0.2401 -0.0548 -0.9692
vn 0.0854 0.0195 -0.9962
vn -0.1925 0.1535 -0.9692
vn 0.0685 -0.0546 -0.9962
vn -0.0000 0.2462 -0.9692
vn -0.0000 -0.0876 -0.9962
vn 0.1925 0.1535 -0.9692
vn -0.0685 -0.0546 -0.9962
vn 0.2401 -0.0548 -0.9692
vn -0.0854 0.0195 -0.9962
vn -0.1991 -0.3535 -0.9140
vn -0.0380 0.0790 -0.9962
vn -0.0156 0.9999 -0.0000
vn -0.0307 -0.9824 0.1842
vn -0.0154 0.9828 0.1843
vn 0.0303 -0.9697 -0.2424
vn -1.0000 -0.0000 -0.0000
vn 0.0830 -0.0000 -0.9965
vn 0.0310 -0.9918 -0.1240
vn -0.0000 -0.9701 0.2425
vn -0.0000 0.9981 -0.0624
vn -0.0000 -0.9981 0.0624
vn -0.0312 -0.0104 0.9995
vn 0.1544 -0.0000 -0.9880
vn 0.9839 -0.1789 -0.0000
vn -0.0000 0.0156 0.9999
vn -0.0000 -0.0000 -1.0000
vn 0.0312 0.0104 -0.9995
vn -0.5648 0.0770 0.8216
vn -0.1544 -0.0000 0.9880
vn -0.0312 -0.0312 -0.9990
vn 0.0346 -0.5544 0.8316
vn -0.2124 -0.3090 -0.9270
vn 0.4472 -0.0000 0.8944
vn -0.1204 -0.2408 -0.9631
vn -0.0279 0.4470 -0.8941
vn -0.4472 -0.0000 -0.8944
vn 0.1843 -0.0000 0.9829
vn 0.1111 0.4444 0.8889
vn -0.0140 -0.4472 -0.8943
vn -0.3251 0.9457 -0.0000
vn 1.0000 -0.0000 -0.0000
vn 0.4364 -0.2182 0.8729
vn 0.6306 -0.7761 -0.0000
vn 0.1069 -0.2216 -0.9693
vn 0.1068 -0.2220 -0.9692
vn 0.1068 -0.2216 -0.9693
vn 0.1069 -0.2222 -0.9691
vn 0.2425 -0.0000 -0.9701
vn -0.0000 -0.4472 0.8944
vn -0.0380 0.0789 -0.9962
vn -0.0380 0.0792 -0.9961
vn -0.0380 0.0788 -0.9962
vn -0.0380 0.0790 -0.9961
vn -0.0381 0.0791 -0.9961
vn -0.0380 0.0786 -0.9962
vn -0.0381 0.0790 -0.9961
vn -0.0381 0.0792 -0.9961
vn 0.1068 -0.2218 -0.9692
vt 0.000000 0.000000
s 0
usemtl Rim.001
f 6092/2638/1393 6093/2638/1393 6091/2638/1393 6090/2638/1393
f 6136/2638/1394 6089/2638/1394 6090/2638/1394 6091/2638/1394
f 6096/2638/1395 6095/2638/1395 6097/2638/1395 6098/2638/1395
f 6099/2638/1396 6100/2638/1396 6098/2638/1396 6097/2638/1396
f 6104/2638/1397 6103/2638/1397 6105/2638/1397 6106/2638/1397
f 6107/2638/1398 6108/2638/1398 6106/2638/1398 6105/2638/1398
f 6111/2638/1399 6110/2638/1399 6112/2638/1399 6113/2638/1399
f 6114/2638/1400 6115/2638/1400 6113/2638/1400 6112/2638/1400
f 6117/2638/1401 6116/2638/1401 6118/2638/1401 6119/2638/1401
f 6120/2638/1402 6121/2638/1402 6119/2638/1402 6118/2638/1402
f 6094/2638/1403 6088/2638/1403 6123/2638/1403 6122/2638/1403 6109/2638/1403 6102/2638/1403 6101/2638/1403
f 6125/2638/1404 6124/2638/1404 6126/2638/1404 6127/2638/1404
f 6128/2638/1405 6129/2638/1405 6127/2638/1405 6126/2638/1405
f 6131/2638/1406 6130/2638/1406 6132/2638/1406 6133/2638/1406
f 6134/2638/1407 6135/2638/1407 6133/2638/1407 6132/2638/1407
f 6185/2638/1408 6175/2638/1408 6222/2638/1408 6247/2638/1408
f 6220/2638/1408 6195/2638/1408 6295/2638/1408 6314/2638/1408
f 6140/2638/1409 6143/2638/1409 6142/2638/1409 6139/2638/1409
f 6141/2638/1410 6144/2638/1410 6143/2638/1410 6140/2638/1410
f 6146/2638/1411 6149/2638/1411 6148/2638/1411 6145/2638/1411
f 6147/2638/1412 6150/2638/1412 6149/2638/1412 6146/2638/1412
f 6152/2638/1413 6155/2638/1413 6154/2638/1413 6151/2638/1413
f 6153/2638/1414 6156/2638/1414 6155/2638/1414 6152/2638/1414
f 6158/2638/1415 6161/2638/1415 6160/2638/1415 6157/2638/1415
f 6159/2638/1416 6162/2638/1416 6161/2638/1416 6158/2638/1416
f 6164/2638/1417 6167/2638/1417 6166/2638/1417 6163/2638/1417
f 6165/2638/1418 6168/2638/1418 6167/2638/1418 6164/2638/1418
f 6170/2638/1419 6173/2638/1419 6172/2638/1419 6169/2638/1419
f 6171/2638/1420 6174/2638/1420 6173/2638/1420 6170/2638/1420
f 6270/2638/1408 6245/2638/1408 6333/2638/1408 6352/2638/1408
f 6180/2638/1408 6191/2638/1408 6272/2638/1408 6197/2638/1408
f 6190/2638/1408 6186/2638/1408 6246/2638/1408 6273/2638/1408
f 6176/2638/1421 6181/2638/1421 6196/2638/1421 6223/2638/1421
f 6198/2638/1408 6271/2638/1408 6354/2638/1408 6296/2638/1408
f 6248/2638/1408 6221/2638/1408 6316/2638/1408 6334/2638/1408
f 6297/2638/1422 6353/2638/1422 6335/2638/1422 6315/2638/1422
f 6195/2638/1408 6199/2638/1408 6202/2638/1408 6201/2638/1408
f 6199/2638/1408 6200/2638/1408 6203/2638/1408 6202/2638/1408
f 6201/2638/1408 6202/2638/1408 6219/2638/1408 6216/2638/1408
f 6202/2638/1408 6203/2638/1408 6204/2638/1408 6219/2638/1408
f 6196/2638/1408 6205/2638/1408 6208/2638/1408 6207/2638/1408
f 6205/2638/1408 6206/2638/1408 6209/2638/1408 6208/2638/1408
f 6207/2638/1408 6208/2638/1408 6203/2638/1408 6200/2638/1408
f 6208/2638/1408 6209/2638/1408 6204/2638/1408 6203/2638/1408
f 6197/2638/1408 6210/2638/1408 6213/2638/1408 6212/2638/1408
f 6210/2638/1408 6211/2638/1408 6214/2638/1408 6213/2638/1408
f 6212/2638/1408 6213/2638/1408 6209/2638/1408 6206/2638/1408
f 6213/2638/1408 6214/2638/1408 6204/2638/1408 6209/2638/1408
f 6198/2638/1408 6215/2638/1408 6218/2638/1408 6217/2638/1408
f 6215/2638/1408 6216/2638/1408 6219/2638/1408 6218/2638/1408
f 6217/2638/1408 6218/2638/1408 6214/2638/1408 6211/2638/1408
f 6218/2638/1408 6219/2638/1408 6204/2638/1408 6214/2638/1408
f 6220/2638/1408 6224/2638/1408 6227/2638/1408 6226/2638/1408
f 6224/2638/1408 6225/2638/1408 6228/2638/1408 6227/2638/1408
f 6226/2638/1408 6227/2638/1408 6244/2638/1408 6241/2638/1408
f 6227/2638/1408 6228/2638/1408 6229/2638/1408 6244/2638/1408
f 6221/2638/1408 6230/2638/1408 6233/2638/1408 6232/2638/1408
f 6230/2638/1408 6231/2638/1408 6234/2638/1408 6233/2638/1408
f 6232/2638/1408 6233/2638/1408 6228/2638/1408 6225/2638/1408
f 6233/2638/1408 6234/2638/1408 6229/2638/1408 6228/2638/1408
f 6222/2638/1408 6235/2638/1408 6238/2638/1408 6237/2638/1408
f 6235/2638/1408 6236/2638/1408 6239/2638/1408 6238/2638/1408
f 6237/2638/1408 6238/2638/1408 6234/2638/1408 6231/2638/1408
f 6238/2638/1408 6239/2638/1408 6229/2638/1408 6234/2638/1408
f 6223/2638/1408 6240/2638/1408 6243/2638/1408 6242/2638/1408
f 6240/2638/1408 6241/2638/1408 6244/2638/1408 6243/2638/1408
f 6242/2638/1408 6243/2638/1408 6239/2638/1408 6236/2638/1408
f 6243/2638/1408 6244/2638/1408 6229/2638/1408 6239/2638/1408
f 6245/2638/1408 6249/2638/1408 6252/2638/1408 6251/2638/1408
f 6249/2638/1408 6250/2638/1408 6253/2638/1408 6252/2638/1408
f 6251/2638/1408 6252/2638/1408 6269/2638/1408 6266/2638/1408
f 6252/2638/1408 6253/2638/1408 6254/2638/1408 6269/2638/1408
f 6246/2638/1408 6255/2638/1408 6258/2638/1408 6257/2638/1408
f 6255/2638/1408 6256/2638/1408 6259/2638/1408 6258/2638/1408
f 6257/2638/1408 6258/2638/1408 6253/2638/1408 6250/2638/1408
f 6258/2638/1408 6259/2638/1408 6254/2638/1408 6253/2638/1408
f 6247/2638/1408 6260/2638/1408 6263/2638/1408 6262/2638/1408
f 6260/2638/1408 6261/2638/1408 6264/2638/1408 6263/2638/1408
f 6262/2638/1408 6263/2638/1408 6259/2638/1408 6256/2638/1408
f 6263/2638/1408 6264/2638/1408 6254/2638/1408 6259/2638/1408
f 6248/2638/1408 6265/2638/1408 6268/2638/1408 6267/2638/1408
f 6265/2638/1408 6266/2638/1408 6269/2638/1408 6268/2638/1408
f 6267/2638/1408 6268/2638/1408 6264/2638/1408 6261/2638/1408
f 6268/2638/1408 6269/2638/1408 6254/2638/1408 6264/2638/1408
f 6270/2638/1408 6274/2638/1408 6277/2638/1408 6276/2638/1408
f 6274/2638/1408 6275/2638/1408 6278/2638/1408 6277/2638/1408
f 6276/2638/1408 6277/2638/1408 6294/2638/1408 6291/2638/1408
f 6277/2638/1408 6278/2638/1408 6279/2638/1408 6294/2638/1408
f 6271/2638/1408 6280/2638/1408 6283/2638/1408 6282/2638/1408
f 6280/2638/1408 6281/2638/1408 6284/2638/1408 6283/2638/1408
f 6282/2638/1408 6283/2638/1408 6278/2638/1408 6275/2638/1408
f 6283/2638/1408 6284/2638/1408 6279/2638/1408 6278/2638/1408
f 6272/2638/1408 6285/2638/1408 6288/2638/1408 6287/2638/1408
f 6285/2638/1408 6286/2638/1408 6289/2638/1408 6288/2638/1408
f 6287/2638/1408 6288/2638/1408 6284/2638/1408 6281/2638/1408
f 6288/2638/1408 6289/2638/1408 6279/2638/1408 6284/2638/1408
f 6273/2638/1408 6290/2638/1408 6293/2638/1408 6292/2638/1408
f 6290/2638/1408 6291/2638/1408 6294/2638/1408 6293/2638/1408
f 6292/2638/1408 6293/2638/1408 6289/2638/1408 6286/2638/1408
f 6293/2638/1408 6294/2638/1408 6279/2638/1408 6289/2638/1408
f 6295/2638/1423 6298/2638/1423 6301/2638/1423 6300/2638/1423
f 6298/2638/1424 6299/2638/1424 6302/2638/1424 6301/2638/1424
f 6300/2638/1425 6301/2638/1425 6313/2638/1425 6310/2638/1425
f 6301/2638/1426 6302/2638/1426 6303/2638/1426 6313/2638/1426
f 6296/2638/1427 6304/2638/1427 6307/2638/1427 6306/2638/1427
f 6304/2638/1428 6305/2638/1428 6308/2638/1428 6307/2638/1428
f 6306/2638/1429 6307/2638/1429 6302/2638/1429 6299/2638/1429
f 6307/2638/1430 6308/2638/1430 6303/2638/1430 6302/2638/1430
f 6297/2638/1408 6309/2638/1408 6312/2638/1408 6311/2638/1408
f 6309/2638/1431 6310/2638/1431 6313/2638/1431 6312/2638/1431
f 6311/2638/1432 6312/2638/1432 6308/2638/1432 6305/2638/1432
f 6312/2638/1408 6313/2638/1408 6303/2638/1408 6308/2638/1408
f 6314/2638/1433 6317/2638/1433 6320/2638/1433 6319/2638/1433
f 6317/2638/1434 6318/2638/1434 6321/2638/1434 6320/2638/1434
f 6319/2638/1435 6320/2638/1435 6332/2638/1435 6329/2638/1435
f 6320/2638/1436 6321/2638/1436 6322/2638/1436 6332/2638/1436
f 6315/2638/1408 6323/2638/1408 6326/2638/1408 6325/2638/1408
f 6323/2638/1437 6324/2638/1437 6327/2638/1437 6326/2638/1437
f 6325/2638/1403 6326/2638/1403 6321/2638/1403 6318/2638/1403
f 6326/2638/1408 6327/2638/1408 6322/2638/1408 6321/2638/1408
f 6316/2638/1438 6328/2638/1438 6331/2638/1438 6330/2638/1438
f 6328/2638/1439 6329/2638/1439 6332/2638/1439 6331/2638/1439
f 6330/2638/1440 6331/2638/1440 6327/2638/1440 6324/2638/1440
f 6331/2638/1441 6332/2638/1441 6322/2638/1441 6327/2638/1441
f 6333/2638/1442 6336/2638/1442 6339/2638/1442 6338/2638/1442
f 6336/2638/1443 6337/2638/1443 6340/2638/1443 6339/2638/1443
f 6338/2638/1444 6339/2638/1444 6351/2638/1444 6348/2638/1444
f 6339/2638/1445 6340/2638/1445 6341/2638/1445 6351/2638/1445
f 6334/2638/1446 6342/2638/1446 6345/2638/1446 6344/2638/1446
f 6342/2638/1447 6343/2638/1447 6346/2638/1447 6345/2638/1447
f 6344/2638/1448 6345/2638/1448 6340/2638/1448 6337/2638/1448
f 6345/2638/1449 6346/2638/1449 6341/2638/1449 6340/2638/1449
f 6335/2638/1408 6347/2638/1408 6350/2638/1408 6349/2638/1408
f 6347/2638/1403 6348/2638/1403 6351/2638/1403 6350/2638/1403
f 6349/2638/1437 6350/2638/1437 6346/2638/1437 6343/2638/1437
f 6350/2638/1408 6351/2638/1408 6341/2638/1408 6346/2638/1408
f 6352/2638/1450 6355/2638/1450 6358/2638/1450 6357/2638/1450
f 6355/2638/1427 6356/2638/1427 6359/2638/1427 6358/2638/1427
f 6357/2638/1451 6358/2638/1451 6370/2638/1451 6367/2638/1451
f 6358/2638/1452 6359/2638/1452 6360/2638/1452 6370/2638/1452
f 6353/2638/1408 6361/2638/1408 6364/2638/1408 6363/2638/1408
f 6361/2638/1427 6362/2638/1427 6365/2638/1427 6364/2638/1427
f 6363/2638/1452 6364/2638/1452 6359/2638/1452 6356/2638/1452
f 6364/2638/1408 6365/2638/1408 6360/2638/1408 6359/2638/1408
f 6354/2638/1453 6366/2638/1453 6369/2638/1453 6368/2638/1453
f 6366/2638/1427 6367/2638/1427 6370/2638/1427 6369/2638/1427
f 6368/2638/1454 6369/2638/1454 6365/2638/1454 6362/2638/1454
f 6369/2638/1427 6370/2638/1427 6360/2638/1427 6365/2638/1427
f 6175/2638/1455 6185/2638/1455 6187/2638/1455 6177/2638/1455
f 6177/2638/1456 6187/2638/1456 6188/2638/1456 6178/2638/1456
f 6178/2638/1457 6188/2638/1457 6189/2638/1457 6179/2638/1457
f 6179/2638/1458 6189/2638/1458 6186/2638/1458 6176/2638/1458
f 6195/2638/1408 6220/2638/1408 6226/2638/1408 6199/2638/1408
f 6199/2638/1408 6226/2638/1408 6241/2638/1408 6200/2638/1408
f 6200/2638/1408 6241/2638/1408 6240/2638/1408 6207/2638/1408
f 6207/2638/1408 6240/2638/1408 6223/2638/1408 6196/2638/1408
f 6245/2638/1408 6270/2638/1408 6276/2638/1408 6249/2638/1408
f 6249/2638/1408 6276/2638/1408 6291/2638/1408 6250/2638/1408
f 6250/2638/1408 6291/2638/1408 6290/2638/1408 6257/2638/1408
f 6257/2638/1408 6290/2638/1408 6273/2638/1408 6246/2638/1408
f 6221/2638/1408 6248/2638/1408 6267/2638/1408 6230/2638/1408
f 6230/2638/1408 6267/2638/1408 6261/2638/1408 6231/2638/1408
f 6231/2638/1408 6261/2638/1408 6260/2638/1408 6237/2638/1408
f 6237/2638/1408 6260/2638/1408 6247/2638/1408 6222/2638/1408
f 6197/2638/1408 6272/2638/1408 6287/2638/1408 6210/2638/1408
f 6210/2638/1408 6287/2638/1408 6281/2638/1408 6211/2638/1408
f 6211/2638/1408 6281/2638/1408 6280/2638/1408 6217/2638/1408
f 6217/2638/1408 6280/2638/1408 6271/2638/1408 6198/2638/1408
f 6185/2638/1408 6247/2638/1408 6262/2638/1408 6187/2638/1408
f 6187/2638/1408 6262/2638/1408 6256/2638/1408 6188/2638/1408
f 6188/2638/1408 6256/2638/1408 6255/2638/1408 6189/2638/1408
f 6189/2638/1408 6255/2638/1408 6246/2638/1408 6186/2638/1408
f 6272/2638/1408 6191/2638/1408 6194/2638/1408 6285/2638/1408
f 6285/2638/1408 6194/2638/1408 6193/2638/1408 6286/2638/1408
f 6286/2638/1408 6193/2638/1408 6192/2638/1408 6292/2638/1408
f 6292/2638/1408 6192/2638/1408 6190/2638/1408 6273/2638/1408
f 6180/2638/1408 6197/2638/1408 6212/2638/1408 6182/2638/1408
f 6182/2638/1408 6212/2638/1408 6206/2638/1408 6183/2638/1408
f 6183/2638/1408 6206/2638/1408 6205/2638/1408 6184/2638/1408
f 6184/2638/1408 6205/2638/1408 6196/2638/1408 6181/2638/1408
f 6222/2638/1408 6175/2638/1408 6177/2638/1408 6235/2638/1408
f 6235/2638/1427 6177/2638/1427 6178/2638/1427 6236/2638/1427
f 6236/2638/1459 6178/2638/1459 6179/2638/1459 6242/2638/1459
f 6242/2638/1460 6179/2638/1460 6176/2638/1460 6223/2638/1460
f 6297/2638/1461 6315/2638/1461 6325/2638/1461 6309/2638/1461
f 6309/2638/1461 6325/2638/1461 6318/2638/1461 6310/2638/1461
f 6310/2638/1462 6318/2638/1462 6317/2638/1462 6300/2638/1462
f 6300/2638/1463 6317/2638/1463 6314/2638/1463 6295/2638/1463
f 6335/2638/1464 6353/2638/1464 6363/2638/1464 6347/2638/1464
f 6347/2638/1422 6363/2638/1422 6356/2638/1422 6348/2638/1422
f 6348/2638/1422 6356/2638/1422 6355/2638/1422 6338/2638/1422
f 6338/2638/1464 6355/2638/1464 6352/2638/1464 6333/2638/1464
f 6315/2638/1465 6335/2638/1465 6349/2638/1465 6323/2638/1465
f 6323/2638/1466 6349/2638/1466 6343/2638/1466 6324/2638/1466
f 6324/2638/1464 6343/2638/1464 6342/2638/1464 6330/2638/1464
f 6330/2638/1467 6342/2638/1467 6334/2638/1467 6316/2638/1467
f 6296/2638/1467 6354/2638/1467 6368/2638/1467 6304/2638/1467
f 6304/2638/1463 6368/2638/1463 6362/2638/1463 6305/2638/1463
f 6305/2638/1461 6362/2638/1461 6361/2638/1461 6311/2638/1461
f 6311/2638/1468 6361/2638/1468 6353/2638/1468 6297/2638/1468
f 6220/2638/1408 6314/2638/1408 6319/2638/1408 6224/2638/1408
f 6224/2638/1408 6319/2638/1408 6329/2638/1408 6225/2638/1408
f 6225/2638/1408 6329/2638/1408 6328/2638/1408 6232/2638/1408
f 6232/2638/1408 6328/2638/1408 6316/2638/1408 6221/2638/1408
f 6333/2638/1408 6245/2638/1408 6251/2638/1408 6336/2638/1408
f 6336/2638/1408 6251/2638/1408 6266/2638/1408 6337/2638/1408
f 6337/2638/1408 6266/2638/1408 6265/2638/1408 6344/2638/1408
f 6344/2638/1408 6265/2638/1408 6248/2638/1408 6334/2638/1408
f 6198/2638/1408 6296/2638/1408 6306/2638/1408 6215/2638/1408
f 6215/2638/1408 6306/2638/1408 6299/2638/1408 6216/2638/1408
f 6216/2638/1408 6299/2638/1408 6298/2638/1408 6201/2638/1408
f 6201/2638/1408 6298/2638/1408 6295/2638/1408 6195/2638/1408
f 6270/2638/1408 6352/2638/1408 6357/2638/1408 6274/2638/1408
f 6274/2638/1408 6357/2638/1408 6367/2638/1408 6275/2638/1408
f 6275/2638/1408 6367/2638/1408 6366/2638/1408 6282/2638/1408
f 6282/2638/1408 6366/2638/1408 6354/2638/1408 6271/2638/1408
f 6176/2638/1469 6186/2638/1469 6138/2638/1469 6137/2638/1469
o Rim.002
v 2.108253 0.588033 -0.979577
v 2.115131 0.588033 -0.979577
v 2.115131 0.816158 -1.031794
v 2.196136 0.816158 -1.031794
v 2.127252 0.854610 -1.029209
v 2.184015 0.854610 -1.029209
v 2.203013 0.588033 -0.979577
v 2.207302 0.582656 -0.979577
v 2.257808 0.519324 -0.979577
v 2.385657 0.724890 -1.031794
v 2.436163 0.661557 -1.031794
v 2.423277 0.739387 -1.029209
v 2.458668 0.695009 -1.029209
v 2.262095 0.513947 -0.979577
v 2.241009 0.421563 -0.979577
v 2.260565 0.507242 -0.979577
v 2.242540 0.428268 -0.979577
v 2.482971 0.456479 -1.031794
v 2.464945 0.377505 -1.031794
v 2.517761 0.436106 -1.029209
v 2.505130 0.380766 -1.029209
v 2.155633 0.380448 -0.979577
v 2.234813 0.418579 -0.979577
v 2.161830 0.383432 -0.979577
v 2.333793 0.213045 -1.031794
v 2.260809 0.177898 -1.031794
v 2.339555 0.173142 -1.029209
v 2.288414 0.148514 -1.029209
v 2.149437 0.383432 -0.979577
v 2.076454 0.418579 -0.979577
v 2.050457 0.177898 -1.031794
v 1.977474 0.213045 -1.031794
v 2.022853 0.148514 -1.029209
v 1.971711 0.173142 -1.029209
v 2.070257 0.421563 -0.979577
v 2.049171 0.513947 -0.979577
v 2.068727 0.428268 -0.979577
v 2.050702 0.507242 -0.979577
v 1.846322 0.377505 -1.031794
v 1.828296 0.456479 -1.031794
v 1.806137 0.380766 -1.029209
v 1.793506 0.436106 -1.029209
v 2.053459 0.519324 -0.979577
v 2.103965 0.582656 -0.979577
v 1.875104 0.661558 -1.031794
v 1.925610 0.724890 -1.031794
v 1.852599 0.695009 -1.029209
v 1.887990 0.739387 -1.029209
v 2.196136 0.588033 -0.979577
v 2.103965 0.582656 -0.979577
v 1.925610 0.724890 -1.031794
v 1.911104 0.730480 -1.030797
v 2.115131 0.588033 -0.979577
v 2.115131 0.816158 -1.031794
v 2.119805 0.830985 -1.030797
v 2.196136 0.588033 -0.979577
v 2.196136 0.816158 -1.031794
v 2.191462 0.830985 -1.030797
v 2.207302 0.582656 -0.979577
v 2.385657 0.724890 -1.031794
v 2.400163 0.730480 -1.030797
v 2.257808 0.519324 -0.979577
v 2.436163 0.661557 -1.031794
v 2.444841 0.674456 -1.030797
v 2.260565 0.507242 -0.979577
v 2.482971 0.456479 -1.031794
v 2.496386 0.448623 -1.030797
v 2.242540 0.428268 -0.979577
v 2.464945 0.377505 -1.031794
v 2.480440 0.378762 -1.030797
v 2.234813 0.418579 -0.979577
v 2.333793 0.213045 -1.031794
v 2.336015 0.197659 -1.030797
v 2.161830 0.383432 -0.979577
v 2.260809 0.177898 -1.031794
v 2.271454 0.166568 -1.030797
v 2.149437 0.383432 -0.979577
v 2.050457 0.177898 -1.031794
v 2.039813 0.166568 -1.030797
v 2.076454 0.418579 -0.979577
v 1.977474 0.213045 -1.031794
v 1.975252 0.197659 -1.030797
v 2.068727 0.428268 -0.979577
v 1.846322 0.377505 -1.031794
v 1.830827 0.378763 -1.030797
v 2.050702 0.507242 -0.979577
v 1.828296 0.456479 -1.031794
v 1.814881 0.448623 -1.030797
v 2.053459 0.519324 -0.979577
v 1.875104 0.661558 -1.031794
v 1.866426 0.674456 -1.030797
vn -0.0000 0.0671 -0.9977
vn -0.0000 -0.2231 -0.9748
vn -0.1744 -0.1391 -0.9748
vn 0.0524 0.0418 -0.9977
vn -0.2175 0.0497 -0.9748
vn 0.0654 -0.0149 -0.9977
vn -0.0968 0.2010 -0.9748
vn 0.0291 -0.0604 -0.9977
vn 0.0968 0.2010 -0.9748
vn -0.0291 -0.0604 -0.9977
vn -0.0000 -0.0000 1.0000
vn 0.2175 0.0496 -0.9748
vn -0.0654 -0.0149 -0.9977
vn 0.1744 -0.1391 -0.9748
vn -0.0524 0.0418 -0.9977
vn 0.1068 -0.2218 -0.9692
vn -0.0380 0.0790 -0.9962
vn -0.1068 -0.2218 -0.9692
vn 0.0380 0.0790 -0.9962
vn -0.2401 -0.0548 -0.9692
vn 0.0854 0.0195 -0.9962
vn -0.1925 0.1535 -0.9692
vn 0.0685 -0.0546 -0.9962
vn -0.0000 0.2462 -0.9692
vn -0.0000 -0.0876 -0.9962
vn 0.1925 0.1535 -0.9692
vn -0.0685 -0.0546 -0.9962
vn 0.2401 -0.0548 -0.9692
vn -0.0854 0.0195 -0.9962
vt 0.000000 0.000000
s 0
usemtl Rim.002
f 6375/2639/1470 6376/2639/1470 6374/2639/1470 6373/2639/1470
f 6419/2639/1471 6372/2639/1471 6373/2639/1471 6374/2639/1471
f 6379/2639/1472 6378/2639/1472 6380/2639/1472 6381/2639/1472
f 6382/2639/1473 6383/2639/1473 6381/2639/1473 6380/2639/1473
f 6387/2639/1474 6386/2639/1474 6388/2639/1474 6389/2639/1474
f 6390/2639/1475 6391/2639/1475 6389/2639/1475 6388/2639/1475
f 6394/2639/1476 6393/2639/1476 6395/2639/1476 6396/2639/1476
f 6397/2639/1477 6398/2639/1477 6396/2639/1477 6395/2639/1477
f 6400/2639/1478 6399/2639/1478 6401/2639/1478 6402/2639/1478
f 6403/2639/1479 6404/2639/1479 6402/2639/1479 6401/2639/1479
f 6377/2639/1480 6371/2639/1480 6406/2639/1480 6405/2639/1480 6392/2639/1480 6385/2639/1480 6384/2639/1480
f 6408/2639/1481 6407/2639/1481 6409/2639/1481 6410/2639/1481
f 6411/2639/1482 6412/2639/1482 6410/2639/1482 6409/2639/1482
f 6414/2639/1483 6413/2639/1483 6415/2639/1483 6416/2639/1483
f 6417/2639/1484 6418/2639/1484 6416/2639/1484 6415/2639/1484
f 6421/2639/1485 6424/2639/1485 6423/2639/1485 6420/2639/1485
f 6422/2639/1486 6425/2639/1486 6424/2639/1486 6421/2639/1486
f 6427/2639/1487 6430/2639/1487 6429/2639/1487 6426/2639/1487
f 6428/2639/1488 6431/2639/1488 6430/2639/1488 6427/2639/1488
f 6433/2639/1489 6436/2639/1489 6435/2639/1489 6432/2639/1489
f 6434/2639/1490 6437/2639/1490 6436/2639/1490 6433/2639/1490
f 6439/2639/1491 6442/2639/1491 6441/2639/1491 6438/2639/1491
f 6440/2639/1492 6443/2639/1492 6442/2639/1492 6439/2639/1492
f 6445/2639/1493 6448/2639/1493 6447/2639/1493 6444/2639/1493
f 6446/2639/1494 6449/2639/1494 6448/2639/1494 6445/2639/1494
f 6451/2639/1495 6454/2639/1495 6453/2639/1495 6450/2639/1495
f 6452/2639/1496 6455/2639/1496 6454/2639/1496 6451/2639/1496
f 6457/2639/1497 6460/2639/1497 6459/2639/1497 6456/2639/1497
f 6458/2639/1498 6461/2639/1498 6460/2639/1498 6457/2639/1498
o Rim.003
v 2.217352 0.592184 1.045087
v 2.210479 0.592117 1.045327
v 2.122654 0.591249 1.048402
v 2.118417 0.585832 1.048392
v 2.068503 0.522032 1.048273
v 1.940764 0.724698 1.111030
v 1.890851 0.660898 1.110910
v 1.902950 0.738894 1.110196
v 1.867974 0.694187 1.110112
v 2.064266 0.516615 1.048263
v 2.086154 0.424483 1.044773
v 2.065854 0.509928 1.048009
v 2.084565 0.431170 1.045027
v 1.845886 0.455457 1.106440
v 1.864596 0.376698 1.103458
v 1.811207 0.434825 1.104468
v 1.824318 0.379637 1.102378
v 2.226082 0.303121 0.999726
v 2.092372 0.421562 1.044468
v 2.165618 0.387153 1.040867
v 1.997114 0.213613 1.093971
v 2.070360 0.179203 1.090371
v 1.991617 0.173748 1.090402
v 2.042942 0.149636 1.087879
v 2.178002 0.387275 1.040434
v 2.250627 0.423125 1.038927
v 2.280573 0.181280 1.083011
v 2.353198 0.217130 1.081504
v 2.308328 0.152258 1.078588
v 2.359218 0.177380 1.077532
v 2.331295 0.437607 0.999977
v 2.258263 0.432886 1.038945
v 2.275579 0.512000 1.040667
v 2.482811 0.382806 1.081814
v 2.500127 0.461920 1.083536
v 2.522849 0.386538 1.077923
v 2.534983 0.441976 1.079129
v 2.272717 0.524049 1.041123
v 2.221684 0.586852 1.044776
v 2.451539 0.666437 1.091281
v 2.400507 0.729240 1.094934
v 2.473643 0.700170 1.088908
v 2.437883 0.744178 1.091468
v 2.129527 0.591317 1.048161
v 2.221684 0.586852 1.044776
v 2.400507 0.729240 1.094934
v 2.414919 0.735000 1.093598
v 2.210479 0.592117 1.045327
v 2.210306 0.818593 1.104283
v 2.205469 0.833396 1.103893
v 2.129527 0.591317 1.048161
v 2.129354 0.817794 1.107117
v 2.133859 0.832689 1.106400
v 2.118416 0.585832 1.048392
v 1.940764 0.724698 1.111030
v 1.926183 0.730172 1.110708
v 2.068503 0.522032 1.048273
v 1.890851 0.660898 1.110910
v 1.882030 0.673734 1.110602
v 2.065854 0.509928 1.048009
v 1.845886 0.455457 1.106440
v 1.832513 0.447501 1.105680
v 2.084565 0.431170 1.045027
v 1.864597 0.376698 1.103458
v 1.849065 0.377832 1.103041
v 2.092372 0.421562 1.044468
v 1.997115 0.213613 1.093971
v 1.994995 0.198241 1.092595
v 2.165618 0.387153 1.040867
v 2.070360 0.179203 1.090371
v 2.059788 0.167802 1.089410
v 2.178002 0.387275 1.040434
v 2.280573 0.181280 1.083011
v 2.291275 0.170089 1.081306
v 2.250627 0.423125 1.038927
v 2.353198 0.217130 1.081504
v 2.355519 0.201802 1.079973
v 2.258263 0.432886 1.038945
v 2.482811 0.382806 1.081814
v 2.498250 0.384245 1.080314
v 2.275579 0.512000 1.040667
v 2.500127 0.461920 1.083536
v 2.513568 0.454229 1.081836
v 2.272717 0.524049 1.041123
v 2.451539 0.666437 1.091281
v 2.460062 0.679444 1.090366
v 2.201310 0.821050 1.114575
v 2.198228 0.819133 1.116278
v 2.200830 0.820324 1.115202
v 2.200076 0.819704 1.115746
v 2.199162 0.819286 1.116124
v 2.138997 0.820435 1.116757
v 2.142228 0.818580 1.118238
v 2.139534 0.819718 1.117348
v 2.140337 0.819114 1.117837
v 2.141283 0.818714 1.118150
v 2.209670 0.820538 1.104232
v 2.210307 0.816879 1.103837
v 2.209914 0.819664 1.104218
v 2.210120 0.818661 1.104138
v 2.210258 0.817683 1.104004
v 2.129355 0.816080 1.106671
v 2.129946 0.819751 1.107023
v 2.129400 0.816885 1.106835
v 2.129528 0.817865 1.106959
v 2.129719 0.818871 1.107025
v 2.191028 0.848309 1.115427
v 2.194062 0.849210 1.113568
v 2.191385 0.851286 1.113592
v 2.191910 0.848571 1.115256
v 2.192796 0.848834 1.114842
v 2.191117 0.849149 1.115262
v 2.191911 0.849312 1.115038
v 2.192606 0.849462 1.114776
v 2.192410 0.849890 1.114647
v 2.193613 0.849898 1.113759
v 2.192947 0.850534 1.113830
v 2.193551 0.849059 1.114250
v 2.193120 0.849675 1.114309
v 2.192673 0.850201 1.114335
v 2.191310 0.850760 1.114269
v 2.191216 0.850010 1.114855
v 2.192164 0.851021 1.113771
v 2.192035 0.850499 1.114318
v 2.191920 0.849973 1.114781
v 2.148773 0.847891 1.116906
v 2.148231 0.850860 1.115102
v 2.145600 0.848732 1.115264
v 2.148656 0.848729 1.116749
v 2.148512 0.849588 1.116350
v 2.147877 0.848136 1.116797
v 2.147846 0.848877 1.116581
v 2.147805 0.849537 1.116326
v 2.147309 0.849444 1.116226
v 2.147471 0.850580 1.115336
v 2.146704 0.850077 1.115449
v 2.148363 0.850336 1.115772
v 2.147648 0.850060 1.115872
v 2.147019 0.849750 1.115933
v 2.146160 0.848591 1.115909
v 2.146960 0.848382 1.116447
v 2.146047 0.849428 1.115424
v 2.146583 0.849215 1.115939
v 2.147131 0.849012 1.116368
v 2.195608 0.856962 1.103346
v 2.198424 0.854955 1.103324
v 2.196483 0.856816 1.103321
v 2.197325 0.856383 1.103308
v 2.198007 0.855730 1.103309
v 2.140419 0.854382 1.105355
v 2.143190 0.856444 1.105181
v 2.140820 0.855165 1.105311
v 2.141487 0.855831 1.105263
v 2.142319 0.856281 1.105217
vn -0.1502 0.1193 -0.9814
vn 0.7934 0.2515 0.5543
vn -0.7576 0.2361 0.6086
vn 0.0084 0.8732 0.4872
vn 0.0363 -0.2896 0.9564
vn 0.2099 -0.1660 0.9635
vn -0.0176 0.0119 0.9998
vn 0.2513 0.0231 0.9676
vn -0.0300 -0.0450 0.9985
vn 0.1293 0.1732 0.9764
vn 0.0066 -0.0901 0.9959
vn -0.0641 0.1713 0.9831
vn 0.0648 -0.0895 0.9939
vn -0.1835 0.0188 0.9828
vn 0.1007 -0.0437 0.9940
vn -0.1387 -0.1695 0.9757
vn 0.0872 0.0129 0.9961
vn -0.0706 -0.2513 0.9653
vn 0.0724 0.0500 0.9961
vn 0.1429 -0.2492 0.9578
vn -0.0036 0.0492 0.9988
vn 0.2746 -0.0809 0.9582
vn -0.0504 -0.0107 0.9987
vn 0.2252 0.1268 0.9660
vn -0.0329 -0.0846 0.9959
vn 0.0320 0.2176 0.9755
vn 0.0359 -0.1169 0.9925
vn -0.1596 0.1230 0.9795
vn 0.1041 -0.0833 0.9911
vn -0.2052 -0.0857 0.9750
vn 0.1203 -0.0090 0.9927
vn 0.1699 0.2225 0.9600
vn 0.3294 0.2348 0.9145
vn 0.1483 0.3865 0.9103
vn 0.2777 0.3629 0.8895
vn 0.6788 0.3329 0.6545
vn 0.5653 0.4855 0.6669
vn 0.5556 0.2821 0.7821
vn 0.4905 0.4134 0.7672
vn 0.1573 0.7371 0.6572
vn 0.1413 0.6149 0.7759
vn 0.3328 0.6652 0.6684
vn 0.2771 0.5821 0.7644
vn -0.1069 0.2197 0.9697
vn -0.0919 0.3840 0.9188
vn -0.2691 0.2293 0.9354
vn -0.2221 0.3579 0.9070
vn -0.1255 0.7343 0.6672
vn -0.2982 0.6589 0.6906
vn -0.0988 0.6125 0.7842
vn -0.2345 0.5772 0.7822
vn -0.6378 0.3199 0.7006
vn -0.5052 0.2713 0.8193
vn -0.5266 0.4747 0.7052
vn -0.4436 0.4041 0.7999
vn -0.5148 -0.5468 0.6604
vn -0.6491 -0.2886 0.7038
vn -0.7100 -0.0854 0.6991
vn -0.7281 0.1099 0.6766
vn 0.5703 -0.5362 0.6223
vn 0.7023 -0.2753 0.6565
vn 0.7587 -0.0708 0.6476
vn 0.7713 0.1248 0.6241
vn 0.0325 0.1892 0.9814
vn 0.0275 0.4244 0.9050
vn 0.0216 0.6139 0.7891
vn 0.0137 0.7890 0.6143
vn -0.7227 0.3680 0.5850
vn -0.5546 0.5689 0.6073
vn -0.3679 0.7168 0.5923
vn -0.1371 0.8317 0.5380
vn 0.7544 0.3827 0.5333
vn 0.5844 0.5801 0.5675
vn 0.3943 0.7243 0.5657
vn 0.1578 0.8346 0.5278
vn 0.1607 0.0687 0.9846
vn 0.3618 0.1181 0.9247
vn 0.5345 0.1610 0.8297
vn 0.7097 0.2044 0.6742
vn -0.0929 0.0661 0.9935
vn -0.2985 0.1115 0.9479
vn -0.4784 0.1512 0.8650
vn -0.6645 0.1907 0.7226
vn 0.0346 0.0377 0.9987
vt 0.000000 0.000000
s 0
usemtl Rim.003
f 6472/2640/1499 6471/2640/1499 6464/2640/1499 6462/2640/1499 6492/2640/1499 6479/2640/1499
f 6548/2640/1500 6558/2640/1500 6607/2640/1500 6569/2640/1500
f 6564/2640/1501 6553/2640/1501 6589/2640/1501 6611/2640/1501
f 6570/2640/1502 6606/2640/1502 6612/2640/1502 6588/2640/1502
f 6505/2640/1503 6463/2640/1503 6559/2640/1503 6549/2640/1503 6554/2640/1503 6563/2640/1503
f 6466/2640/1504 6465/2640/1504 6467/2640/1504 6468/2640/1504
f 6469/2640/1505 6470/2640/1505 6468/2640/1505 6467/2640/1505
f 6474/2640/1506 6473/2640/1506 6475/2640/1506 6476/2640/1506
f 6477/2640/1507 6478/2640/1507 6476/2640/1507 6475/2640/1507
f 6481/2640/1508 6480/2640/1508 6482/2640/1508 6483/2640/1508
f 6484/2640/1509 6485/2640/1509 6483/2640/1509 6482/2640/1509
f 6487/2640/1510 6486/2640/1510 6488/2640/1510 6489/2640/1510
f 6490/2640/1511 6491/2640/1511 6489/2640/1511 6488/2640/1511
f 6494/2640/1512 6493/2640/1512 6495/2640/1512 6496/2640/1512
f 6497/2640/1513 6498/2640/1513 6496/2640/1513 6495/2640/1513
f 6500/2640/1514 6499/2640/1514 6501/2640/1514 6502/2640/1514
f 6503/2640/1515 6504/2640/1515 6502/2640/1515 6501/2640/1515
f 6507/2640/1516 6510/2640/1516 6509/2640/1516 6506/2640/1516
f 6508/2640/1517 6511/2640/1517 6510/2640/1517 6507/2640/1517
f 6513/2640/1518 6516/2640/1518 6515/2640/1518 6512/2640/1518
f 6514/2640/1519 6517/2640/1519 6516/2640/1519 6513/2640/1519
f 6519/2640/1520 6522/2640/1520 6521/2640/1520 6518/2640/1520
f 6520/2640/1521 6523/2640/1521 6522/2640/1521 6519/2640/1521
f 6525/2640/1522 6528/2640/1522 6527/2640/1522 6524/2640/1522
f 6526/2640/1523 6529/2640/1523 6528/2640/1523 6525/2640/1523
f 6531/2640/1524 6534/2640/1524 6533/2640/1524 6530/2640/1524
f 6532/2640/1525 6535/2640/1525 6534/2640/1525 6531/2640/1525
f 6537/2640/1526 6540/2640/1526 6539/2640/1526 6536/2640/1526
f 6538/2640/1527 6541/2640/1527 6540/2640/1527 6537/2640/1527
f 6543/2640/1528 6546/2640/1528 6545/2640/1528 6542/2640/1528
f 6544/2640/1529 6547/2640/1529 6546/2640/1529 6543/2640/1529
f 6568/2640/1530 6571/2640/1530 6574/2640/1530 6573/2640/1530
f 6571/2640/1531 6572/2640/1531 6575/2640/1531 6574/2640/1531
f 6573/2640/1532 6574/2640/1532 6586/2640/1532 6583/2640/1532
f 6574/2640/1533 6575/2640/1533 6576/2640/1533 6586/2640/1533
f 6569/2640/1534 6577/2640/1534 6580/2640/1534 6579/2640/1534
f 6577/2640/1535 6578/2640/1535 6581/2640/1535 6580/2640/1535
f 6579/2640/1536 6580/2640/1536 6575/2640/1536 6572/2640/1536
f 6580/2640/1537 6581/2640/1537 6576/2640/1537 6575/2640/1537
f 6570/2640/1538 6582/2640/1538 6585/2640/1538 6584/2640/1538
f 6582/2640/1539 6583/2640/1539 6586/2640/1539 6585/2640/1539
f 6584/2640/1540 6585/2640/1540 6581/2640/1540 6578/2640/1540
f 6585/2640/1541 6586/2640/1541 6576/2640/1541 6581/2640/1541
f 6587/2640/1542 6590/2640/1542 6593/2640/1542 6592/2640/1542
f 6590/2640/1543 6591/2640/1543 6594/2640/1543 6593/2640/1543
f 6592/2640/1544 6593/2640/1544 6605/2640/1544 6602/2640/1544
f 6593/2640/1545 6594/2640/1545 6595/2640/1545 6605/2640/1545
f 6588/2640/1546 6596/2640/1546 6599/2640/1546 6598/2640/1546
f 6596/2640/1547 6597/2640/1547 6600/2640/1547 6599/2640/1547
f 6598/2640/1548 6599/2640/1548 6594/2640/1548 6591/2640/1548
f 6599/2640/1549 6600/2640/1549 6595/2640/1549 6594/2640/1549
f 6589/2640/1550 6601/2640/1550 6604/2640/1550 6603/2640/1550
f 6601/2640/1551 6602/2640/1551 6605/2640/1551 6604/2640/1551
f 6603/2640/1552 6604/2640/1552 6600/2640/1552 6597/2640/1552
f 6604/2640/1553 6605/2640/1553 6595/2640/1553 6600/2640/1553
f 6563/2640/1554 6554/2640/1554 6557/2640/1554 6565/2640/1554
f 6565/2640/1555 6557/2640/1555 6556/2640/1555 6566/2640/1555
f 6566/2640/1556 6556/2640/1556 6555/2640/1556 6567/2640/1556
f 6567/2640/1557 6555/2640/1557 6553/2640/1557 6564/2640/1557
f 6549/2640/1558 6559/2640/1558 6562/2640/1558 6552/2640/1558
f 6552/2640/1559 6562/2640/1559 6561/2640/1559 6551/2640/1559
f 6551/2640/1560 6561/2640/1560 6560/2640/1560 6550/2640/1560
f 6550/2640/1561 6560/2640/1561 6558/2640/1561 6548/2640/1561
f 6587/2640/1562 6568/2640/1562 6573/2640/1562 6590/2640/1562
f 6590/2640/1563 6573/2640/1563 6583/2640/1563 6591/2640/1563
f 6591/2640/1564 6583/2640/1564 6582/2640/1564 6598/2640/1564
f 6598/2640/1565 6582/2640/1565 6570/2640/1565 6588/2640/1565
f 6611/2640/1566 6589/2640/1566 6603/2640/1566 6613/2640/1566
f 6613/2640/1567 6603/2640/1567 6597/2640/1567 6614/2640/1567
f 6614/2640/1568 6597/2640/1568 6596/2640/1568 6615/2640/1568
f 6615/2640/1569 6596/2640/1569 6588/2640/1569 6612/2640/1569
f 6569/2640/1570 6607/2640/1570 6610/2640/1570 6577/2640/1570
f 6577/2640/1571 6610/2640/1571 6609/2640/1571 6578/2640/1571
f 6578/2640/1572 6609/2640/1572 6608/2640/1572 6584/2640/1572
f 6584/2640/1573 6608/2640/1573 6606/2640/1573 6570/2640/1573
f 6568/2640/1574 6549/2640/1574 6552/2640/1574 6571/2640/1574
f 6571/2640/1575 6552/2640/1575 6551/2640/1575 6572/2640/1575
f 6572/2640/1576 6551/2640/1576 6550/2640/1576 6579/2640/1576
f 6579/2640/1577 6550/2640/1577 6548/2640/1577 6569/2640/1577
f 6554/2640/1578 6587/2640/1578 6592/2640/1578 6557/2640/1578
f 6557/2640/1579 6592/2640/1579 6602/2640/1579 6556/2640/1579
f 6556/2640/1580 6602/2640/1580 6601/2640/1580 6555/2640/1580
f 6555/2640/1581 6601/2640/1581 6589/2640/1581 6553/2640/1581
f 6554/2640/1582 6549/2640/1582 6568/2640/1582 6587/2640/1582
o Rim.004
v -1.851108 0.400755 0.974699
v -1.844235 0.401008 0.974699
v -1.835836 0.172909 1.026351
v -1.754885 0.175890 1.026351
v -1.822308 0.134936 1.023670
v -1.765584 0.137025 1.023670
v -1.756412 0.404242 0.974699
v -1.752325 0.409773 0.974712
v -1.704184 0.474921 0.974869
v -1.568851 0.274070 1.026577
v -1.520710 0.339218 1.026734
v -1.530724 0.260974 1.023956
v -1.496990 0.306625 1.024066
v -1.700096 0.480452 0.974883
v -1.724568 0.571998 0.975111
v -1.701873 0.487096 0.974899
v -1.722792 0.565354 0.975095
v -1.811399 0.609943 0.975213
v -1.730870 0.574752 0.975119
v -1.805097 0.607189 0.975206
v -1.639516 0.783659 1.027844
v -1.713743 0.816096 1.027931
v -1.635226 0.823753 1.025358
v -1.687239 0.846483 1.025419
v -1.817481 0.606733 0.975206
v -1.889122 0.568924 0.975119
v -1.923953 0.808355 1.027931
v -1.995593 0.770546 1.027844
v -1.952620 0.836710 1.025419
v -2.002820 0.810217 1.025358
v -1.895204 0.565714 0.975111
v -1.912876 0.472617 0.974883
v -1.896487 0.558958 0.975095
v -1.911594 0.479374 0.974899
v -2.120605 0.601372 1.027437
v -2.135711 0.521788 1.027241
v -2.160642 0.596641 1.024844
v -2.171229 0.540874 1.024707
v -1.908394 0.467401 0.974869
v -1.855591 0.405971 0.974712
v -2.081389 0.318572 1.026734
v -2.028587 0.257141 1.026577
v -2.102648 0.284322 1.024066
v -2.065648 0.241276 1.023956
v -1.763285 0.403989 0.974699
v -1.855591 0.405971 0.974712
v -2.028587 0.257141 1.026577
v -2.042878 0.251023 1.025566
v -1.844235 0.401008 0.974699
v -1.835836 0.172909 1.026351
v -1.830620 0.158267 1.025317
v -1.763285 0.403989 0.974699
v -1.754885 0.175890 1.026351
v -1.759011 0.160904 1.025317
v -1.752325 0.409773 0.974712
v -1.568851 0.274070 1.026577
v -1.554150 0.269020 1.025566
v -1.704184 0.474921 0.974869
v -1.520710 0.339218 1.026734
v -1.511564 0.326650 1.025705
v -1.701873 0.487096 0.974899
v -1.481481 0.545880 1.027241
v -1.468364 0.554226 1.026264
v -1.722792 0.565354 0.975095
v -1.502400 0.624137 1.027437
v -1.486869 0.623453 1.026437
v -1.730870 0.574752 0.975119
v -1.639516 0.783659 1.027844
v -1.637862 0.799119 1.026886
v -1.805097 0.607189 0.975206
v -1.713743 0.816096 1.027931
v -1.703523 0.827813 1.026963
v -1.817481 0.606733 0.975206
v -1.923953 0.808355 1.027931
v -1.935007 0.819289 1.026963
v -1.889122 0.568924 0.975119
v -1.995593 0.770546 1.027844
v -1.998380 0.785843 1.026886
v -1.896487 0.558958 0.975095
v -2.120605 0.601372 1.027437
v -2.136043 0.599548 1.026437
v -1.911594 0.479374 0.974899
v -2.135711 0.521788 1.027241
v -2.149407 0.529148 1.026264
v -1.908394 0.467401 0.974869
v -2.081389 0.318572 1.026734
v -2.089586 0.305365 1.025705
v -1.481143 0.555598 1.037157
v -1.483734 0.558170 1.038812
v -1.481954 0.555907 1.037789
v -1.482731 0.556504 1.038325
v -1.483356 0.557299 1.038684
v -1.497246 0.615837 1.037307
v -1.498206 0.612307 1.038947
v -1.497794 0.615162 1.037937
v -1.498169 0.614254 1.038469
v -1.498313 0.613252 1.038824
v -1.479758 0.546976 1.027113
v -1.483149 0.545435 1.026845
v -1.480544 0.546523 1.027132
v -1.481465 0.546070 1.027088
v -1.482379 0.545688 1.026987
v -1.504068 0.623692 1.027041
v -1.500360 0.624047 1.027306
v -1.503275 0.623855 1.027183
v -1.502291 0.623980 1.027283
v -1.501268 0.624048 1.027326
v -1.457301 0.572360 1.036882
v -1.455708 0.569576 1.035098
v -1.454366 0.572684 1.034974
v -1.456831 0.571566 1.036732
v -1.456363 0.570758 1.036341
v -1.456469 0.572476 1.036696
v -1.456118 0.571740 1.036493
v -1.455804 0.571094 1.036250
v -1.455441 0.571385 1.036102
v -1.455151 0.570188 1.035254
v -1.454700 0.570994 1.035285
v -1.455969 0.570059 1.035767
v -1.455479 0.570632 1.035794
v -1.455081 0.571196 1.035790
v -1.454880 0.572651 1.035663
v -1.455619 0.572578 1.036268
v -1.454425 0.571870 1.035187
v -1.454952 0.571887 1.035744
v -1.455480 0.571885 1.036218
v -1.468221 0.613208 1.036984
v -1.465518 0.614402 1.035078
v -1.468232 0.616424 1.035215
v -1.467442 0.613524 1.036798
v -1.466655 0.613862 1.036371
v -1.468210 0.614132 1.036838
v -1.467505 0.614338 1.036600
v -1.466880 0.614532 1.036325
v -1.467096 0.614985 1.036211
v -1.465974 0.615076 1.035295
v -1.466650 0.615698 1.035397
v -1.465979 0.614170 1.035767
v -1.466422 0.614797 1.035851
v -1.466879 0.615330 1.035900
v -1.468216 0.615873 1.035881
v -1.468208 0.615068 1.036451
v -1.467443 0.616171 1.035369
v -1.467505 0.615620 1.035907
v -1.467556 0.615056 1.036360
v -1.448021 0.569608 1.024712
v -1.449261 0.566383 1.024841
v -1.447944 0.568724 1.024720
v -1.448153 0.567801 1.024748
v -1.448616 0.566979 1.024790
v -1.464250 0.622457 1.024981
v -1.461566 0.620281 1.024839
v -1.463394 0.622262 1.024928
v -1.462583 0.621781 1.024883
v -1.461941 0.621085 1.024851
vn 0.0026 -0.0695 0.9976
vn -0.1794 0.1302 0.9751
vn 0.0540 -0.0423 0.9976
vn 0.4524 -0.6837 0.5725
vn 0.0516 0.8156 0.5763
vn 0.8572 0.2280 0.4618
vn -0.2524 -0.0699 0.9651
vn -0.0893 -0.2069 0.9743
vn 0.0269 0.0590 0.9979
vn 0.1042 -0.1997 0.9743
vn -0.0312 0.0568 0.9979
vn -0.0001 0.0025 -1.0000
vn 0.2193 -0.0440 0.9747
vn -0.0658 0.0100 0.9978
vn 0.1693 0.1430 0.9751
vn -0.0508 -0.0462 0.9976
vn -0.0081 0.2206 0.9753
vn 0.0987 0.2232 0.9698
vn -0.0350 -0.0828 0.9960
vn -0.1148 0.2154 0.9698
vn 0.0410 -0.0800 0.9960
vn -0.2418 0.0435 0.9693
vn 0.0862 -0.0188 0.9961
vn -0.1866 -0.1629 0.9688
vn 0.0666 0.0547 0.9963
vn 0.0091 -0.2485 0.9686
vn -0.0031 0.0851 0.9964
vn 0.1981 -0.1487 0.9688
vn -0.0704 0.0496 0.9963
vn 0.2380 0.0612 0.9693
vn -0.0846 -0.0251 0.9961
vn 0.2768 -0.0718 0.9582
vn 0.3280 -0.2249 0.9175
vn 0.4292 -0.0121 0.9031
vn 0.4381 -0.1437 0.8874
vn 0.5048 -0.5486 0.6665
vn 0.6245 -0.4004 0.6706
vn 0.4271 -0.4372 0.7915
vn 0.5376 -0.3420 0.7707
vn 0.7660 0.0564 0.6403
vn 0.6459 0.0462 0.7620
vn 0.7405 -0.1306 0.6592
vn 0.6481 -0.0936 0.7558
vn 0.2053 0.1957 0.9589
vn 0.3672 0.2202 0.9037
vn 0.1732 0.3542 0.9190
vn 0.3091 0.3393 0.8884
vn 0.6927 0.3300 0.6413
vn 0.5773 0.4795 0.6609
vn 0.5838 0.2785 0.7627
vn 0.5156 0.4010 0.7572
vn 0.1644 0.7243 0.6696
vn 0.1530 0.5881 0.7942
vn 0.3423 0.6553 0.6733
vn 0.2965 0.5608 0.7731
vn -0.6446 0.3882 0.6586
vn -0.4276 0.5838 0.6902
vn -0.2461 0.6931 0.6775
vn -0.0619 0.7584 0.6488
vn -0.3641 -0.6610 0.6561
vn -0.0783 -0.7226 0.6868
vn 0.1335 -0.7265 0.6741
vn 0.3256 -0.6912 0.6452
vn 0.2108 0.0539 0.9760
vn 0.4358 0.1143 0.8928
vn 0.6155 0.1626 0.7712
vn 0.7795 0.2069 0.5913
vn 0.1877 0.8137 0.5502
vn 0.4244 0.7018 0.5722
vn 0.6139 0.5575 0.5589
vn 0.7817 0.3605 0.5089
vn 0.5694 -0.6140 0.5465
vn 0.7187 -0.3992 0.5694
vn 0.8108 -0.1794 0.5571
vn 0.8579 0.0751 0.5083
vn 0.1261 -0.1001 0.9870
vn 0.2229 -0.2847 0.9323
vn 0.3058 -0.4447 0.8419
vn 0.3884 -0.6097 0.6910
vn 0.0606 0.1452 0.9876
vn 0.0523 0.3536 0.9339
vn 0.0441 0.5342 0.8442
vn 0.0332 0.7189 0.6944
vn 0.0649 0.0149 0.9978
vt 0.000000 0.000000
s 0
usemtl Rim.004
f 6620/2641/1583 6621/2641/1583 6619/2641/1583 6618/2641/1583
f 6624/2641/1584 6623/2641/1584 6625/2641/1584 6626/2641/1584
f 6627/2641/1585 6628/2641/1585 6626/2641/1585 6625/2641/1585
f 6703/2641/1586 6713/2641/1586 6762/2641/1586 6724/2641/1586
f 6719/2641/1587 6708/2641/1587 6744/2641/1587 6766/2641/1587
f 6725/2641/1588 6761/2641/1588 6767/2641/1588 6743/2641/1588
f 6704/2641/1589 6709/2641/1589 6718/2641/1589 6632/2641/1589 6631/2641/1589 6714/2641/1589
f 6635/2641/1590 6634/2641/1590 6636/2641/1590 6637/2641/1590
f 6638/2641/1591 6639/2641/1591 6637/2641/1591 6636/2641/1591
f 6641/2641/1592 6640/2641/1592 6642/2641/1592 6643/2641/1592
f 6644/2641/1593 6645/2641/1593 6643/2641/1593 6642/2641/1593
f 6622/2641/1594 6616/2641/1594 6647/2641/1594 6646/2641/1594 6633/2641/1594 6630/2641/1594 6629/2641/1594
f 6649/2641/1595 6648/2641/1595 6650/2641/1595 6651/2641/1595
f 6652/2641/1596 6653/2641/1596 6651/2641/1596 6650/2641/1596
f 6655/2641/1597 6654/2641/1597 6656/2641/1597 6657/2641/1597
f 6658/2641/1598 6659/2641/1598 6657/2641/1598 6656/2641/1598
f 6660/2641/1599 6617/2641/1599 6618/2641/1599 6619/2641/1599
f 6662/2641/1600 6665/2641/1600 6664/2641/1600 6661/2641/1600
f 6663/2641/1601 6666/2641/1601 6665/2641/1601 6662/2641/1601
f 6668/2641/1602 6671/2641/1602 6670/2641/1602 6667/2641/1602
f 6669/2641/1603 6672/2641/1603 6671/2641/1603 6668/2641/1603
f 6674/2641/1604 6677/2641/1604 6676/2641/1604 6673/2641/1604
f 6675/2641/1605 6678/2641/1605 6677/2641/1605 6674/2641/1605
f 6680/2641/1606 6683/2641/1606 6682/2641/1606 6679/2641/1606
f 6681/2641/1607 6684/2641/1607 6683/2641/1607 6680/2641/1607
f 6686/2641/1608 6689/2641/1608 6688/2641/1608 6685/2641/1608
f 6687/2641/1609 6690/2641/1609 6689/2641/1609 6686/2641/1609
f 6692/2641/1610 6695/2641/1610 6694/2641/1610 6691/2641/1610
f 6693/2641/1611 6696/2641/1611 6695/2641/1611 6692/2641/1611
f 6698/2641/1612 6701/2641/1612 6700/2641/1612 6697/2641/1612
f 6699/2641/1613 6702/2641/1613 6701/2641/1613 6698/2641/1613
f 6723/2641/1614 6726/2641/1614 6729/2641/1614 6728/2641/1614
f 6726/2641/1615 6727/2641/1615 6730/2641/1615 6729/2641/1615
f 6728/2641/1616 6729/2641/1616 6741/2641/1616 6738/2641/1616
f 6729/2641/1617 6730/2641/1617 6731/2641/1617 6741/2641/1617
f 6724/2641/1618 6732/2641/1618 6735/2641/1618 6734/2641/1618
f 6732/2641/1619 6733/2641/1619 6736/2641/1619 6735/2641/1619
f 6734/2641/1620 6735/2641/1620 6730/2641/1620 6727/2641/1620
f 6735/2641/1621 6736/2641/1621 6731/2641/1621 6730/2641/1621
f 6725/2641/1622 6737/2641/1622 6740/2641/1622 6739/2641/1622
f 6737/2641/1623 6738/2641/1623 6741/2641/1623 6740/2641/1623
f 6739/2641/1624 6740/2641/1624 6736/2641/1624 6733/2641/1624
f 6740/2641/1625 6741/2641/1625 6731/2641/1625 6736/2641/1625
f 6742/2641/1626 6745/2641/1626 6748/2641/1626 6747/2641/1626
f 6745/2641/1627 6746/2641/1627 6749/2641/1627 6748/2641/1627
f 6747/2641/1628 6748/2641/1628 6760/2641/1628 6757/2641/1628
f 6748/2641/1629 6749/2641/1629 6750/2641/1629 6760/2641/1629
f 6743/2641/1630 6751/2641/1630 6754/2641/1630 6753/2641/1630
f 6751/2641/1631 6752/2641/1631 6755/2641/1631 6754/2641/1631
f 6753/2641/1632 6754/2641/1632 6749/2641/1632 6746/2641/1632
f 6754/2641/1633 6755/2641/1633 6750/2641/1633 6749/2641/1633
f 6744/2641/1634 6756/2641/1634 6759/2641/1634 6758/2641/1634
f 6756/2641/1635 6757/2641/1635 6760/2641/1635 6759/2641/1635
f 6758/2641/1636 6759/2641/1636 6755/2641/1636 6752/2641/1636
f 6759/2641/1637 6760/2641/1637 6750/2641/1637 6755/2641/1637
f 6718/2641/1638 6709/2641/1638 6712/2641/1638 6720/2641/1638
f 6720/2641/1639 6712/2641/1639 6711/2641/1639 6721/2641/1639
f 6721/2641/1640 6711/2641/1640 6710/2641/1640 6722/2641/1640
f 6722/2641/1641 6710/2641/1641 6708/2641/1641 6719/2641/1641
f 6704/2641/1642 6714/2641/1642 6717/2641/1642 6707/2641/1642
f 6707/2641/1643 6717/2641/1643 6716/2641/1643 6706/2641/1643
f 6706/2641/1644 6716/2641/1644 6715/2641/1644 6705/2641/1644
f 6705/2641/1645 6715/2641/1645 6713/2641/1645 6703/2641/1645
f 6742/2641/1646 6723/2641/1646 6728/2641/1646 6745/2641/1646
f 6745/2641/1647 6728/2641/1647 6738/2641/1647 6746/2641/1647
f 6746/2641/1648 6738/2641/1648 6737/2641/1648 6753/2641/1648
f 6753/2641/1649 6737/2641/1649 6725/2641/1649 6743/2641/1649
f 6766/2641/1650 6744/2641/1650 6758/2641/1650 6768/2641/1650
f 6768/2641/1651 6758/2641/1651 6752/2641/1651 6769/2641/1651
f 6769/2641/1652 6752/2641/1652 6751/2641/1652 6770/2641/1652
f 6770/2641/1653 6751/2641/1653 6743/2641/1653 6767/2641/1653
f 6724/2641/1654 6762/2641/1654 6765/2641/1654 6732/2641/1654
f 6732/2641/1655 6765/2641/1655 6764/2641/1655 6733/2641/1655
f 6733/2641/1656 6764/2641/1656 6763/2641/1656 6739/2641/1656
f 6739/2641/1657 6763/2641/1657 6761/2641/1657 6725/2641/1657
f 6723/2641/1658 6704/2641/1658 6707/2641/1658 6726/2641/1658
f 6726/2641/1659 6707/2641/1659 6706/2641/1659 6727/2641/1659
f 6727/2641/1660 6706/2641/1660 6705/2641/1660 6734/2641/1660
f 6734/2641/1661 6705/2641/1661 6703/2641/1661 6724/2641/1661
f 6709/2641/1662 6742/2641/1662 6747/2641/1662 6712/2641/1662
f 6712/2641/1663 6747/2641/1663 6757/2641/1663 6711/2641/1663
f 6711/2641/1664 6757/2641/1664 6756/2641/1664 6710/2641/1664
f 6710/2641/1665 6756/2641/1665 6744/2641/1665 6708/2641/1665
f 6709/2641/1666 6704/2641/1666 6723/2641/1666 6742/2641/1666
